path,label,dataset
/Volumes/KIOXIA/voxdata/garystafford/real/garystafford_468.wav,0,garystafford
/Volumes/KIOXIA/voxdata/garystafford/real/garystafford_332.wav,0,garystafford
/Volumes/KIOXIA/voxdata/garystafford/real/garystafford_454.wav,0,garystafford
/Volumes/KIOXIA/voxdata/garystafford/real/garystafford_440.wav,0,garystafford
/Volumes/KIOXIA/voxdata/garystafford/real/garystafford_326.wav,0,garystafford
/Volumes/KIOXIA/voxdata/garystafford/real/garystafford_497.wav,0,garystafford
/Volumes/KIOXIA/voxdata/garystafford/real/garystafford_483.wav,0,garystafford
/Volumes/KIOXIA/voxdata/garystafford/real/garystafford_118.wav,0,garystafford
/Volumes/KIOXIA/voxdata/garystafford/real/garystafford_656.wav,0,garystafford
/Volumes/KIOXIA/voxdata/garystafford/real/garystafford_130.wav,0,garystafford
/Volumes/KIOXIA/voxdata/garystafford/real/garystafford_124.wav,0,garystafford
/Volumes/KIOXIA/voxdata/garystafford/real/garystafford_642.wav,0,garystafford
/Volumes/KIOXIA/voxdata/garystafford/real/garystafford_871.wav,0,garystafford
/Volumes/KIOXIA/voxdata/garystafford/real/garystafford_865.wav,0,garystafford
/Volumes/KIOXIA/voxdata/garystafford/real/garystafford_695.wav,0,garystafford
/Volumes/KIOXIA/voxdata/garystafford/real/garystafford_859.wav,0,garystafford
/Volumes/KIOXIA/voxdata/garystafford/real/garystafford_681.wav,0,garystafford
/Volumes/KIOXIA/voxdata/garystafford/real/garystafford_722.wav,0,garystafford
/Volumes/KIOXIA/voxdata/garystafford/real/garystafford_736.wav,0,garystafford
/Volumes/KIOXIA/voxdata/garystafford/real/garystafford_905.wav,0,garystafford
/Volumes/KIOXIA/voxdata/garystafford/real/garystafford_911.wav,0,garystafford
/Volumes/KIOXIA/voxdata/garystafford/real/garystafford_48.wav,0,garystafford
/Volumes/KIOXIA/voxdata/garystafford/real/garystafford_508.wav,0,garystafford
/Volumes/KIOXIA/voxdata/garystafford/real/garystafford_246.wav,0,garystafford
/Volumes/KIOXIA/voxdata/garystafford/real/garystafford_74.wav,0,garystafford
/Volumes/KIOXIA/voxdata/garystafford/real/garystafford_520.wav,0,garystafford
/Volumes/KIOXIA/voxdata/garystafford/real/garystafford_534.wav,0,garystafford
/Volumes/KIOXIA/voxdata/garystafford/real/garystafford_252.wav,0,garystafford
/Volumes/KIOXIA/voxdata/garystafford/real/garystafford_60.wav,0,garystafford
/Volumes/KIOXIA/voxdata/garystafford/real/garystafford_285.wav,0,garystafford
/Volumes/KIOXIA/voxdata/garystafford/real/garystafford_291.wav,0,garystafford
/Volumes/KIOXIA/voxdata/garystafford/real/garystafford_290.wav,0,garystafford
/Volumes/KIOXIA/voxdata/garystafford/real/garystafford_284.wav,0,garystafford
/Volumes/KIOXIA/voxdata/garystafford/real/garystafford_535.wav,0,garystafford
/Volumes/KIOXIA/voxdata/garystafford/real/garystafford_61.wav,0,garystafford
/Volumes/KIOXIA/voxdata/garystafford/real/garystafford_253.wav,0,garystafford
/Volumes/KIOXIA/voxdata/garystafford/real/garystafford_75.wav,0,garystafford
/Volumes/KIOXIA/voxdata/garystafford/real/garystafford_247.wav,0,garystafford
/Volumes/KIOXIA/voxdata/garystafford/real/garystafford_521.wav,0,garystafford
/Volumes/KIOXIA/voxdata/garystafford/real/garystafford_509.wav,0,garystafford
/Volumes/KIOXIA/voxdata/garystafford/real/garystafford_49.wav,0,garystafford
/Volumes/KIOXIA/voxdata/garystafford/real/garystafford_910.wav,0,garystafford
/Volumes/KIOXIA/voxdata/garystafford/real/garystafford_904.wav,0,garystafford
/Volumes/KIOXIA/voxdata/garystafford/real/garystafford_737.wav,0,garystafford
/Volumes/KIOXIA/voxdata/garystafford/real/garystafford_723.wav,0,garystafford
/Volumes/KIOXIA/voxdata/garystafford/real/garystafford_680.wav,0,garystafford
/Volumes/KIOXIA/voxdata/garystafford/real/garystafford_858.wav,0,garystafford
/Volumes/KIOXIA/voxdata/garystafford/real/garystafford_694.wav,0,garystafford
/Volumes/KIOXIA/voxdata/garystafford/real/garystafford_864.wav,0,garystafford
/Volumes/KIOXIA/voxdata/garystafford/real/garystafford_870.wav,0,garystafford
/Volumes/KIOXIA/voxdata/garystafford/real/garystafford_125.wav,0,garystafford
/Volumes/KIOXIA/voxdata/garystafford/real/garystafford_643.wav,0,garystafford
/Volumes/KIOXIA/voxdata/garystafford/real/garystafford_657.wav,0,garystafford
/Volumes/KIOXIA/voxdata/garystafford/real/garystafford_131.wav,0,garystafford
/Volumes/KIOXIA/voxdata/garystafford/real/garystafford_119.wav,0,garystafford
/Volumes/KIOXIA/voxdata/garystafford/real/garystafford_482.wav,0,garystafford
/Volumes/KIOXIA/voxdata/garystafford/real/garystafford_496.wav,0,garystafford
/Volumes/KIOXIA/voxdata/garystafford/real/garystafford_441.wav,0,garystafford
/Volumes/KIOXIA/voxdata/garystafford/real/garystafford_327.wav,0,garystafford
/Volumes/KIOXIA/voxdata/garystafford/real/garystafford_333.wav,0,garystafford
/Volumes/KIOXIA/voxdata/garystafford/real/garystafford_455.wav,0,garystafford
/Volumes/KIOXIA/voxdata/garystafford/real/garystafford_469.wav,0,garystafford
/Volumes/KIOXIA/voxdata/garystafford/real/garystafford_319.wav,0,garystafford
/Volumes/KIOXIA/voxdata/garystafford/real/garystafford_325.wav,0,garystafford
/Volumes/KIOXIA/voxdata/garystafford/real/garystafford_443.wav,0,garystafford
/Volumes/KIOXIA/voxdata/garystafford/real/garystafford_457.wav,0,garystafford
/Volumes/KIOXIA/voxdata/garystafford/real/garystafford_331.wav,0,garystafford
/Volumes/KIOXIA/voxdata/garystafford/real/garystafford_480.wav,0,garystafford
/Volumes/KIOXIA/voxdata/garystafford/real/garystafford_494.wav,0,garystafford
/Volumes/KIOXIA/voxdata/garystafford/real/garystafford_669.wav,0,garystafford
/Volumes/KIOXIA/voxdata/garystafford/real/garystafford_641.wav,0,garystafford
/Volumes/KIOXIA/voxdata/garystafford/real/garystafford_899.wav,0,garystafford
/Volumes/KIOXIA/voxdata/garystafford/real/garystafford_127.wav,0,garystafford
/Volumes/KIOXIA/voxdata/garystafford/real/garystafford_133.wav,0,garystafford
/Volumes/KIOXIA/voxdata/garystafford/real/garystafford_655.wav,0,garystafford
/Volumes/KIOXIA/voxdata/garystafford/real/garystafford_866.wav,0,garystafford
/Volumes/KIOXIA/voxdata/garystafford/real/garystafford_872.wav,0,garystafford
/Volumes/KIOXIA/voxdata/garystafford/real/garystafford_682.wav,0,garystafford
/Volumes/KIOXIA/voxdata/garystafford/real/garystafford_696.wav,0,garystafford
/Volumes/KIOXIA/voxdata/garystafford/real/garystafford_709.wav,0,garystafford
/Volumes/KIOXIA/voxdata/garystafford/real/garystafford_735.wav,0,garystafford
/Volumes/KIOXIA/voxdata/garystafford/real/garystafford_721.wav,0,garystafford
/Volumes/KIOXIA/voxdata/garystafford/real/garystafford_912.wav,0,garystafford
/Volumes/KIOXIA/voxdata/garystafford/real/garystafford_906.wav,0,garystafford
/Volumes/KIOXIA/voxdata/garystafford/real/garystafford_279.wav,0,garystafford
/Volumes/KIOXIA/voxdata/garystafford/real/garystafford_251.wav,0,garystafford
/Volumes/KIOXIA/voxdata/garystafford/real/garystafford_63.wav,0,garystafford
/Volumes/KIOXIA/voxdata/garystafford/real/garystafford_537.wav,0,garystafford
/Volumes/KIOXIA/voxdata/garystafford/real/garystafford_523.wav,0,garystafford
/Volumes/KIOXIA/voxdata/garystafford/real/garystafford_245.wav,0,garystafford
/Volumes/KIOXIA/voxdata/garystafford/real/garystafford_77.wav,0,garystafford
/Volumes/KIOXIA/voxdata/garystafford/real/garystafford_88.wav,0,garystafford
/Volumes/KIOXIA/voxdata/garystafford/real/garystafford_292.wav,0,garystafford
/Volumes/KIOXIA/voxdata/garystafford/real/garystafford_286.wav,0,garystafford
/Volumes/KIOXIA/voxdata/garystafford/real/garystafford_287.wav,0,garystafford
/Volumes/KIOXIA/voxdata/garystafford/real/garystafford_293.wav,0,garystafford
/Volumes/KIOXIA/voxdata/garystafford/real/garystafford_89.wav,0,garystafford
/Volumes/KIOXIA/voxdata/garystafford/real/garystafford_522.wav,0,garystafford
/Volumes/KIOXIA/voxdata/garystafford/real/garystafford_76.wav,0,garystafford
/Volumes/KIOXIA/voxdata/garystafford/real/garystafford_244.wav,0,garystafford
/Volumes/KIOXIA/voxdata/garystafford/real/garystafford_62.wav,0,garystafford
/Volumes/KIOXIA/voxdata/garystafford/real/garystafford_250.wav,0,garystafford
/Volumes/KIOXIA/voxdata/garystafford/real/garystafford_536.wav,0,garystafford
/Volumes/KIOXIA/voxdata/garystafford/real/garystafford_278.wav,0,garystafford
/Volumes/KIOXIA/voxdata/garystafford/real/garystafford_907.wav,0,garystafford
/Volumes/KIOXIA/voxdata/garystafford/real/garystafford_913.wav,0,garystafford
/Volumes/KIOXIA/voxdata/garystafford/real/garystafford_720.wav,0,garystafford
/Volumes/KIOXIA/voxdata/garystafford/real/garystafford_734.wav,0,garystafford
/Volumes/KIOXIA/voxdata/garystafford/real/garystafford_708.wav,0,garystafford
/Volumes/KIOXIA/voxdata/garystafford/real/garystafford_697.wav,0,garystafford
/Volumes/KIOXIA/voxdata/garystafford/real/garystafford_683.wav,0,garystafford
/Volumes/KIOXIA/voxdata/garystafford/real/garystafford_873.wav,0,garystafford
/Volumes/KIOXIA/voxdata/garystafford/real/garystafford_867.wav,0,garystafford
/Volumes/KIOXIA/voxdata/garystafford/real/garystafford_132.wav,0,garystafford
/Volumes/KIOXIA/voxdata/garystafford/real/garystafford_654.wav,0,garystafford
/Volumes/KIOXIA/voxdata/garystafford/real/garystafford_898.wav,0,garystafford
/Volumes/KIOXIA/voxdata/garystafford/real/garystafford_640.wav,0,garystafford
/Volumes/KIOXIA/voxdata/garystafford/real/garystafford_126.wav,0,garystafford
/Volumes/KIOXIA/voxdata/garystafford/real/garystafford_668.wav,0,garystafford
/Volumes/KIOXIA/voxdata/garystafford/real/garystafford_495.wav,0,garystafford
/Volumes/KIOXIA/voxdata/garystafford/real/garystafford_481.wav,0,garystafford
/Volumes/KIOXIA/voxdata/garystafford/real/garystafford_456.wav,0,garystafford
/Volumes/KIOXIA/voxdata/garystafford/real/garystafford_330.wav,0,garystafford
/Volumes/KIOXIA/voxdata/garystafford/real/garystafford_324.wav,0,garystafford
/Volumes/KIOXIA/voxdata/garystafford/real/garystafford_442.wav,0,garystafford
/Volumes/KIOXIA/voxdata/garystafford/real/garystafford_318.wav,0,garystafford
/Volumes/KIOXIA/voxdata/garystafford/real/garystafford_446.wav,0,garystafford
/Volumes/KIOXIA/voxdata/garystafford/real/garystafford_320.wav,0,garystafford
/Volumes/KIOXIA/voxdata/garystafford/real/garystafford_334.wav,0,garystafford
/Volumes/KIOXIA/voxdata/garystafford/real/garystafford_452.wav,0,garystafford
/Volumes/KIOXIA/voxdata/garystafford/real/garystafford_308.wav,0,garystafford
/Volumes/KIOXIA/voxdata/garystafford/real/garystafford_485.wav,0,garystafford
/Volumes/KIOXIA/voxdata/garystafford/real/garystafford_491.wav,0,garystafford
/Volumes/KIOXIA/voxdata/garystafford/real/garystafford_122.wav,0,garystafford
/Volumes/KIOXIA/voxdata/garystafford/real/garystafford_644.wav,0,garystafford
/Volumes/KIOXIA/voxdata/garystafford/real/garystafford_650.wav,0,garystafford
/Volumes/KIOXIA/voxdata/garystafford/real/garystafford_888.wav,0,garystafford
/Volumes/KIOXIA/voxdata/garystafford/real/garystafford_136.wav,0,garystafford
/Volumes/KIOXIA/voxdata/garystafford/real/garystafford_678.wav,0,garystafford
/Volumes/KIOXIA/voxdata/garystafford/real/garystafford_687.wav,0,garystafford
/Volumes/KIOXIA/voxdata/garystafford/real/garystafford_693.wav,0,garystafford
/Volumes/KIOXIA/voxdata/garystafford/real/garystafford_863.wav,0,garystafford
/Volumes/KIOXIA/voxdata/garystafford/real/garystafford_877.wav,0,garystafford
/Volumes/KIOXIA/voxdata/garystafford/real/garystafford_730.wav,0,garystafford
/Volumes/KIOXIA/voxdata/garystafford/real/garystafford_724.wav,0,garystafford
/Volumes/KIOXIA/voxdata/garystafford/real/garystafford_718.wav,0,garystafford
/Volumes/KIOXIA/voxdata/garystafford/real/garystafford_917.wav,0,garystafford
/Volumes/KIOXIA/voxdata/garystafford/real/garystafford_903.wav,0,garystafford
/Volumes/KIOXIA/voxdata/garystafford/real/garystafford_532.wav,0,garystafford
/Volumes/KIOXIA/voxdata/garystafford/real/garystafford_66.wav,0,garystafford
/Volumes/KIOXIA/voxdata/garystafford/real/garystafford_254.wav,0,garystafford
/Volumes/KIOXIA/voxdata/garystafford/real/garystafford_72.wav,0,garystafford
/Volumes/KIOXIA/voxdata/garystafford/real/garystafford_240.wav,0,garystafford
/Volumes/KIOXIA/voxdata/garystafford/real/garystafford_526.wav,0,garystafford
/Volumes/KIOXIA/voxdata/garystafford/real/garystafford_268.wav,0,garystafford
/Volumes/KIOXIA/voxdata/garystafford/real/garystafford_297.wav,0,garystafford
/Volumes/KIOXIA/voxdata/garystafford/real/garystafford_283.wav,0,garystafford
/Volumes/KIOXIA/voxdata/garystafford/real/garystafford_99.wav,0,garystafford
/Volumes/KIOXIA/voxdata/garystafford/real/garystafford_98.wav,0,garystafford
/Volumes/KIOXIA/voxdata/garystafford/real/garystafford_282.wav,0,garystafford
/Volumes/KIOXIA/voxdata/garystafford/real/garystafford_296.wav,0,garystafford
/Volumes/KIOXIA/voxdata/garystafford/real/garystafford_269.wav,0,garystafford
/Volumes/KIOXIA/voxdata/garystafford/real/garystafford_241.wav,0,garystafford
/Volumes/KIOXIA/voxdata/garystafford/real/garystafford_73.wav,0,garystafford
/Volumes/KIOXIA/voxdata/garystafford/real/garystafford_527.wav,0,garystafford
/Volumes/KIOXIA/voxdata/garystafford/real/garystafford_533.wav,0,garystafford
/Volumes/KIOXIA/voxdata/garystafford/real/garystafford_255.wav,0,garystafford
/Volumes/KIOXIA/voxdata/garystafford/real/garystafford_67.wav,0,garystafford
/Volumes/KIOXIA/voxdata/garystafford/real/garystafford_902.wav,0,garystafford
/Volumes/KIOXIA/voxdata/garystafford/real/garystafford_916.wav,0,garystafford
/Volumes/KIOXIA/voxdata/garystafford/real/garystafford_719.wav,0,garystafford
/Volumes/KIOXIA/voxdata/garystafford/real/garystafford_725.wav,0,garystafford
/Volumes/KIOXIA/voxdata/garystafford/real/garystafford_731.wav,0,garystafford
/Volumes/KIOXIA/voxdata/garystafford/real/garystafford_876.wav,0,garystafford
/Volumes/KIOXIA/voxdata/garystafford/real/garystafford_862.wav,0,garystafford
/Volumes/KIOXIA/voxdata/garystafford/real/garystafford_692.wav,0,garystafford
/Volumes/KIOXIA/voxdata/garystafford/real/garystafford_686.wav,0,garystafford
/Volumes/KIOXIA/voxdata/garystafford/real/garystafford_679.wav,0,garystafford
/Volumes/KIOXIA/voxdata/garystafford/real/garystafford_889.wav,0,garystafford
/Volumes/KIOXIA/voxdata/garystafford/real/garystafford_651.wav,0,garystafford
/Volumes/KIOXIA/voxdata/garystafford/real/garystafford_137.wav,0,garystafford
/Volumes/KIOXIA/voxdata/garystafford/real/garystafford_123.wav,0,garystafford
/Volumes/KIOXIA/voxdata/garystafford/real/garystafford_645.wav,0,garystafford
/Volumes/KIOXIA/voxdata/garystafford/real/garystafford_490.wav,0,garystafford
/Volumes/KIOXIA/voxdata/garystafford/real/garystafford_484.wav,0,garystafford
/Volumes/KIOXIA/voxdata/garystafford/real/garystafford_309.wav,0,garystafford
/Volumes/KIOXIA/voxdata/garystafford/real/garystafford_335.wav,0,garystafford
/Volumes/KIOXIA/voxdata/garystafford/real/garystafford_453.wav,0,garystafford
/Volumes/KIOXIA/voxdata/garystafford/real/garystafford_447.wav,0,garystafford
/Volumes/KIOXIA/voxdata/garystafford/real/garystafford_321.wav,0,garystafford
/Volumes/KIOXIA/voxdata/garystafford/real/garystafford_451.wav,0,garystafford
/Volumes/KIOXIA/voxdata/garystafford/real/garystafford_337.wav,0,garystafford
/Volumes/KIOXIA/voxdata/garystafford/real/garystafford_323.wav,0,garystafford
/Volumes/KIOXIA/voxdata/garystafford/real/garystafford_445.wav,0,garystafford
/Volumes/KIOXIA/voxdata/garystafford/real/garystafford_479.wav,0,garystafford
/Volumes/KIOXIA/voxdata/garystafford/real/garystafford_492.wav,0,garystafford
/Volumes/KIOXIA/voxdata/garystafford/real/garystafford_486.wav,0,garystafford
/Volumes/KIOXIA/voxdata/garystafford/real/garystafford_135.wav,0,garystafford
/Volumes/KIOXIA/voxdata/garystafford/real/garystafford_653.wav,0,garystafford
/Volumes/KIOXIA/voxdata/garystafford/real/garystafford_647.wav,0,garystafford
/Volumes/KIOXIA/voxdata/garystafford/real/garystafford_121.wav,0,garystafford
/Volumes/KIOXIA/voxdata/garystafford/real/garystafford_109.wav,0,garystafford
/Volumes/KIOXIA/voxdata/garystafford/real/garystafford_848.wav,0,garystafford
/Volumes/KIOXIA/voxdata/garystafford/real/garystafford_690.wav,0,garystafford
/Volumes/KIOXIA/voxdata/garystafford/real/garystafford_684.wav,0,garystafford
/Volumes/KIOXIA/voxdata/garystafford/real/garystafford_874.wav,0,garystafford
/Volumes/KIOXIA/voxdata/garystafford/real/garystafford_860.wav,0,garystafford
/Volumes/KIOXIA/voxdata/garystafford/real/garystafford_727.wav,0,garystafford
/Volumes/KIOXIA/voxdata/garystafford/real/garystafford_733.wav,0,garystafford
/Volumes/KIOXIA/voxdata/garystafford/real/garystafford_928.wav,0,garystafford
/Volumes/KIOXIA/voxdata/garystafford/real/garystafford_900.wav,0,garystafford
/Volumes/KIOXIA/voxdata/garystafford/real/garystafford_914.wav,0,garystafford
/Volumes/KIOXIA/voxdata/garystafford/real/garystafford_525.wav,0,garystafford
/Volumes/KIOXIA/voxdata/garystafford/real/garystafford_71.wav,0,garystafford
/Volumes/KIOXIA/voxdata/garystafford/real/garystafford_243.wav,0,garystafford
/Volumes/KIOXIA/voxdata/garystafford/real/garystafford_65.wav,0,garystafford
/Volumes/KIOXIA/voxdata/garystafford/real/garystafford_257.wav,0,garystafford
/Volumes/KIOXIA/voxdata/garystafford/real/garystafford_531.wav,0,garystafford
/Volumes/KIOXIA/voxdata/garystafford/real/garystafford_519.wav,0,garystafford
/Volumes/KIOXIA/voxdata/garystafford/real/garystafford_59.wav,0,garystafford
/Volumes/KIOXIA/voxdata/garystafford/real/garystafford_280.wav,0,garystafford
/Volumes/KIOXIA/voxdata/garystafford/real/garystafford_294.wav,0,garystafford
/Volumes/KIOXIA/voxdata/garystafford/real/garystafford_295.wav,0,garystafford
/Volumes/KIOXIA/voxdata/garystafford/real/garystafford_281.wav,0,garystafford
/Volumes/KIOXIA/voxdata/garystafford/real/garystafford_58.wav,0,garystafford
/Volumes/KIOXIA/voxdata/garystafford/real/garystafford_518.wav,0,garystafford
/Volumes/KIOXIA/voxdata/garystafford/real/garystafford_256.wav,0,garystafford
/Volumes/KIOXIA/voxdata/garystafford/real/garystafford_64.wav,0,garystafford
/Volumes/KIOXIA/voxdata/garystafford/real/garystafford_530.wav,0,garystafford
/Volumes/KIOXIA/voxdata/garystafford/real/garystafford_524.wav,0,garystafford
/Volumes/KIOXIA/voxdata/garystafford/real/garystafford_242.wav,0,garystafford
/Volumes/KIOXIA/voxdata/garystafford/real/garystafford_70.wav,0,garystafford
/Volumes/KIOXIA/voxdata/garystafford/real/garystafford_915.wav,0,garystafford
/Volumes/KIOXIA/voxdata/garystafford/real/garystafford_901.wav,0,garystafford
/Volumes/KIOXIA/voxdata/garystafford/real/garystafford_929.wav,0,garystafford
/Volumes/KIOXIA/voxdata/garystafford/real/garystafford_732.wav,0,garystafford
/Volumes/KIOXIA/voxdata/garystafford/real/garystafford_726.wav,0,garystafford
/Volumes/KIOXIA/voxdata/garystafford/real/garystafford_861.wav,0,garystafford
/Volumes/KIOXIA/voxdata/garystafford/real/garystafford_875.wav,0,garystafford
/Volumes/KIOXIA/voxdata/garystafford/real/garystafford_685.wav,0,garystafford
/Volumes/KIOXIA/voxdata/garystafford/real/garystafford_691.wav,0,garystafford
/Volumes/KIOXIA/voxdata/garystafford/real/garystafford_849.wav,0,garystafford
/Volumes/KIOXIA/voxdata/garystafford/real/garystafford_108.wav,0,garystafford
/Volumes/KIOXIA/voxdata/garystafford/real/garystafford_646.wav,0,garystafford
/Volumes/KIOXIA/voxdata/garystafford/real/garystafford_120.wav,0,garystafford
/Volumes/KIOXIA/voxdata/garystafford/real/garystafford_134.wav,0,garystafford
/Volumes/KIOXIA/voxdata/garystafford/real/garystafford_652.wav,0,garystafford
/Volumes/KIOXIA/voxdata/garystafford/real/garystafford_487.wav,0,garystafford
/Volumes/KIOXIA/voxdata/garystafford/real/garystafford_493.wav,0,garystafford
/Volumes/KIOXIA/voxdata/garystafford/real/garystafford_478.wav,0,garystafford
/Volumes/KIOXIA/voxdata/garystafford/real/garystafford_322.wav,0,garystafford
/Volumes/KIOXIA/voxdata/garystafford/real/garystafford_444.wav,0,garystafford
/Volumes/KIOXIA/voxdata/garystafford/real/garystafford_450.wav,0,garystafford
/Volumes/KIOXIA/voxdata/garystafford/real/garystafford_336.wav,0,garystafford
/Volumes/KIOXIA/voxdata/garystafford/real/garystafford_379.wav,0,garystafford
/Volumes/KIOXIA/voxdata/garystafford/real/garystafford_437.wav,0,garystafford
/Volumes/KIOXIA/voxdata/garystafford/real/garystafford_351.wav,0,garystafford
/Volumes/KIOXIA/voxdata/garystafford/real/garystafford_345.wav,0,garystafford
/Volumes/KIOXIA/voxdata/garystafford/real/garystafford_423.wav,0,garystafford
/Volumes/KIOXIA/voxdata/garystafford/real/garystafford_392.wav,0,garystafford
/Volumes/KIOXIA/voxdata/garystafford/real/garystafford_386.wav,0,garystafford
/Volumes/KIOXIA/voxdata/garystafford/real/garystafford_609.wav,0,garystafford
/Volumes/KIOXIA/voxdata/garystafford/real/garystafford_153.wav,0,garystafford
/Volumes/KIOXIA/voxdata/garystafford/real/garystafford_6.wav,0,garystafford
/Volumes/KIOXIA/voxdata/garystafford/real/garystafford_635.wav,0,garystafford
/Volumes/KIOXIA/voxdata/garystafford/real/garystafford_621.wav,0,garystafford
/Volumes/KIOXIA/voxdata/garystafford/real/garystafford_147.wav,0,garystafford
/Volumes/KIOXIA/voxdata/garystafford/real/garystafford_812.wav,0,garystafford
/Volumes/KIOXIA/voxdata/garystafford/real/garystafford_806.wav,0,garystafford
/Volumes/KIOXIA/voxdata/garystafford/real/garystafford_190.wav,0,garystafford
/Volumes/KIOXIA/voxdata/garystafford/real/garystafford_184.wav,0,garystafford
/Volumes/KIOXIA/voxdata/garystafford/real/garystafford_769.wav,0,garystafford
/Volumes/KIOXIA/voxdata/garystafford/real/garystafford_741.wav,0,garystafford
/Volumes/KIOXIA/voxdata/garystafford/real/garystafford_755.wav,0,garystafford
/Volumes/KIOXIA/voxdata/garystafford/real/garystafford_782.wav,0,garystafford
/Volumes/KIOXIA/voxdata/garystafford/real/garystafford_796.wav,0,garystafford
/Volumes/KIOXIA/voxdata/garystafford/real/garystafford_219.wav,0,garystafford
/Volumes/KIOXIA/voxdata/garystafford/real/garystafford_543.wav,0,garystafford
/Volumes/KIOXIA/voxdata/garystafford/real/garystafford_225.wav,0,garystafford
/Volumes/KIOXIA/voxdata/garystafford/real/garystafford_17.wav,0,garystafford
/Volumes/KIOXIA/voxdata/garystafford/real/garystafford_231.wav,0,garystafford
/Volumes/KIOXIA/voxdata/garystafford/real/garystafford_557.wav,0,garystafford
/Volumes/KIOXIA/voxdata/garystafford/real/garystafford_580.wav,0,garystafford
/Volumes/KIOXIA/voxdata/garystafford/real/garystafford_594.wav,0,garystafford
/Volumes/KIOXIA/voxdata/garystafford/real/garystafford_595.wav,0,garystafford
/Volumes/KIOXIA/voxdata/garystafford/real/garystafford_581.wav,0,garystafford
/Volumes/KIOXIA/voxdata/garystafford/real/garystafford_230.wav,0,garystafford
/Volumes/KIOXIA/voxdata/garystafford/real/garystafford_556.wav,0,garystafford
/Volumes/KIOXIA/voxdata/garystafford/real/garystafford_542.wav,0,garystafford
/Volumes/KIOXIA/voxdata/garystafford/real/garystafford_16.wav,0,garystafford
/Volumes/KIOXIA/voxdata/garystafford/real/garystafford_224.wav,0,garystafford
/Volumes/KIOXIA/voxdata/garystafford/real/garystafford_218.wav,0,garystafford
/Volumes/KIOXIA/voxdata/garystafford/real/garystafford_797.wav,0,garystafford
/Volumes/KIOXIA/voxdata/garystafford/real/garystafford_783.wav,0,garystafford
/Volumes/KIOXIA/voxdata/garystafford/real/garystafford_754.wav,0,garystafford
/Volumes/KIOXIA/voxdata/garystafford/real/garystafford_740.wav,0,garystafford
/Volumes/KIOXIA/voxdata/garystafford/real/garystafford_768.wav,0,garystafford
/Volumes/KIOXIA/voxdata/garystafford/real/garystafford_185.wav,0,garystafford
/Volumes/KIOXIA/voxdata/garystafford/real/garystafford_191.wav,0,garystafford
/Volumes/KIOXIA/voxdata/garystafford/real/garystafford_807.wav,0,garystafford
/Volumes/KIOXIA/voxdata/garystafford/real/garystafford_813.wav,0,garystafford
/Volumes/KIOXIA/voxdata/garystafford/real/garystafford_620.wav,0,garystafford
/Volumes/KIOXIA/voxdata/garystafford/real/garystafford_146.wav,0,garystafford
/Volumes/KIOXIA/voxdata/garystafford/real/garystafford_152.wav,0,garystafford
/Volumes/KIOXIA/voxdata/garystafford/real/garystafford_7.wav,0,garystafford
/Volumes/KIOXIA/voxdata/garystafford/real/garystafford_634.wav,0,garystafford
/Volumes/KIOXIA/voxdata/garystafford/real/garystafford_608.wav,0,garystafford
/Volumes/KIOXIA/voxdata/garystafford/real/garystafford_387.wav,0,garystafford
/Volumes/KIOXIA/voxdata/garystafford/real/garystafford_393.wav,0,garystafford
/Volumes/KIOXIA/voxdata/garystafford/real/garystafford_344.wav,0,garystafford
/Volumes/KIOXIA/voxdata/garystafford/real/garystafford_422.wav,0,garystafford
/Volumes/KIOXIA/voxdata/garystafford/real/garystafford_436.wav,0,garystafford
/Volumes/KIOXIA/voxdata/garystafford/real/garystafford_350.wav,0,garystafford
/Volumes/KIOXIA/voxdata/garystafford/real/garystafford_378.wav,0,garystafford
/Volumes/KIOXIA/voxdata/garystafford/real/garystafford_408.wav,0,garystafford
/Volumes/KIOXIA/voxdata/garystafford/real/garystafford_420.wav,0,garystafford
/Volumes/KIOXIA/voxdata/garystafford/real/garystafford_346.wav,0,garystafford
/Volumes/KIOXIA/voxdata/garystafford/real/garystafford_352.wav,0,garystafford
/Volumes/KIOXIA/voxdata/garystafford/real/garystafford_434.wav,0,garystafford
/Volumes/KIOXIA/voxdata/garystafford/real/garystafford_385.wav,0,garystafford
/Volumes/KIOXIA/voxdata/garystafford/real/garystafford_391.wav,0,garystafford
/Volumes/KIOXIA/voxdata/garystafford/real/garystafford_178.wav,0,garystafford
/Volumes/KIOXIA/voxdata/garystafford/real/garystafford_144.wav,0,garystafford
/Volumes/KIOXIA/voxdata/garystafford/real/garystafford_622.wav,0,garystafford
/Volumes/KIOXIA/voxdata/garystafford/real/garystafford_636.wav,0,garystafford
/Volumes/KIOXIA/voxdata/garystafford/real/garystafford_5.wav,0,garystafford
/Volumes/KIOXIA/voxdata/garystafford/real/garystafford_150.wav,0,garystafford
/Volumes/KIOXIA/voxdata/garystafford/real/garystafford_805.wav,0,garystafford
/Volumes/KIOXIA/voxdata/garystafford/real/garystafford_811.wav,0,garystafford
/Volumes/KIOXIA/voxdata/garystafford/real/garystafford_187.wav,0,garystafford
/Volumes/KIOXIA/voxdata/garystafford/real/garystafford_839.wav,0,garystafford
/Volumes/KIOXIA/voxdata/garystafford/real/garystafford_193.wav,0,garystafford
/Volumes/KIOXIA/voxdata/garystafford/real/garystafford_756.wav,0,garystafford
/Volumes/KIOXIA/voxdata/garystafford/real/garystafford_742.wav,0,garystafford
/Volumes/KIOXIA/voxdata/garystafford/real/garystafford_795.wav,0,garystafford
/Volumes/KIOXIA/voxdata/garystafford/real/garystafford_781.wav,0,garystafford
/Volumes/KIOXIA/voxdata/garystafford/real/garystafford_568.wav,0,garystafford
/Volumes/KIOXIA/voxdata/garystafford/real/garystafford_28.wav,0,garystafford
/Volumes/KIOXIA/voxdata/garystafford/real/garystafford_554.wav,0,garystafford
/Volumes/KIOXIA/voxdata/garystafford/real/garystafford_232.wav,0,garystafford
/Volumes/KIOXIA/voxdata/garystafford/real/garystafford_226.wav,0,garystafford
/Volumes/KIOXIA/voxdata/garystafford/real/garystafford_14.wav,0,garystafford
/Volumes/KIOXIA/voxdata/garystafford/real/garystafford_540.wav,0,garystafford
/Volumes/KIOXIA/voxdata/garystafford/real/garystafford_597.wav,0,garystafford
/Volumes/KIOXIA/voxdata/garystafford/real/garystafford_583.wav,0,garystafford
/Volumes/KIOXIA/voxdata/garystafford/real/garystafford_582.wav,0,garystafford
/Volumes/KIOXIA/voxdata/garystafford/real/garystafford_596.wav,0,garystafford
/Volumes/KIOXIA/voxdata/garystafford/real/garystafford_15.wav,0,garystafford
/Volumes/KIOXIA/voxdata/garystafford/real/garystafford_227.wav,0,garystafford
/Volumes/KIOXIA/voxdata/garystafford/real/garystafford_541.wav,0,garystafford
/Volumes/KIOXIA/voxdata/garystafford/real/garystafford_555.wav,0,garystafford
/Volumes/KIOXIA/voxdata/garystafford/real/garystafford_233.wav,0,garystafford
/Volumes/KIOXIA/voxdata/garystafford/real/garystafford_29.wav,0,garystafford
/Volumes/KIOXIA/voxdata/garystafford/real/garystafford_569.wav,0,garystafford
/Volumes/KIOXIA/voxdata/garystafford/real/garystafford_780.wav,0,garystafford
/Volumes/KIOXIA/voxdata/garystafford/real/garystafford_794.wav,0,garystafford
/Volumes/KIOXIA/voxdata/garystafford/real/garystafford_743.wav,0,garystafford
/Volumes/KIOXIA/voxdata/garystafford/real/garystafford_757.wav,0,garystafford
/Volumes/KIOXIA/voxdata/garystafford/real/garystafford_192.wav,0,garystafford
/Volumes/KIOXIA/voxdata/garystafford/real/garystafford_186.wav,0,garystafford
/Volumes/KIOXIA/voxdata/garystafford/real/garystafford_838.wav,0,garystafford
/Volumes/KIOXIA/voxdata/garystafford/real/garystafford_810.wav,0,garystafford
/Volumes/KIOXIA/voxdata/garystafford/real/garystafford_804.wav,0,garystafford
/Volumes/KIOXIA/voxdata/garystafford/real/garystafford_637.wav,0,garystafford
/Volumes/KIOXIA/voxdata/garystafford/real/garystafford_4.wav,0,garystafford
/Volumes/KIOXIA/voxdata/garystafford/real/garystafford_151.wav,0,garystafford
/Volumes/KIOXIA/voxdata/garystafford/real/garystafford_145.wav,0,garystafford
/Volumes/KIOXIA/voxdata/garystafford/real/garystafford_623.wav,0,garystafford
/Volumes/KIOXIA/voxdata/garystafford/real/garystafford_179.wav,0,garystafford
/Volumes/KIOXIA/voxdata/garystafford/real/garystafford_390.wav,0,garystafford
/Volumes/KIOXIA/voxdata/garystafford/real/garystafford_384.wav,0,garystafford
/Volumes/KIOXIA/voxdata/garystafford/real/garystafford_353.wav,0,garystafford
/Volumes/KIOXIA/voxdata/garystafford/real/garystafford_435.wav,0,garystafford
/Volumes/KIOXIA/voxdata/garystafford/real/garystafford_421.wav,0,garystafford
/Volumes/KIOXIA/voxdata/garystafford/real/garystafford_347.wav,0,garystafford
/Volumes/KIOXIA/voxdata/garystafford/real/garystafford_409.wav,0,garystafford
/Volumes/KIOXIA/voxdata/garystafford/real/garystafford_343.wav,0,garystafford
/Volumes/KIOXIA/voxdata/garystafford/real/garystafford_425.wav,0,garystafford
/Volumes/KIOXIA/voxdata/garystafford/real/garystafford_431.wav,0,garystafford
/Volumes/KIOXIA/voxdata/garystafford/real/garystafford_357.wav,0,garystafford
/Volumes/KIOXIA/voxdata/garystafford/real/garystafford_419.wav,0,garystafford
/Volumes/KIOXIA/voxdata/garystafford/real/garystafford_380.wav,0,garystafford
/Volumes/KIOXIA/voxdata/garystafford/real/garystafford_394.wav,0,garystafford
/Volumes/KIOXIA/voxdata/garystafford/real/garystafford_627.wav,0,garystafford
/Volumes/KIOXIA/voxdata/garystafford/real/garystafford_141.wav,0,garystafford
/Volumes/KIOXIA/voxdata/garystafford/real/garystafford_155.wav,0,garystafford
/Volumes/KIOXIA/voxdata/garystafford/real/garystafford_0.wav,0,garystafford
/Volumes/KIOXIA/voxdata/garystafford/real/garystafford_633.wav,0,garystafford
/Volumes/KIOXIA/voxdata/garystafford/real/garystafford_169.wav,0,garystafford
/Volumes/KIOXIA/voxdata/garystafford/real/garystafford_182.wav,0,garystafford
/Volumes/KIOXIA/voxdata/garystafford/real/garystafford_196.wav,0,garystafford
/Volumes/KIOXIA/voxdata/garystafford/real/garystafford_828.wav,0,garystafford
/Volumes/KIOXIA/voxdata/garystafford/real/garystafford_800.wav,0,garystafford
/Volumes/KIOXIA/voxdata/garystafford/real/garystafford_814.wav,0,garystafford
/Volumes/KIOXIA/voxdata/garystafford/real/garystafford_753.wav,0,garystafford
/Volumes/KIOXIA/voxdata/garystafford/real/garystafford_747.wav,0,garystafford
/Volumes/KIOXIA/voxdata/garystafford/real/garystafford_790.wav,0,garystafford
/Volumes/KIOXIA/voxdata/garystafford/real/garystafford_784.wav,0,garystafford
/Volumes/KIOXIA/voxdata/garystafford/real/garystafford_237.wav,0,garystafford
/Volumes/KIOXIA/voxdata/garystafford/real/garystafford_551.wav,0,garystafford
/Volumes/KIOXIA/voxdata/garystafford/real/garystafford_545.wav,0,garystafford
/Volumes/KIOXIA/voxdata/garystafford/real/garystafford_11.wav,0,garystafford
/Volumes/KIOXIA/voxdata/garystafford/real/garystafford_223.wav,0,garystafford
/Volumes/KIOXIA/voxdata/garystafford/real/garystafford_39.wav,0,garystafford
/Volumes/KIOXIA/voxdata/garystafford/real/garystafford_579.wav,0,garystafford
/Volumes/KIOXIA/voxdata/garystafford/real/garystafford_592.wav,0,garystafford
/Volumes/KIOXIA/voxdata/garystafford/real/garystafford_586.wav,0,garystafford
/Volumes/KIOXIA/voxdata/garystafford/real/garystafford_587.wav,0,garystafford
/Volumes/KIOXIA/voxdata/garystafford/real/garystafford_593.wav,0,garystafford
/Volumes/KIOXIA/voxdata/garystafford/real/garystafford_578.wav,0,garystafford
/Volumes/KIOXIA/voxdata/garystafford/real/garystafford_38.wav,0,garystafford
/Volumes/KIOXIA/voxdata/garystafford/real/garystafford_544.wav,0,garystafford
/Volumes/KIOXIA/voxdata/garystafford/real/garystafford_222.wav,0,garystafford
/Volumes/KIOXIA/voxdata/garystafford/real/garystafford_10.wav,0,garystafford
/Volumes/KIOXIA/voxdata/garystafford/real/garystafford_236.wav,0,garystafford
/Volumes/KIOXIA/voxdata/garystafford/real/garystafford_550.wav,0,garystafford
/Volumes/KIOXIA/voxdata/garystafford/real/garystafford_785.wav,0,garystafford
/Volumes/KIOXIA/voxdata/garystafford/real/garystafford_791.wav,0,garystafford
/Volumes/KIOXIA/voxdata/garystafford/real/garystafford_746.wav,0,garystafford
/Volumes/KIOXIA/voxdata/garystafford/real/garystafford_752.wav,0,garystafford
/Volumes/KIOXIA/voxdata/garystafford/real/garystafford_815.wav,0,garystafford
/Volumes/KIOXIA/voxdata/garystafford/real/garystafford_801.wav,0,garystafford
/Volumes/KIOXIA/voxdata/garystafford/real/garystafford_197.wav,0,garystafford
/Volumes/KIOXIA/voxdata/garystafford/real/garystafford_829.wav,0,garystafford
/Volumes/KIOXIA/voxdata/garystafford/real/garystafford_183.wav,0,garystafford
/Volumes/KIOXIA/voxdata/garystafford/real/garystafford_168.wav,0,garystafford
/Volumes/KIOXIA/voxdata/garystafford/real/garystafford_154.wav,0,garystafford
/Volumes/KIOXIA/voxdata/garystafford/real/garystafford_1.wav,0,garystafford
/Volumes/KIOXIA/voxdata/garystafford/real/garystafford_632.wav,0,garystafford
/Volumes/KIOXIA/voxdata/garystafford/real/garystafford_626.wav,0,garystafford
/Volumes/KIOXIA/voxdata/garystafford/real/garystafford_140.wav,0,garystafford
/Volumes/KIOXIA/voxdata/garystafford/real/garystafford_395.wav,0,garystafford
/Volumes/KIOXIA/voxdata/garystafford/real/garystafford_381.wav,0,garystafford
/Volumes/KIOXIA/voxdata/garystafford/real/garystafford_418.wav,0,garystafford
/Volumes/KIOXIA/voxdata/garystafford/real/garystafford_430.wav,0,garystafford
/Volumes/KIOXIA/voxdata/garystafford/real/garystafford_356.wav,0,garystafford
/Volumes/KIOXIA/voxdata/garystafford/real/garystafford_342.wav,0,garystafford
/Volumes/KIOXIA/voxdata/garystafford/real/garystafford_424.wav,0,garystafford
/Volumes/KIOXIA/voxdata/garystafford/real/garystafford_354.wav,0,garystafford
/Volumes/KIOXIA/voxdata/garystafford/real/garystafford_432.wav,0,garystafford
/Volumes/KIOXIA/voxdata/garystafford/real/garystafford_426.wav,0,garystafford
/Volumes/KIOXIA/voxdata/garystafford/real/garystafford_340.wav,0,garystafford
/Volumes/KIOXIA/voxdata/garystafford/real/garystafford_368.wav,0,garystafford
/Volumes/KIOXIA/voxdata/garystafford/real/garystafford_397.wav,0,garystafford
/Volumes/KIOXIA/voxdata/garystafford/real/garystafford_383.wav,0,garystafford
/Volumes/KIOXIA/voxdata/garystafford/real/garystafford_630.wav,0,garystafford
/Volumes/KIOXIA/voxdata/garystafford/real/garystafford_3.wav,0,garystafford
/Volumes/KIOXIA/voxdata/garystafford/real/garystafford_156.wav,0,garystafford
/Volumes/KIOXIA/voxdata/garystafford/real/garystafford_142.wav,0,garystafford
/Volumes/KIOXIA/voxdata/garystafford/real/garystafford_624.wav,0,garystafford
/Volumes/KIOXIA/voxdata/garystafford/real/garystafford_618.wav,0,garystafford
/Volumes/KIOXIA/voxdata/garystafford/real/garystafford_195.wav,0,garystafford
/Volumes/KIOXIA/voxdata/garystafford/real/garystafford_181.wav,0,garystafford
/Volumes/KIOXIA/voxdata/garystafford/real/garystafford_817.wav,0,garystafford
/Volumes/KIOXIA/voxdata/garystafford/real/garystafford_803.wav,0,garystafford
/Volumes/KIOXIA/voxdata/garystafford/real/garystafford_744.wav,0,garystafford
/Volumes/KIOXIA/voxdata/garystafford/real/garystafford_750.wav,0,garystafford
/Volumes/KIOXIA/voxdata/garystafford/real/garystafford_778.wav,0,garystafford
/Volumes/KIOXIA/voxdata/garystafford/real/garystafford_787.wav,0,garystafford
/Volumes/KIOXIA/voxdata/garystafford/real/garystafford_793.wav,0,garystafford
/Volumes/KIOXIA/voxdata/garystafford/real/garystafford_12.wav,0,garystafford
/Volumes/KIOXIA/voxdata/garystafford/real/garystafford_220.wav,0,garystafford
/Volumes/KIOXIA/voxdata/garystafford/real/garystafford_546.wav,0,garystafford
/Volumes/KIOXIA/voxdata/garystafford/real/garystafford_552.wav,0,garystafford
/Volumes/KIOXIA/voxdata/garystafford/real/garystafford_234.wav,0,garystafford
/Volumes/KIOXIA/voxdata/garystafford/real/garystafford_208.wav,0,garystafford
/Volumes/KIOXIA/voxdata/garystafford/real/garystafford_585.wav,0,garystafford
/Volumes/KIOXIA/voxdata/garystafford/real/garystafford_591.wav,0,garystafford
/Volumes/KIOXIA/voxdata/garystafford/real/garystafford_590.wav,0,garystafford
/Volumes/KIOXIA/voxdata/garystafford/real/garystafford_584.wav,0,garystafford
/Volumes/KIOXIA/voxdata/garystafford/real/garystafford_209.wav,0,garystafford
/Volumes/KIOXIA/voxdata/garystafford/real/garystafford_553.wav,0,garystafford
/Volumes/KIOXIA/voxdata/garystafford/real/garystafford_235.wav,0,garystafford
/Volumes/KIOXIA/voxdata/garystafford/real/garystafford_221.wav,0,garystafford
/Volumes/KIOXIA/voxdata/garystafford/real/garystafford_13.wav,0,garystafford
/Volumes/KIOXIA/voxdata/garystafford/real/garystafford_547.wav,0,garystafford
/Volumes/KIOXIA/voxdata/garystafford/real/garystafford_792.wav,0,garystafford
/Volumes/KIOXIA/voxdata/garystafford/real/garystafford_786.wav,0,garystafford
/Volumes/KIOXIA/voxdata/garystafford/real/garystafford_779.wav,0,garystafford
/Volumes/KIOXIA/voxdata/garystafford/real/garystafford_751.wav,0,garystafford
/Volumes/KIOXIA/voxdata/garystafford/real/garystafford_745.wav,0,garystafford
/Volumes/KIOXIA/voxdata/garystafford/real/garystafford_802.wav,0,garystafford
/Volumes/KIOXIA/voxdata/garystafford/real/garystafford_816.wav,0,garystafford
/Volumes/KIOXIA/voxdata/garystafford/real/garystafford_180.wav,0,garystafford
/Volumes/KIOXIA/voxdata/garystafford/real/garystafford_194.wav,0,garystafford
/Volumes/KIOXIA/voxdata/garystafford/real/garystafford_619.wav,0,garystafford
/Volumes/KIOXIA/voxdata/garystafford/real/garystafford_143.wav,0,garystafford
/Volumes/KIOXIA/voxdata/garystafford/real/garystafford_625.wav,0,garystafford
/Volumes/KIOXIA/voxdata/garystafford/real/garystafford_631.wav,0,garystafford
/Volumes/KIOXIA/voxdata/garystafford/real/garystafford_2.wav,0,garystafford
/Volumes/KIOXIA/voxdata/garystafford/real/garystafford_157.wav,0,garystafford
/Volumes/KIOXIA/voxdata/garystafford/real/garystafford_382.wav,0,garystafford
/Volumes/KIOXIA/voxdata/garystafford/real/garystafford_396.wav,0,garystafford
/Volumes/KIOXIA/voxdata/garystafford/real/garystafford_369.wav,0,garystafford
/Volumes/KIOXIA/voxdata/garystafford/real/garystafford_427.wav,0,garystafford
/Volumes/KIOXIA/voxdata/garystafford/real/garystafford_341.wav,0,garystafford
/Volumes/KIOXIA/voxdata/garystafford/real/garystafford_355.wav,0,garystafford
/Volumes/KIOXIA/voxdata/garystafford/real/garystafford_433.wav,0,garystafford
/Volumes/KIOXIA/voxdata/garystafford/real/garystafford_358.wav,0,garystafford
/Volumes/KIOXIA/voxdata/garystafford/real/garystafford_416.wav,0,garystafford
/Volumes/KIOXIA/voxdata/garystafford/real/garystafford_370.wav,0,garystafford
/Volumes/KIOXIA/voxdata/garystafford/real/garystafford_364.wav,0,garystafford
/Volumes/KIOXIA/voxdata/garystafford/real/garystafford_402.wav,0,garystafford
/Volumes/KIOXIA/voxdata/garystafford/real/garystafford_628.wav,0,garystafford
/Volumes/KIOXIA/voxdata/garystafford/real/garystafford_172.wav,0,garystafford
/Volumes/KIOXIA/voxdata/garystafford/real/garystafford_614.wav,0,garystafford
/Volumes/KIOXIA/voxdata/garystafford/real/garystafford_600.wav,0,garystafford
/Volumes/KIOXIA/voxdata/garystafford/real/garystafford_166.wav,0,garystafford
/Volumes/KIOXIA/voxdata/garystafford/real/garystafford_833.wav,0,garystafford
/Volumes/KIOXIA/voxdata/garystafford/real/garystafford_827.wav,0,garystafford
/Volumes/KIOXIA/voxdata/garystafford/real/garystafford_199.wav,0,garystafford
/Volumes/KIOXIA/voxdata/garystafford/real/garystafford_748.wav,0,garystafford
/Volumes/KIOXIA/voxdata/garystafford/real/garystafford_760.wav,0,garystafford
/Volumes/KIOXIA/voxdata/garystafford/real/garystafford_774.wav,0,garystafford
/Volumes/KIOXIA/voxdata/garystafford/real/garystafford_238.wav,0,garystafford
/Volumes/KIOXIA/voxdata/garystafford/real/garystafford_562.wav,0,garystafford
/Volumes/KIOXIA/voxdata/garystafford/real/garystafford_204.wav,0,garystafford
/Volumes/KIOXIA/voxdata/garystafford/real/garystafford_36.wav,0,garystafford
/Volumes/KIOXIA/voxdata/garystafford/real/garystafford_210.wav,0,garystafford
/Volumes/KIOXIA/voxdata/garystafford/real/garystafford_22.wav,0,garystafford
/Volumes/KIOXIA/voxdata/garystafford/real/garystafford_576.wav,0,garystafford
/Volumes/KIOXIA/voxdata/garystafford/real/garystafford_589.wav,0,garystafford
/Volumes/KIOXIA/voxdata/garystafford/real/garystafford_588.wav,0,garystafford
/Volumes/KIOXIA/voxdata/garystafford/real/garystafford_23.wav,0,garystafford
/Volumes/KIOXIA/voxdata/garystafford/real/garystafford_211.wav,0,garystafford
/Volumes/KIOXIA/voxdata/garystafford/real/garystafford_577.wav,0,garystafford
/Volumes/KIOXIA/voxdata/garystafford/real/garystafford_563.wav,0,garystafford
/Volumes/KIOXIA/voxdata/garystafford/real/garystafford_37.wav,0,garystafford
/Volumes/KIOXIA/voxdata/garystafford/real/garystafford_205.wav,0,garystafford
/Volumes/KIOXIA/voxdata/garystafford/real/garystafford_239.wav,0,garystafford
/Volumes/KIOXIA/voxdata/garystafford/real/garystafford_775.wav,0,garystafford
/Volumes/KIOXIA/voxdata/garystafford/real/garystafford_761.wav,0,garystafford
/Volumes/KIOXIA/voxdata/garystafford/real/garystafford_749.wav,0,garystafford
/Volumes/KIOXIA/voxdata/garystafford/real/garystafford_826.wav,0,garystafford
/Volumes/KIOXIA/voxdata/garystafford/real/garystafford_198.wav,0,garystafford
/Volumes/KIOXIA/voxdata/garystafford/real/garystafford_832.wav,0,garystafford
/Volumes/KIOXIA/voxdata/garystafford/real/garystafford_601.wav,0,garystafford
/Volumes/KIOXIA/voxdata/garystafford/real/garystafford_167.wav,0,garystafford
/Volumes/KIOXIA/voxdata/garystafford/real/garystafford_173.wav,0,garystafford
/Volumes/KIOXIA/voxdata/garystafford/real/garystafford_615.wav,0,garystafford
/Volumes/KIOXIA/voxdata/garystafford/real/garystafford_629.wav,0,garystafford
/Volumes/KIOXIA/voxdata/garystafford/real/garystafford_365.wav,0,garystafford
/Volumes/KIOXIA/voxdata/garystafford/real/garystafford_403.wav,0,garystafford
/Volumes/KIOXIA/voxdata/garystafford/real/garystafford_417.wav,0,garystafford
/Volumes/KIOXIA/voxdata/garystafford/real/garystafford_371.wav,0,garystafford
/Volumes/KIOXIA/voxdata/garystafford/real/garystafford_359.wav,0,garystafford
/Volumes/KIOXIA/voxdata/garystafford/real/garystafford_429.wav,0,garystafford
/Volumes/KIOXIA/voxdata/garystafford/real/garystafford_401.wav,0,garystafford
/Volumes/KIOXIA/voxdata/garystafford/real/garystafford_367.wav,0,garystafford
/Volumes/KIOXIA/voxdata/garystafford/real/garystafford_373.wav,0,garystafford
/Volumes/KIOXIA/voxdata/garystafford/real/garystafford_415.wav,0,garystafford
/Volumes/KIOXIA/voxdata/garystafford/real/garystafford_398.wav,0,garystafford
/Volumes/KIOXIA/voxdata/garystafford/real/garystafford_159.wav,0,garystafford
/Volumes/KIOXIA/voxdata/garystafford/real/garystafford_165.wav,0,garystafford
/Volumes/KIOXIA/voxdata/garystafford/real/garystafford_603.wav,0,garystafford
/Volumes/KIOXIA/voxdata/garystafford/real/garystafford_617.wav,0,garystafford
/Volumes/KIOXIA/voxdata/garystafford/real/garystafford_171.wav,0,garystafford
/Volumes/KIOXIA/voxdata/garystafford/real/garystafford_824.wav,0,garystafford
/Volumes/KIOXIA/voxdata/garystafford/real/garystafford_830.wav,0,garystafford
/Volumes/KIOXIA/voxdata/garystafford/real/garystafford_818.wav,0,garystafford
/Volumes/KIOXIA/voxdata/garystafford/real/garystafford_777.wav,0,garystafford
/Volumes/KIOXIA/voxdata/garystafford/real/garystafford_763.wav,0,garystafford
/Volumes/KIOXIA/voxdata/garystafford/real/garystafford_788.wav,0,garystafford
/Volumes/KIOXIA/voxdata/garystafford/real/garystafford_549.wav,0,garystafford
/Volumes/KIOXIA/voxdata/garystafford/real/garystafford_575.wav,0,garystafford
/Volumes/KIOXIA/voxdata/garystafford/real/garystafford_213.wav,0,garystafford
/Volumes/KIOXIA/voxdata/garystafford/real/garystafford_21.wav,0,garystafford
/Volumes/KIOXIA/voxdata/garystafford/real/garystafford_207.wav,0,garystafford
/Volumes/KIOXIA/voxdata/garystafford/real/garystafford_35.wav,0,garystafford
/Volumes/KIOXIA/voxdata/garystafford/real/garystafford_561.wav,0,garystafford
/Volumes/KIOXIA/voxdata/garystafford/real/garystafford_34.wav,0,garystafford
/Volumes/KIOXIA/voxdata/garystafford/real/garystafford_206.wav,0,garystafford
/Volumes/KIOXIA/voxdata/garystafford/real/garystafford_560.wav,0,garystafford
/Volumes/KIOXIA/voxdata/garystafford/real/garystafford_574.wav,0,garystafford
/Volumes/KIOXIA/voxdata/garystafford/real/garystafford_20.wav,0,garystafford
/Volumes/KIOXIA/voxdata/garystafford/real/garystafford_212.wav,0,garystafford
/Volumes/KIOXIA/voxdata/garystafford/real/garystafford_548.wav,0,garystafford
/Volumes/KIOXIA/voxdata/garystafford/real/garystafford_789.wav,0,garystafford
/Volumes/KIOXIA/voxdata/garystafford/real/garystafford_762.wav,0,garystafford
/Volumes/KIOXIA/voxdata/garystafford/real/garystafford_776.wav,0,garystafford
/Volumes/KIOXIA/voxdata/garystafford/real/garystafford_819.wav,0,garystafford
/Volumes/KIOXIA/voxdata/garystafford/real/garystafford_831.wav,0,garystafford
/Volumes/KIOXIA/voxdata/garystafford/real/garystafford_825.wav,0,garystafford
/Volumes/KIOXIA/voxdata/garystafford/real/garystafford_616.wav,0,garystafford
/Volumes/KIOXIA/voxdata/garystafford/real/garystafford_170.wav,0,garystafford
/Volumes/KIOXIA/voxdata/garystafford/real/garystafford_164.wav,0,garystafford
/Volumes/KIOXIA/voxdata/garystafford/real/garystafford_602.wav,0,garystafford
/Volumes/KIOXIA/voxdata/garystafford/real/garystafford_158.wav,0,garystafford
/Volumes/KIOXIA/voxdata/garystafford/real/garystafford_399.wav,0,garystafford
/Volumes/KIOXIA/voxdata/garystafford/real/garystafford_372.wav,0,garystafford
/Volumes/KIOXIA/voxdata/garystafford/real/garystafford_414.wav,0,garystafford
/Volumes/KIOXIA/voxdata/garystafford/real/garystafford_400.wav,0,garystafford
/Volumes/KIOXIA/voxdata/garystafford/real/garystafford_366.wav,0,garystafford
/Volumes/KIOXIA/voxdata/garystafford/real/garystafford_428.wav,0,garystafford
/Volumes/KIOXIA/voxdata/garystafford/real/garystafford_362.wav,0,garystafford
/Volumes/KIOXIA/voxdata/garystafford/real/garystafford_404.wav,0,garystafford
/Volumes/KIOXIA/voxdata/garystafford/real/garystafford_410.wav,0,garystafford
/Volumes/KIOXIA/voxdata/garystafford/real/garystafford_376.wav,0,garystafford
/Volumes/KIOXIA/voxdata/garystafford/real/garystafford_438.wav,0,garystafford
/Volumes/KIOXIA/voxdata/garystafford/real/garystafford_389.wav,0,garystafford
/Volumes/KIOXIA/voxdata/garystafford/real/garystafford_606.wav,0,garystafford
/Volumes/KIOXIA/voxdata/garystafford/real/garystafford_160.wav,0,garystafford
/Volumes/KIOXIA/voxdata/garystafford/real/garystafford_174.wav,0,garystafford
/Volumes/KIOXIA/voxdata/garystafford/real/garystafford_612.wav,0,garystafford
/Volumes/KIOXIA/voxdata/garystafford/real/garystafford_9.wav,0,garystafford
/Volumes/KIOXIA/voxdata/garystafford/real/garystafford_148.wav,0,garystafford
/Volumes/KIOXIA/voxdata/garystafford/real/garystafford_809.wav,0,garystafford
/Volumes/KIOXIA/voxdata/garystafford/real/garystafford_821.wav,0,garystafford
/Volumes/KIOXIA/voxdata/garystafford/real/garystafford_835.wav,0,garystafford
/Volumes/KIOXIA/voxdata/garystafford/real/garystafford_772.wav,0,garystafford
/Volumes/KIOXIA/voxdata/garystafford/real/garystafford_766.wav,0,garystafford
/Volumes/KIOXIA/voxdata/garystafford/real/garystafford_799.wav,0,garystafford
/Volumes/KIOXIA/voxdata/garystafford/real/garystafford_24.wav,0,garystafford
/Volumes/KIOXIA/voxdata/garystafford/real/garystafford_216.wav,0,garystafford
/Volumes/KIOXIA/voxdata/garystafford/real/garystafford_570.wav,0,garystafford
/Volumes/KIOXIA/voxdata/garystafford/real/garystafford_564.wav,0,garystafford
/Volumes/KIOXIA/voxdata/garystafford/real/garystafford_30.wav,0,garystafford
/Volumes/KIOXIA/voxdata/garystafford/real/garystafford_202.wav,0,garystafford
/Volumes/KIOXIA/voxdata/garystafford/real/garystafford_18.wav,0,garystafford
/Volumes/KIOXIA/voxdata/garystafford/real/garystafford_558.wav,0,garystafford
/Volumes/KIOXIA/voxdata/garystafford/real/garystafford_559.wav,0,garystafford
/Volumes/KIOXIA/voxdata/garystafford/real/garystafford_19.wav,0,garystafford
/Volumes/KIOXIA/voxdata/garystafford/real/garystafford_565.wav,0,garystafford
/Volumes/KIOXIA/voxdata/garystafford/real/garystafford_203.wav,0,garystafford
/Volumes/KIOXIA/voxdata/garystafford/real/garystafford_31.wav,0,garystafford
/Volumes/KIOXIA/voxdata/garystafford/real/garystafford_217.wav,0,garystafford
/Volumes/KIOXIA/voxdata/garystafford/real/garystafford_25.wav,0,garystafford
/Volumes/KIOXIA/voxdata/garystafford/real/garystafford_571.wav,0,garystafford
/Volumes/KIOXIA/voxdata/garystafford/real/garystafford_798.wav,0,garystafford
/Volumes/KIOXIA/voxdata/garystafford/real/garystafford_767.wav,0,garystafford
/Volumes/KIOXIA/voxdata/garystafford/real/garystafford_773.wav,0,garystafford
/Volumes/KIOXIA/voxdata/garystafford/real/garystafford_834.wav,0,garystafford
/Volumes/KIOXIA/voxdata/garystafford/real/garystafford_820.wav,0,garystafford
/Volumes/KIOXIA/voxdata/garystafford/real/garystafford_808.wav,0,garystafford
/Volumes/KIOXIA/voxdata/garystafford/real/garystafford_149.wav,0,garystafford
/Volumes/KIOXIA/voxdata/garystafford/real/garystafford_8.wav,0,garystafford
/Volumes/KIOXIA/voxdata/garystafford/real/garystafford_175.wav,0,garystafford
/Volumes/KIOXIA/voxdata/garystafford/real/garystafford_613.wav,0,garystafford
/Volumes/KIOXIA/voxdata/garystafford/real/garystafford_607.wav,0,garystafford
/Volumes/KIOXIA/voxdata/garystafford/real/garystafford_161.wav,0,garystafford
/Volumes/KIOXIA/voxdata/garystafford/real/garystafford_388.wav,0,garystafford
/Volumes/KIOXIA/voxdata/garystafford/real/garystafford_439.wav,0,garystafford
/Volumes/KIOXIA/voxdata/garystafford/real/garystafford_411.wav,0,garystafford
/Volumes/KIOXIA/voxdata/garystafford/real/garystafford_377.wav,0,garystafford
/Volumes/KIOXIA/voxdata/garystafford/real/garystafford_363.wav,0,garystafford
/Volumes/KIOXIA/voxdata/garystafford/real/garystafford_405.wav,0,garystafford
/Volumes/KIOXIA/voxdata/garystafford/real/garystafford_375.wav,0,garystafford
/Volumes/KIOXIA/voxdata/garystafford/real/garystafford_413.wav,0,garystafford
/Volumes/KIOXIA/voxdata/garystafford/real/garystafford_407.wav,0,garystafford
/Volumes/KIOXIA/voxdata/garystafford/real/garystafford_361.wav,0,garystafford
/Volumes/KIOXIA/voxdata/garystafford/real/garystafford_349.wav,0,garystafford
/Volumes/KIOXIA/voxdata/garystafford/real/garystafford_611.wav,0,garystafford
/Volumes/KIOXIA/voxdata/garystafford/real/garystafford_177.wav,0,garystafford
/Volumes/KIOXIA/voxdata/garystafford/real/garystafford_163.wav,0,garystafford
/Volumes/KIOXIA/voxdata/garystafford/real/garystafford_605.wav,0,garystafford
/Volumes/KIOXIA/voxdata/garystafford/real/garystafford_639.wav,0,garystafford
/Volumes/KIOXIA/voxdata/garystafford/real/garystafford_836.wav,0,garystafford
/Volumes/KIOXIA/voxdata/garystafford/real/garystafford_188.wav,0,garystafford
/Volumes/KIOXIA/voxdata/garystafford/real/garystafford_822.wav,0,garystafford
/Volumes/KIOXIA/voxdata/garystafford/real/garystafford_765.wav,0,garystafford
/Volumes/KIOXIA/voxdata/garystafford/real/garystafford_771.wav,0,garystafford
/Volumes/KIOXIA/voxdata/garystafford/real/garystafford_759.wav,0,garystafford
/Volumes/KIOXIA/voxdata/garystafford/real/garystafford_33.wav,0,garystafford
/Volumes/KIOXIA/voxdata/garystafford/real/garystafford_201.wav,0,garystafford
/Volumes/KIOXIA/voxdata/garystafford/real/garystafford_567.wav,0,garystafford
/Volumes/KIOXIA/voxdata/garystafford/real/garystafford_573.wav,0,garystafford
/Volumes/KIOXIA/voxdata/garystafford/real/garystafford_27.wav,0,garystafford
/Volumes/KIOXIA/voxdata/garystafford/real/garystafford_215.wav,0,garystafford
/Volumes/KIOXIA/voxdata/garystafford/real/garystafford_229.wav,0,garystafford
/Volumes/KIOXIA/voxdata/garystafford/real/garystafford_598.wav,0,garystafford
/Volumes/KIOXIA/voxdata/garystafford/real/garystafford_599.wav,0,garystafford
/Volumes/KIOXIA/voxdata/garystafford/real/garystafford_228.wav,0,garystafford
/Volumes/KIOXIA/voxdata/garystafford/real/garystafford_572.wav,0,garystafford
/Volumes/KIOXIA/voxdata/garystafford/real/garystafford_214.wav,0,garystafford
/Volumes/KIOXIA/voxdata/garystafford/real/garystafford_26.wav,0,garystafford
/Volumes/KIOXIA/voxdata/garystafford/real/garystafford_200.wav,0,garystafford
/Volumes/KIOXIA/voxdata/garystafford/real/garystafford_32.wav,0,garystafford
/Volumes/KIOXIA/voxdata/garystafford/real/garystafford_566.wav,0,garystafford
/Volumes/KIOXIA/voxdata/garystafford/real/garystafford_758.wav,0,garystafford
/Volumes/KIOXIA/voxdata/garystafford/real/garystafford_770.wav,0,garystafford
/Volumes/KIOXIA/voxdata/garystafford/real/garystafford_764.wav,0,garystafford
/Volumes/KIOXIA/voxdata/garystafford/real/garystafford_823.wav,0,garystafford
/Volumes/KIOXIA/voxdata/garystafford/real/garystafford_837.wav,0,garystafford
/Volumes/KIOXIA/voxdata/garystafford/real/garystafford_189.wav,0,garystafford
/Volumes/KIOXIA/voxdata/garystafford/real/garystafford_638.wav,0,garystafford
/Volumes/KIOXIA/voxdata/garystafford/real/garystafford_162.wav,0,garystafford
/Volumes/KIOXIA/voxdata/garystafford/real/garystafford_604.wav,0,garystafford
/Volumes/KIOXIA/voxdata/garystafford/real/garystafford_610.wav,0,garystafford
/Volumes/KIOXIA/voxdata/garystafford/real/garystafford_176.wav,0,garystafford
/Volumes/KIOXIA/voxdata/garystafford/real/garystafford_348.wav,0,garystafford
/Volumes/KIOXIA/voxdata/garystafford/real/garystafford_406.wav,0,garystafford
/Volumes/KIOXIA/voxdata/garystafford/real/garystafford_360.wav,0,garystafford
/Volumes/KIOXIA/voxdata/garystafford/real/garystafford_374.wav,0,garystafford
/Volumes/KIOXIA/voxdata/garystafford/real/garystafford_412.wav,0,garystafford
/Volumes/KIOXIA/voxdata/garystafford/real/garystafford_449.wav,0,garystafford
/Volumes/KIOXIA/voxdata/garystafford/real/garystafford_313.wav,0,garystafford
/Volumes/KIOXIA/voxdata/garystafford/real/garystafford_475.wav,0,garystafford
/Volumes/KIOXIA/voxdata/garystafford/real/garystafford_461.wav,0,garystafford
/Volumes/KIOXIA/voxdata/garystafford/real/garystafford_307.wav,0,garystafford
/Volumes/KIOXIA/voxdata/garystafford/real/garystafford_893.wav,0,garystafford
/Volumes/KIOXIA/voxdata/garystafford/real/garystafford_139.wav,0,garystafford
/Volumes/KIOXIA/voxdata/garystafford/real/garystafford_887.wav,0,garystafford
/Volumes/KIOXIA/voxdata/garystafford/real/garystafford_677.wav,0,garystafford
/Volumes/KIOXIA/voxdata/garystafford/real/garystafford_111.wav,0,garystafford
/Volumes/KIOXIA/voxdata/garystafford/real/garystafford_105.wav,0,garystafford
/Volumes/KIOXIA/voxdata/garystafford/real/garystafford_663.wav,0,garystafford
/Volumes/KIOXIA/voxdata/garystafford/real/garystafford_850.wav,0,garystafford
/Volumes/KIOXIA/voxdata/garystafford/real/garystafford_688.wav,0,garystafford
/Volumes/KIOXIA/voxdata/garystafford/real/garystafford_844.wav,0,garystafford
/Volumes/KIOXIA/voxdata/garystafford/real/garystafford_878.wav,0,garystafford
/Volumes/KIOXIA/voxdata/garystafford/real/garystafford_703.wav,0,garystafford
/Volumes/KIOXIA/voxdata/garystafford/real/garystafford_717.wav,0,garystafford
/Volumes/KIOXIA/voxdata/garystafford/real/garystafford_924.wav,0,garystafford
/Volumes/KIOXIA/voxdata/garystafford/real/garystafford_930.wav,0,garystafford
/Volumes/KIOXIA/voxdata/garystafford/real/garystafford_918.wav,0,garystafford
/Volumes/KIOXIA/voxdata/garystafford/real/garystafford_69.wav,0,garystafford
/Volumes/KIOXIA/voxdata/garystafford/real/garystafford_529.wav,0,garystafford
/Volumes/KIOXIA/voxdata/garystafford/real/garystafford_267.wav,0,garystafford
/Volumes/KIOXIA/voxdata/garystafford/real/garystafford_55.wav,0,garystafford
/Volumes/KIOXIA/voxdata/garystafford/real/garystafford_501.wav,0,garystafford
/Volumes/KIOXIA/voxdata/garystafford/real/garystafford_515.wav,0,garystafford
/Volumes/KIOXIA/voxdata/garystafford/real/garystafford_273.wav,0,garystafford
/Volumes/KIOXIA/voxdata/garystafford/real/garystafford_41.wav,0,garystafford
/Volumes/KIOXIA/voxdata/garystafford/real/garystafford_298.wav,0,garystafford
/Volumes/KIOXIA/voxdata/garystafford/real/garystafford_96.wav,0,garystafford
/Volumes/KIOXIA/voxdata/garystafford/real/garystafford_82.wav,0,garystafford
/Volumes/KIOXIA/voxdata/garystafford/real/garystafford_83.wav,0,garystafford
/Volumes/KIOXIA/voxdata/garystafford/real/garystafford_97.wav,0,garystafford
/Volumes/KIOXIA/voxdata/garystafford/real/garystafford_299.wav,0,garystafford
/Volumes/KIOXIA/voxdata/garystafford/real/garystafford_514.wav,0,garystafford
/Volumes/KIOXIA/voxdata/garystafford/real/garystafford_40.wav,0,garystafford
/Volumes/KIOXIA/voxdata/garystafford/real/garystafford_272.wav,0,garystafford
/Volumes/KIOXIA/voxdata/garystafford/real/garystafford_54.wav,0,garystafford
/Volumes/KIOXIA/voxdata/garystafford/real/garystafford_266.wav,0,garystafford
/Volumes/KIOXIA/voxdata/garystafford/real/garystafford_500.wav,0,garystafford
/Volumes/KIOXIA/voxdata/garystafford/real/garystafford_528.wav,0,garystafford
/Volumes/KIOXIA/voxdata/garystafford/real/garystafford_68.wav,0,garystafford
/Volumes/KIOXIA/voxdata/garystafford/real/garystafford_919.wav,0,garystafford
/Volumes/KIOXIA/voxdata/garystafford/real/garystafford_931.wav,0,garystafford
/Volumes/KIOXIA/voxdata/garystafford/real/garystafford_925.wav,0,garystafford
/Volumes/KIOXIA/voxdata/garystafford/real/garystafford_716.wav,0,garystafford
/Volumes/KIOXIA/voxdata/garystafford/real/garystafford_702.wav,0,garystafford
/Volumes/KIOXIA/voxdata/garystafford/real/garystafford_879.wav,0,garystafford
/Volumes/KIOXIA/voxdata/garystafford/real/garystafford_845.wav,0,garystafford
/Volumes/KIOXIA/voxdata/garystafford/real/garystafford_689.wav,0,garystafford
/Volumes/KIOXIA/voxdata/garystafford/real/garystafford_851.wav,0,garystafford
/Volumes/KIOXIA/voxdata/garystafford/real/garystafford_104.wav,0,garystafford
/Volumes/KIOXIA/voxdata/garystafford/real/garystafford_662.wav,0,garystafford
/Volumes/KIOXIA/voxdata/garystafford/real/garystafford_676.wav,0,garystafford
/Volumes/KIOXIA/voxdata/garystafford/real/garystafford_110.wav,0,garystafford
/Volumes/KIOXIA/voxdata/garystafford/real/garystafford_138.wav,0,garystafford
/Volumes/KIOXIA/voxdata/garystafford/real/garystafford_886.wav,0,garystafford
/Volumes/KIOXIA/voxdata/garystafford/real/garystafford_892.wav,0,garystafford
/Volumes/KIOXIA/voxdata/garystafford/real/garystafford_460.wav,0,garystafford
/Volumes/KIOXIA/voxdata/garystafford/real/garystafford_306.wav,0,garystafford
/Volumes/KIOXIA/voxdata/garystafford/real/garystafford_312.wav,0,garystafford
/Volumes/KIOXIA/voxdata/garystafford/real/garystafford_474.wav,0,garystafford
/Volumes/KIOXIA/voxdata/garystafford/real/garystafford_448.wav,0,garystafford
/Volumes/KIOXIA/voxdata/garystafford/real/garystafford_338.wav,0,garystafford
/Volumes/KIOXIA/voxdata/garystafford/real/garystafford_304.wav,0,garystafford
/Volumes/KIOXIA/voxdata/garystafford/real/garystafford_462.wav,0,garystafford
/Volumes/KIOXIA/voxdata/garystafford/real/garystafford_476.wav,0,garystafford
/Volumes/KIOXIA/voxdata/garystafford/real/garystafford_310.wav,0,garystafford
/Volumes/KIOXIA/voxdata/garystafford/real/garystafford_489.wav,0,garystafford
/Volumes/KIOXIA/voxdata/garystafford/real/garystafford_884.wav,0,garystafford
/Volumes/KIOXIA/voxdata/garystafford/real/garystafford_648.wav,0,garystafford
/Volumes/KIOXIA/voxdata/garystafford/real/garystafford_890.wav,0,garystafford
/Volumes/KIOXIA/voxdata/garystafford/real/garystafford_660.wav,0,garystafford
/Volumes/KIOXIA/voxdata/garystafford/real/garystafford_106.wav,0,garystafford
/Volumes/KIOXIA/voxdata/garystafford/real/garystafford_112.wav,0,garystafford
/Volumes/KIOXIA/voxdata/garystafford/real/garystafford_674.wav,0,garystafford
/Volumes/KIOXIA/voxdata/garystafford/real/garystafford_847.wav,0,garystafford
/Volumes/KIOXIA/voxdata/garystafford/real/garystafford_853.wav,0,garystafford
/Volumes/KIOXIA/voxdata/garystafford/real/garystafford_728.wav,0,garystafford
/Volumes/KIOXIA/voxdata/garystafford/real/garystafford_714.wav,0,garystafford
/Volumes/KIOXIA/voxdata/garystafford/real/garystafford_700.wav,0,garystafford
/Volumes/KIOXIA/voxdata/garystafford/real/garystafford_927.wav,0,garystafford
/Volumes/KIOXIA/voxdata/garystafford/real/garystafford_258.wav,0,garystafford
/Volumes/KIOXIA/voxdata/garystafford/real/garystafford_270.wav,0,garystafford
/Volumes/KIOXIA/voxdata/garystafford/real/garystafford_42.wav,0,garystafford
/Volumes/KIOXIA/voxdata/garystafford/real/garystafford_516.wav,0,garystafford
/Volumes/KIOXIA/voxdata/garystafford/real/garystafford_502.wav,0,garystafford
/Volumes/KIOXIA/voxdata/garystafford/real/garystafford_264.wav,0,garystafford
/Volumes/KIOXIA/voxdata/garystafford/real/garystafford_56.wav,0,garystafford
/Volumes/KIOXIA/voxdata/garystafford/real/garystafford_81.wav,0,garystafford
/Volumes/KIOXIA/voxdata/garystafford/real/garystafford_95.wav,0,garystafford
/Volumes/KIOXIA/voxdata/garystafford/real/garystafford_94.wav,0,garystafford
/Volumes/KIOXIA/voxdata/garystafford/real/garystafford_80.wav,0,garystafford
/Volumes/KIOXIA/voxdata/garystafford/real/garystafford_503.wav,0,garystafford
/Volumes/KIOXIA/voxdata/garystafford/real/garystafford_57.wav,0,garystafford
/Volumes/KIOXIA/voxdata/garystafford/real/garystafford_265.wav,0,garystafford
/Volumes/KIOXIA/voxdata/garystafford/real/garystafford_43.wav,0,garystafford
/Volumes/KIOXIA/voxdata/garystafford/real/garystafford_271.wav,0,garystafford
/Volumes/KIOXIA/voxdata/garystafford/real/garystafford_517.wav,0,garystafford
/Volumes/KIOXIA/voxdata/garystafford/real/garystafford_259.wav,0,garystafford
/Volumes/KIOXIA/voxdata/garystafford/real/garystafford_926.wav,0,garystafford
/Volumes/KIOXIA/voxdata/garystafford/real/garystafford_932.wav,0,garystafford
/Volumes/KIOXIA/voxdata/garystafford/real/garystafford_701.wav,0,garystafford
/Volumes/KIOXIA/voxdata/garystafford/real/garystafford_715.wav,0,garystafford
/Volumes/KIOXIA/voxdata/garystafford/real/garystafford_729.wav,0,garystafford
/Volumes/KIOXIA/voxdata/garystafford/real/garystafford_852.wav,0,garystafford
/Volumes/KIOXIA/voxdata/garystafford/real/garystafford_846.wav,0,garystafford
/Volumes/KIOXIA/voxdata/garystafford/real/garystafford_113.wav,0,garystafford
/Volumes/KIOXIA/voxdata/garystafford/real/garystafford_675.wav,0,garystafford
/Volumes/KIOXIA/voxdata/garystafford/real/garystafford_661.wav,0,garystafford
/Volumes/KIOXIA/voxdata/garystafford/real/garystafford_107.wav,0,garystafford
/Volumes/KIOXIA/voxdata/garystafford/real/garystafford_891.wav,0,garystafford
/Volumes/KIOXIA/voxdata/garystafford/real/garystafford_649.wav,0,garystafford
/Volumes/KIOXIA/voxdata/garystafford/real/garystafford_885.wav,0,garystafford
/Volumes/KIOXIA/voxdata/garystafford/real/garystafford_488.wav,0,garystafford
/Volumes/KIOXIA/voxdata/garystafford/real/garystafford_477.wav,0,garystafford
/Volumes/KIOXIA/voxdata/garystafford/real/garystafford_311.wav,0,garystafford
/Volumes/KIOXIA/voxdata/garystafford/real/garystafford_305.wav,0,garystafford
/Volumes/KIOXIA/voxdata/garystafford/real/garystafford_463.wav,0,garystafford
/Volumes/KIOXIA/voxdata/garystafford/real/garystafford_339.wav,0,garystafford
/Volumes/KIOXIA/voxdata/garystafford/real/garystafford_467.wav,0,garystafford
/Volumes/KIOXIA/voxdata/garystafford/real/garystafford_301.wav,0,garystafford
/Volumes/KIOXIA/voxdata/garystafford/real/garystafford_315.wav,0,garystafford
/Volumes/KIOXIA/voxdata/garystafford/real/garystafford_473.wav,0,garystafford
/Volumes/KIOXIA/voxdata/garystafford/real/garystafford_329.wav,0,garystafford
/Volumes/KIOXIA/voxdata/garystafford/real/garystafford_498.wav,0,garystafford
/Volumes/KIOXIA/voxdata/garystafford/real/garystafford_103.wav,0,garystafford
/Volumes/KIOXIA/voxdata/garystafford/real/garystafford_665.wav,0,garystafford
/Volumes/KIOXIA/voxdata/garystafford/real/garystafford_671.wav,0,garystafford
/Volumes/KIOXIA/voxdata/garystafford/real/garystafford_117.wav,0,garystafford
/Volumes/KIOXIA/voxdata/garystafford/real/garystafford_659.wav,0,garystafford
/Volumes/KIOXIA/voxdata/garystafford/real/garystafford_881.wav,0,garystafford
/Volumes/KIOXIA/voxdata/garystafford/real/garystafford_895.wav,0,garystafford
/Volumes/KIOXIA/voxdata/garystafford/real/garystafford_842.wav,0,garystafford
/Volumes/KIOXIA/voxdata/garystafford/real/garystafford_856.wav,0,garystafford
/Volumes/KIOXIA/voxdata/garystafford/real/garystafford_711.wav,0,garystafford
/Volumes/KIOXIA/voxdata/garystafford/real/garystafford_705.wav,0,garystafford
/Volumes/KIOXIA/voxdata/garystafford/real/garystafford_739.wav,0,garystafford
/Volumes/KIOXIA/voxdata/garystafford/real/garystafford_922.wav,0,garystafford
/Volumes/KIOXIA/voxdata/garystafford/real/garystafford_513.wav,0,garystafford
/Volumes/KIOXIA/voxdata/garystafford/real/garystafford_47.wav,0,garystafford
/Volumes/KIOXIA/voxdata/garystafford/real/garystafford_275.wav,0,garystafford
/Volumes/KIOXIA/voxdata/garystafford/real/garystafford_53.wav,0,garystafford
/Volumes/KIOXIA/voxdata/garystafford/real/garystafford_261.wav,0,garystafford
/Volumes/KIOXIA/voxdata/garystafford/real/garystafford_507.wav,0,garystafford
/Volumes/KIOXIA/voxdata/garystafford/real/garystafford_249.wav,0,garystafford
/Volumes/KIOXIA/voxdata/garystafford/real/garystafford_84.wav,0,garystafford
/Volumes/KIOXIA/voxdata/garystafford/real/garystafford_90.wav,0,garystafford
/Volumes/KIOXIA/voxdata/garystafford/real/garystafford_91.wav,0,garystafford
/Volumes/KIOXIA/voxdata/garystafford/real/garystafford_85.wav,0,garystafford
/Volumes/KIOXIA/voxdata/garystafford/real/garystafford_248.wav,0,garystafford
/Volumes/KIOXIA/voxdata/garystafford/real/garystafford_260.wav,0,garystafford
/Volumes/KIOXIA/voxdata/garystafford/real/garystafford_52.wav,0,garystafford
/Volumes/KIOXIA/voxdata/garystafford/real/garystafford_506.wav,0,garystafford
/Volumes/KIOXIA/voxdata/garystafford/real/garystafford_512.wav,0,garystafford
/Volumes/KIOXIA/voxdata/garystafford/real/garystafford_274.wav,0,garystafford
/Volumes/KIOXIA/voxdata/garystafford/real/garystafford_46.wav,0,garystafford
/Volumes/KIOXIA/voxdata/garystafford/real/garystafford_923.wav,0,garystafford
/Volumes/KIOXIA/voxdata/garystafford/real/garystafford_738.wav,0,garystafford
/Volumes/KIOXIA/voxdata/garystafford/real/garystafford_704.wav,0,garystafford
/Volumes/KIOXIA/voxdata/garystafford/real/garystafford_710.wav,0,garystafford
/Volumes/KIOXIA/voxdata/garystafford/real/garystafford_857.wav,0,garystafford
/Volumes/KIOXIA/voxdata/garystafford/real/garystafford_843.wav,0,garystafford
/Volumes/KIOXIA/voxdata/garystafford/real/garystafford_894.wav,0,garystafford
/Volumes/KIOXIA/voxdata/garystafford/real/garystafford_880.wav,0,garystafford
/Volumes/KIOXIA/voxdata/garystafford/real/garystafford_658.wav,0,garystafford
/Volumes/KIOXIA/voxdata/garystafford/real/garystafford_670.wav,0,garystafford
/Volumes/KIOXIA/voxdata/garystafford/real/garystafford_116.wav,0,garystafford
/Volumes/KIOXIA/voxdata/garystafford/real/garystafford_102.wav,0,garystafford
/Volumes/KIOXIA/voxdata/garystafford/real/garystafford_664.wav,0,garystafford
/Volumes/KIOXIA/voxdata/garystafford/real/garystafford_499.wav,0,garystafford
/Volumes/KIOXIA/voxdata/garystafford/real/garystafford_328.wav,0,garystafford
/Volumes/KIOXIA/voxdata/garystafford/real/garystafford_314.wav,0,garystafford
/Volumes/KIOXIA/voxdata/garystafford/real/garystafford_472.wav,0,garystafford
/Volumes/KIOXIA/voxdata/garystafford/real/garystafford_466.wav,0,garystafford
/Volumes/KIOXIA/voxdata/garystafford/real/garystafford_300.wav,0,garystafford
/Volumes/KIOXIA/voxdata/garystafford/real/garystafford_470.wav,0,garystafford
/Volumes/KIOXIA/voxdata/garystafford/real/garystafford_316.wav,0,garystafford
/Volumes/KIOXIA/voxdata/garystafford/real/garystafford_302.wav,0,garystafford
/Volumes/KIOXIA/voxdata/garystafford/real/garystafford_464.wav,0,garystafford
/Volumes/KIOXIA/voxdata/garystafford/real/garystafford_458.wav,0,garystafford
/Volumes/KIOXIA/voxdata/garystafford/real/garystafford_114.wav,0,garystafford
/Volumes/KIOXIA/voxdata/garystafford/real/garystafford_672.wav,0,garystafford
/Volumes/KIOXIA/voxdata/garystafford/real/garystafford_666.wav,0,garystafford
/Volumes/KIOXIA/voxdata/garystafford/real/garystafford_100.wav,0,garystafford
/Volumes/KIOXIA/voxdata/garystafford/real/garystafford_128.wav,0,garystafford
/Volumes/KIOXIA/voxdata/garystafford/real/garystafford_896.wav,0,garystafford
/Volumes/KIOXIA/voxdata/garystafford/real/garystafford_882.wav,0,garystafford
/Volumes/KIOXIA/voxdata/garystafford/real/garystafford_869.wav,0,garystafford
/Volumes/KIOXIA/voxdata/garystafford/real/garystafford_855.wav,0,garystafford
/Volumes/KIOXIA/voxdata/garystafford/real/garystafford_841.wav,0,garystafford
/Volumes/KIOXIA/voxdata/garystafford/real/garystafford_699.wav,0,garystafford
/Volumes/KIOXIA/voxdata/garystafford/real/garystafford_706.wav,0,garystafford
/Volumes/KIOXIA/voxdata/garystafford/real/garystafford_712.wav,0,garystafford
/Volumes/KIOXIA/voxdata/garystafford/real/garystafford_909.wav,0,garystafford
/Volumes/KIOXIA/voxdata/garystafford/real/garystafford_921.wav,0,garystafford
/Volumes/KIOXIA/voxdata/garystafford/real/garystafford_504.wav,0,garystafford
/Volumes/KIOXIA/voxdata/garystafford/real/garystafford_50.wav,0,garystafford
/Volumes/KIOXIA/voxdata/garystafford/real/garystafford_262.wav,0,garystafford
/Volumes/KIOXIA/voxdata/garystafford/real/garystafford_44.wav,0,garystafford
/Volumes/KIOXIA/voxdata/garystafford/real/garystafford_276.wav,0,garystafford
/Volumes/KIOXIA/voxdata/garystafford/real/garystafford_510.wav,0,garystafford
/Volumes/KIOXIA/voxdata/garystafford/real/garystafford_538.wav,0,garystafford
/Volumes/KIOXIA/voxdata/garystafford/real/garystafford_78.wav,0,garystafford
/Volumes/KIOXIA/voxdata/garystafford/real/garystafford_93.wav,0,garystafford
/Volumes/KIOXIA/voxdata/garystafford/real/garystafford_87.wav,0,garystafford
/Volumes/KIOXIA/voxdata/garystafford/real/garystafford_289.wav,0,garystafford
/Volumes/KIOXIA/voxdata/garystafford/real/garystafford_288.wav,0,garystafford
/Volumes/KIOXIA/voxdata/garystafford/real/garystafford_86.wav,0,garystafford
/Volumes/KIOXIA/voxdata/garystafford/real/garystafford_92.wav,0,garystafford
/Volumes/KIOXIA/voxdata/garystafford/real/garystafford_79.wav,0,garystafford
/Volumes/KIOXIA/voxdata/garystafford/real/garystafford_539.wav,0,garystafford
/Volumes/KIOXIA/voxdata/garystafford/real/garystafford_277.wav,0,garystafford
/Volumes/KIOXIA/voxdata/garystafford/real/garystafford_45.wav,0,garystafford
/Volumes/KIOXIA/voxdata/garystafford/real/garystafford_511.wav,0,garystafford
/Volumes/KIOXIA/voxdata/garystafford/real/garystafford_505.wav,0,garystafford
/Volumes/KIOXIA/voxdata/garystafford/real/garystafford_263.wav,0,garystafford
/Volumes/KIOXIA/voxdata/garystafford/real/garystafford_51.wav,0,garystafford
/Volumes/KIOXIA/voxdata/garystafford/real/garystafford_920.wav,0,garystafford
/Volumes/KIOXIA/voxdata/garystafford/real/garystafford_908.wav,0,garystafford
/Volumes/KIOXIA/voxdata/garystafford/real/garystafford_713.wav,0,garystafford
/Volumes/KIOXIA/voxdata/garystafford/real/garystafford_707.wav,0,garystafford
/Volumes/KIOXIA/voxdata/garystafford/real/garystafford_698.wav,0,garystafford
/Volumes/KIOXIA/voxdata/garystafford/real/garystafford_840.wav,0,garystafford
/Volumes/KIOXIA/voxdata/garystafford/real/garystafford_854.wav,0,garystafford
/Volumes/KIOXIA/voxdata/garystafford/real/garystafford_868.wav,0,garystafford
/Volumes/KIOXIA/voxdata/garystafford/real/garystafford_883.wav,0,garystafford
/Volumes/KIOXIA/voxdata/garystafford/real/garystafford_129.wav,0,garystafford
/Volumes/KIOXIA/voxdata/garystafford/real/garystafford_897.wav,0,garystafford
/Volumes/KIOXIA/voxdata/garystafford/real/garystafford_667.wav,0,garystafford
/Volumes/KIOXIA/voxdata/garystafford/real/garystafford_101.wav,0,garystafford
/Volumes/KIOXIA/voxdata/garystafford/real/garystafford_115.wav,0,garystafford
/Volumes/KIOXIA/voxdata/garystafford/real/garystafford_673.wav,0,garystafford
/Volumes/KIOXIA/voxdata/garystafford/real/garystafford_459.wav,0,garystafford
/Volumes/KIOXIA/voxdata/garystafford/real/garystafford_303.wav,0,garystafford
/Volumes/KIOXIA/voxdata/garystafford/real/garystafford_465.wav,0,garystafford
/Volumes/KIOXIA/voxdata/garystafford/real/garystafford_471.wav,0,garystafford
/Volumes/KIOXIA/voxdata/garystafford/real/garystafford_317.wav,0,garystafford
/Volumes/KIOXIA/voxdata/garystafford/fake/garystafford_1480.wav,1,garystafford
/Volumes/KIOXIA/voxdata/garystafford/fake/garystafford_1494.wav,1,garystafford
/Volumes/KIOXIA/voxdata/garystafford/fake/garystafford_1319.wav,1,garystafford
/Volumes/KIOXIA/voxdata/garystafford/fake/garystafford_1325.wav,1,garystafford
/Volumes/KIOXIA/voxdata/garystafford/fake/garystafford_1443.wav,1,garystafford
/Volumes/KIOXIA/voxdata/garystafford/fake/garystafford_1457.wav,1,garystafford
/Volumes/KIOXIA/voxdata/garystafford/fake/garystafford_1331.wav,1,garystafford
/Volumes/KIOXIA/voxdata/garystafford/fake/garystafford_1682.wav,1,garystafford
/Volumes/KIOXIA/voxdata/garystafford/fake/garystafford_1696.wav,1,garystafford
/Volumes/KIOXIA/voxdata/garystafford/fake/garystafford_1669.wav,1,garystafford
/Volumes/KIOXIA/voxdata/garystafford/fake/garystafford_1641.wav,1,garystafford
/Volumes/KIOXIA/voxdata/garystafford/fake/garystafford_1127.wav,1,garystafford
/Volumes/KIOXIA/voxdata/garystafford/fake/garystafford_1133.wav,1,garystafford
/Volumes/KIOXIA/voxdata/garystafford/fake/garystafford_1655.wav,1,garystafford
/Volumes/KIOXIA/voxdata/garystafford/fake/garystafford_1090.wav,1,garystafford
/Volumes/KIOXIA/voxdata/garystafford/fake/garystafford_1084.wav,1,garystafford
/Volumes/KIOXIA/voxdata/garystafford/fake/garystafford_1709.wav,1,garystafford
/Volumes/KIOXIA/voxdata/garystafford/fake/garystafford_1735.wav,1,garystafford
/Volumes/KIOXIA/voxdata/garystafford/fake/garystafford_939.wav,1,garystafford
/Volumes/KIOXIA/voxdata/garystafford/fake/garystafford_1053.wav,1,garystafford
/Volumes/KIOXIA/voxdata/garystafford/fake/garystafford_1047.wav,1,garystafford
/Volumes/KIOXIA/voxdata/garystafford/fake/garystafford_1721.wav,1,garystafford
/Volumes/KIOXIA/voxdata/garystafford/fake/garystafford_1292.wav,1,garystafford
/Volumes/KIOXIA/voxdata/garystafford/fake/garystafford_1286.wav,1,garystafford
/Volumes/KIOXIA/voxdata/garystafford/fake/garystafford_1279.wav,1,garystafford
/Volumes/KIOXIA/voxdata/garystafford/fake/garystafford_1251.wav,1,garystafford
/Volumes/KIOXIA/voxdata/garystafford/fake/garystafford_1537.wav,1,garystafford
/Volumes/KIOXIA/voxdata/garystafford/fake/garystafford_1523.wav,1,garystafford
/Volumes/KIOXIA/voxdata/garystafford/fake/garystafford_1245.wav,1,garystafford
/Volumes/KIOXIA/voxdata/garystafford/fake/garystafford_1522.wav,1,garystafford
/Volumes/KIOXIA/voxdata/garystafford/fake/garystafford_1244.wav,1,garystafford
/Volumes/KIOXIA/voxdata/garystafford/fake/garystafford_1250.wav,1,garystafford
/Volumes/KIOXIA/voxdata/garystafford/fake/garystafford_1536.wav,1,garystafford
/Volumes/KIOXIA/voxdata/garystafford/fake/garystafford_1278.wav,1,garystafford
/Volumes/KIOXIA/voxdata/garystafford/fake/garystafford_1287.wav,1,garystafford
/Volumes/KIOXIA/voxdata/garystafford/fake/garystafford_1293.wav,1,garystafford
/Volumes/KIOXIA/voxdata/garystafford/fake/garystafford_1046.wav,1,garystafford
/Volumes/KIOXIA/voxdata/garystafford/fake/garystafford_1720.wav,1,garystafford
/Volumes/KIOXIA/voxdata/garystafford/fake/garystafford_938.wav,1,garystafford
/Volumes/KIOXIA/voxdata/garystafford/fake/garystafford_1734.wav,1,garystafford
/Volumes/KIOXIA/voxdata/garystafford/fake/garystafford_1052.wav,1,garystafford
/Volumes/KIOXIA/voxdata/garystafford/fake/garystafford_1708.wav,1,garystafford
/Volumes/KIOXIA/voxdata/garystafford/fake/garystafford_1085.wav,1,garystafford
/Volumes/KIOXIA/voxdata/garystafford/fake/garystafford_1091.wav,1,garystafford
/Volumes/KIOXIA/voxdata/garystafford/fake/garystafford_1132.wav,1,garystafford
/Volumes/KIOXIA/voxdata/garystafford/fake/garystafford_1654.wav,1,garystafford
/Volumes/KIOXIA/voxdata/garystafford/fake/garystafford_1640.wav,1,garystafford
/Volumes/KIOXIA/voxdata/garystafford/fake/garystafford_1126.wav,1,garystafford
/Volumes/KIOXIA/voxdata/garystafford/fake/garystafford_1668.wav,1,garystafford
/Volumes/KIOXIA/voxdata/garystafford/fake/garystafford_1697.wav,1,garystafford
/Volumes/KIOXIA/voxdata/garystafford/fake/garystafford_1683.wav,1,garystafford
/Volumes/KIOXIA/voxdata/garystafford/fake/garystafford_1456.wav,1,garystafford
/Volumes/KIOXIA/voxdata/garystafford/fake/garystafford_1330.wav,1,garystafford
/Volumes/KIOXIA/voxdata/garystafford/fake/garystafford_1324.wav,1,garystafford
/Volumes/KIOXIA/voxdata/garystafford/fake/garystafford_1442.wav,1,garystafford
/Volumes/KIOXIA/voxdata/garystafford/fake/garystafford_1318.wav,1,garystafford
/Volumes/KIOXIA/voxdata/garystafford/fake/garystafford_1495.wav,1,garystafford
/Volumes/KIOXIA/voxdata/garystafford/fake/garystafford_1481.wav,1,garystafford
/Volumes/KIOXIA/voxdata/garystafford/fake/garystafford_1497.wav,1,garystafford
/Volumes/KIOXIA/voxdata/garystafford/fake/garystafford_1483.wav,1,garystafford
/Volumes/KIOXIA/voxdata/garystafford/fake/garystafford_1468.wav,1,garystafford
/Volumes/KIOXIA/voxdata/garystafford/fake/garystafford_1332.wav,1,garystafford
/Volumes/KIOXIA/voxdata/garystafford/fake/garystafford_1454.wav,1,garystafford
/Volumes/KIOXIA/voxdata/garystafford/fake/garystafford_1440.wav,1,garystafford
/Volumes/KIOXIA/voxdata/garystafford/fake/garystafford_1326.wav,1,garystafford
/Volumes/KIOXIA/voxdata/garystafford/fake/garystafford_1865.wav,1,garystafford
/Volumes/KIOXIA/voxdata/garystafford/fake/garystafford_1695.wav,1,garystafford
/Volumes/KIOXIA/voxdata/garystafford/fake/garystafford_1859.wav,1,garystafford
/Volumes/KIOXIA/voxdata/garystafford/fake/garystafford_1681.wav,1,garystafford
/Volumes/KIOXIA/voxdata/garystafford/fake/garystafford_1118.wav,1,garystafford
/Volumes/KIOXIA/voxdata/garystafford/fake/garystafford_1656.wav,1,garystafford
/Volumes/KIOXIA/voxdata/garystafford/fake/garystafford_1130.wav,1,garystafford
/Volumes/KIOXIA/voxdata/garystafford/fake/garystafford_1124.wav,1,garystafford
/Volumes/KIOXIA/voxdata/garystafford/fake/garystafford_1642.wav,1,garystafford
/Volumes/KIOXIA/voxdata/garystafford/fake/garystafford_1087.wav,1,garystafford
/Volumes/KIOXIA/voxdata/garystafford/fake/garystafford_1093.wav,1,garystafford
/Volumes/KIOXIA/voxdata/garystafford/fake/garystafford_1078.wav,1,garystafford
/Volumes/KIOXIA/voxdata/garystafford/fake/garystafford_1722.wav,1,garystafford
/Volumes/KIOXIA/voxdata/garystafford/fake/garystafford_1044.wav,1,garystafford
/Volumes/KIOXIA/voxdata/garystafford/fake/garystafford_1050.wav,1,garystafford
/Volumes/KIOXIA/voxdata/garystafford/fake/garystafford_1736.wav,1,garystafford
/Volumes/KIOXIA/voxdata/garystafford/fake/garystafford_1285.wav,1,garystafford
/Volumes/KIOXIA/voxdata/garystafford/fake/garystafford_1291.wav,1,garystafford
/Volumes/KIOXIA/voxdata/garystafford/fake/garystafford_1508.wav,1,garystafford
/Volumes/KIOXIA/voxdata/garystafford/fake/garystafford_1246.wav,1,garystafford
/Volumes/KIOXIA/voxdata/garystafford/fake/garystafford_1520.wav,1,garystafford
/Volumes/KIOXIA/voxdata/garystafford/fake/garystafford_1534.wav,1,garystafford
/Volumes/KIOXIA/voxdata/garystafford/fake/garystafford_1252.wav,1,garystafford
/Volumes/KIOXIA/voxdata/garystafford/fake/garystafford_1535.wav,1,garystafford
/Volumes/KIOXIA/voxdata/garystafford/fake/garystafford_1253.wav,1,garystafford
/Volumes/KIOXIA/voxdata/garystafford/fake/garystafford_1247.wav,1,garystafford
/Volumes/KIOXIA/voxdata/garystafford/fake/garystafford_1521.wav,1,garystafford
/Volumes/KIOXIA/voxdata/garystafford/fake/garystafford_1509.wav,1,garystafford
/Volumes/KIOXIA/voxdata/garystafford/fake/garystafford_1290.wav,1,garystafford
/Volumes/KIOXIA/voxdata/garystafford/fake/garystafford_1284.wav,1,garystafford
/Volumes/KIOXIA/voxdata/garystafford/fake/garystafford_1051.wav,1,garystafford
/Volumes/KIOXIA/voxdata/garystafford/fake/garystafford_1737.wav,1,garystafford
/Volumes/KIOXIA/voxdata/garystafford/fake/garystafford_1723.wav,1,garystafford
/Volumes/KIOXIA/voxdata/garystafford/fake/garystafford_1045.wav,1,garystafford
/Volumes/KIOXIA/voxdata/garystafford/fake/garystafford_1079.wav,1,garystafford
/Volumes/KIOXIA/voxdata/garystafford/fake/garystafford_1092.wav,1,garystafford
/Volumes/KIOXIA/voxdata/garystafford/fake/garystafford_1086.wav,1,garystafford
/Volumes/KIOXIA/voxdata/garystafford/fake/garystafford_1125.wav,1,garystafford
/Volumes/KIOXIA/voxdata/garystafford/fake/garystafford_1643.wav,1,garystafford
/Volumes/KIOXIA/voxdata/garystafford/fake/garystafford_1657.wav,1,garystafford
/Volumes/KIOXIA/voxdata/garystafford/fake/garystafford_1131.wav,1,garystafford
/Volumes/KIOXIA/voxdata/garystafford/fake/garystafford_1119.wav,1,garystafford
/Volumes/KIOXIA/voxdata/garystafford/fake/garystafford_1680.wav,1,garystafford
/Volumes/KIOXIA/voxdata/garystafford/fake/garystafford_1858.wav,1,garystafford
/Volumes/KIOXIA/voxdata/garystafford/fake/garystafford_1694.wav,1,garystafford
/Volumes/KIOXIA/voxdata/garystafford/fake/garystafford_1864.wav,1,garystafford
/Volumes/KIOXIA/voxdata/garystafford/fake/garystafford_1441.wav,1,garystafford
/Volumes/KIOXIA/voxdata/garystafford/fake/garystafford_1327.wav,1,garystafford
/Volumes/KIOXIA/voxdata/garystafford/fake/garystafford_1333.wav,1,garystafford
/Volumes/KIOXIA/voxdata/garystafford/fake/garystafford_1455.wav,1,garystafford
/Volumes/KIOXIA/voxdata/garystafford/fake/garystafford_1469.wav,1,garystafford
/Volumes/KIOXIA/voxdata/garystafford/fake/garystafford_1482.wav,1,garystafford
/Volumes/KIOXIA/voxdata/garystafford/fake/garystafford_1496.wav,1,garystafford
/Volumes/KIOXIA/voxdata/garystafford/fake/garystafford_1492.wav,1,garystafford
/Volumes/KIOXIA/voxdata/garystafford/fake/garystafford_1486.wav,1,garystafford
/Volumes/KIOXIA/voxdata/garystafford/fake/garystafford_1451.wav,1,garystafford
/Volumes/KIOXIA/voxdata/garystafford/fake/garystafford_1337.wav,1,garystafford
/Volumes/KIOXIA/voxdata/garystafford/fake/garystafford_1323.wav,1,garystafford
/Volumes/KIOXIA/voxdata/garystafford/fake/garystafford_1445.wav,1,garystafford
/Volumes/KIOXIA/voxdata/garystafford/fake/garystafford_1479.wav,1,garystafford
/Volumes/KIOXIA/voxdata/garystafford/fake/garystafford_1848.wav,1,garystafford
/Volumes/KIOXIA/voxdata/garystafford/fake/garystafford_1690.wav,1,garystafford
/Volumes/KIOXIA/voxdata/garystafford/fake/garystafford_1684.wav,1,garystafford
/Volumes/KIOXIA/voxdata/garystafford/fake/garystafford_1860.wav,1,garystafford
/Volumes/KIOXIA/voxdata/garystafford/fake/garystafford_1135.wav,1,garystafford
/Volumes/KIOXIA/voxdata/garystafford/fake/garystafford_1653.wav,1,garystafford
/Volumes/KIOXIA/voxdata/garystafford/fake/garystafford_1647.wav,1,garystafford
/Volumes/KIOXIA/voxdata/garystafford/fake/garystafford_1121.wav,1,garystafford
/Volumes/KIOXIA/voxdata/garystafford/fake/garystafford_1109.wav,1,garystafford
/Volumes/KIOXIA/voxdata/garystafford/fake/garystafford_1082.wav,1,garystafford
/Volumes/KIOXIA/voxdata/garystafford/fake/garystafford_1096.wav,1,garystafford
/Volumes/KIOXIA/voxdata/garystafford/fake/garystafford_1041.wav,1,garystafford
/Volumes/KIOXIA/voxdata/garystafford/fake/garystafford_1727.wav,1,garystafford
/Volumes/KIOXIA/voxdata/garystafford/fake/garystafford_1733.wav,1,garystafford
/Volumes/KIOXIA/voxdata/garystafford/fake/garystafford_1055.wav,1,garystafford
/Volumes/KIOXIA/voxdata/garystafford/fake/garystafford_1069.wav,1,garystafford
/Volumes/KIOXIA/voxdata/garystafford/fake/garystafford_1280.wav,1,garystafford
/Volumes/KIOXIA/voxdata/garystafford/fake/garystafford_1294.wav,1,garystafford
/Volumes/KIOXIA/voxdata/garystafford/fake/garystafford_1525.wav,1,garystafford
/Volumes/KIOXIA/voxdata/garystafford/fake/garystafford_1243.wav,1,garystafford
/Volumes/KIOXIA/voxdata/garystafford/fake/garystafford_1257.wav,1,garystafford
/Volumes/KIOXIA/voxdata/garystafford/fake/garystafford_1531.wav,1,garystafford
/Volumes/KIOXIA/voxdata/garystafford/fake/garystafford_1519.wav,1,garystafford
/Volumes/KIOXIA/voxdata/garystafford/fake/garystafford_1518.wav,1,garystafford
/Volumes/KIOXIA/voxdata/garystafford/fake/garystafford_1256.wav,1,garystafford
/Volumes/KIOXIA/voxdata/garystafford/fake/garystafford_1530.wav,1,garystafford
/Volumes/KIOXIA/voxdata/garystafford/fake/garystafford_1524.wav,1,garystafford
/Volumes/KIOXIA/voxdata/garystafford/fake/garystafford_1242.wav,1,garystafford
/Volumes/KIOXIA/voxdata/garystafford/fake/garystafford_1295.wav,1,garystafford
/Volumes/KIOXIA/voxdata/garystafford/fake/garystafford_1281.wav,1,garystafford
/Volumes/KIOXIA/voxdata/garystafford/fake/garystafford_1068.wav,1,garystafford
/Volumes/KIOXIA/voxdata/garystafford/fake/garystafford_1732.wav,1,garystafford
/Volumes/KIOXIA/voxdata/garystafford/fake/garystafford_1054.wav,1,garystafford
/Volumes/KIOXIA/voxdata/garystafford/fake/garystafford_1040.wav,1,garystafford
/Volumes/KIOXIA/voxdata/garystafford/fake/garystafford_1726.wav,1,garystafford
/Volumes/KIOXIA/voxdata/garystafford/fake/garystafford_1097.wav,1,garystafford
/Volumes/KIOXIA/voxdata/garystafford/fake/garystafford_1083.wav,1,garystafford
/Volumes/KIOXIA/voxdata/garystafford/fake/garystafford_1108.wav,1,garystafford
/Volumes/KIOXIA/voxdata/garystafford/fake/garystafford_1646.wav,1,garystafford
/Volumes/KIOXIA/voxdata/garystafford/fake/garystafford_1120.wav,1,garystafford
/Volumes/KIOXIA/voxdata/garystafford/fake/garystafford_1134.wav,1,garystafford
/Volumes/KIOXIA/voxdata/garystafford/fake/garystafford_1652.wav,1,garystafford
/Volumes/KIOXIA/voxdata/garystafford/fake/garystafford_1861.wav,1,garystafford
/Volumes/KIOXIA/voxdata/garystafford/fake/garystafford_1685.wav,1,garystafford
/Volumes/KIOXIA/voxdata/garystafford/fake/garystafford_1691.wav,1,garystafford
/Volumes/KIOXIA/voxdata/garystafford/fake/garystafford_1849.wav,1,garystafford
/Volumes/KIOXIA/voxdata/garystafford/fake/garystafford_1478.wav,1,garystafford
/Volumes/KIOXIA/voxdata/garystafford/fake/garystafford_1322.wav,1,garystafford
/Volumes/KIOXIA/voxdata/garystafford/fake/garystafford_1444.wav,1,garystafford
/Volumes/KIOXIA/voxdata/garystafford/fake/garystafford_1450.wav,1,garystafford
/Volumes/KIOXIA/voxdata/garystafford/fake/garystafford_1336.wav,1,garystafford
/Volumes/KIOXIA/voxdata/garystafford/fake/garystafford_1487.wav,1,garystafford
/Volumes/KIOXIA/voxdata/garystafford/fake/garystafford_1493.wav,1,garystafford
/Volumes/KIOXIA/voxdata/garystafford/fake/garystafford_1485.wav,1,garystafford
/Volumes/KIOXIA/voxdata/garystafford/fake/garystafford_1491.wav,1,garystafford
/Volumes/KIOXIA/voxdata/garystafford/fake/garystafford_1446.wav,1,garystafford
/Volumes/KIOXIA/voxdata/garystafford/fake/garystafford_1320.wav,1,garystafford
/Volumes/KIOXIA/voxdata/garystafford/fake/garystafford_1334.wav,1,garystafford
/Volumes/KIOXIA/voxdata/garystafford/fake/garystafford_1452.wav,1,garystafford
/Volumes/KIOXIA/voxdata/garystafford/fake/garystafford_1308.wav,1,garystafford
/Volumes/KIOXIA/voxdata/garystafford/fake/garystafford_1687.wav,1,garystafford
/Volumes/KIOXIA/voxdata/garystafford/fake/garystafford_1693.wav,1,garystafford
/Volumes/KIOXIA/voxdata/garystafford/fake/garystafford_1863.wav,1,garystafford
/Volumes/KIOXIA/voxdata/garystafford/fake/garystafford_1122.wav,1,garystafford
/Volumes/KIOXIA/voxdata/garystafford/fake/garystafford_1644.wav,1,garystafford
/Volumes/KIOXIA/voxdata/garystafford/fake/garystafford_1650.wav,1,garystafford
/Volumes/KIOXIA/voxdata/garystafford/fake/garystafford_1136.wav,1,garystafford
/Volumes/KIOXIA/voxdata/garystafford/fake/garystafford_1678.wav,1,garystafford
/Volumes/KIOXIA/voxdata/garystafford/fake/garystafford_1095.wav,1,garystafford
/Volumes/KIOXIA/voxdata/garystafford/fake/garystafford_1081.wav,1,garystafford
/Volumes/KIOXIA/voxdata/garystafford/fake/garystafford_1056.wav,1,garystafford
/Volumes/KIOXIA/voxdata/garystafford/fake/garystafford_1730.wav,1,garystafford
/Volumes/KIOXIA/voxdata/garystafford/fake/garystafford_1724.wav,1,garystafford
/Volumes/KIOXIA/voxdata/garystafford/fake/garystafford_1042.wav,1,garystafford
/Volumes/KIOXIA/voxdata/garystafford/fake/garystafford_1718.wav,1,garystafford
/Volumes/KIOXIA/voxdata/garystafford/fake/garystafford_1297.wav,1,garystafford
/Volumes/KIOXIA/voxdata/garystafford/fake/garystafford_1283.wav,1,garystafford
/Volumes/KIOXIA/voxdata/garystafford/fake/garystafford_1532.wav,1,garystafford
/Volumes/KIOXIA/voxdata/garystafford/fake/garystafford_1254.wav,1,garystafford
/Volumes/KIOXIA/voxdata/garystafford/fake/garystafford_1240.wav,1,garystafford
/Volumes/KIOXIA/voxdata/garystafford/fake/garystafford_1526.wav,1,garystafford
/Volumes/KIOXIA/voxdata/garystafford/fake/garystafford_1268.wav,1,garystafford
/Volumes/KIOXIA/voxdata/garystafford/fake/garystafford_1269.wav,1,garystafford
/Volumes/KIOXIA/voxdata/garystafford/fake/garystafford_1241.wav,1,garystafford
/Volumes/KIOXIA/voxdata/garystafford/fake/garystafford_1527.wav,1,garystafford
/Volumes/KIOXIA/voxdata/garystafford/fake/garystafford_1533.wav,1,garystafford
/Volumes/KIOXIA/voxdata/garystafford/fake/garystafford_1255.wav,1,garystafford
/Volumes/KIOXIA/voxdata/garystafford/fake/garystafford_1282.wav,1,garystafford
/Volumes/KIOXIA/voxdata/garystafford/fake/garystafford_1296.wav,1,garystafford
/Volumes/KIOXIA/voxdata/garystafford/fake/garystafford_1719.wav,1,garystafford
/Volumes/KIOXIA/voxdata/garystafford/fake/garystafford_1725.wav,1,garystafford
/Volumes/KIOXIA/voxdata/garystafford/fake/garystafford_1043.wav,1,garystafford
/Volumes/KIOXIA/voxdata/garystafford/fake/garystafford_1057.wav,1,garystafford
/Volumes/KIOXIA/voxdata/garystafford/fake/garystafford_1731.wav,1,garystafford
/Volumes/KIOXIA/voxdata/garystafford/fake/garystafford_1080.wav,1,garystafford
/Volumes/KIOXIA/voxdata/garystafford/fake/garystafford_1094.wav,1,garystafford
/Volumes/KIOXIA/voxdata/garystafford/fake/garystafford_1679.wav,1,garystafford
/Volumes/KIOXIA/voxdata/garystafford/fake/garystafford_1651.wav,1,garystafford
/Volumes/KIOXIA/voxdata/garystafford/fake/garystafford_1137.wav,1,garystafford
/Volumes/KIOXIA/voxdata/garystafford/fake/garystafford_1123.wav,1,garystafford
/Volumes/KIOXIA/voxdata/garystafford/fake/garystafford_1645.wav,1,garystafford
/Volumes/KIOXIA/voxdata/garystafford/fake/garystafford_1862.wav,1,garystafford
/Volumes/KIOXIA/voxdata/garystafford/fake/garystafford_1692.wav,1,garystafford
/Volumes/KIOXIA/voxdata/garystafford/fake/garystafford_1686.wav,1,garystafford
/Volumes/KIOXIA/voxdata/garystafford/fake/garystafford_1309.wav,1,garystafford
/Volumes/KIOXIA/voxdata/garystafford/fake/garystafford_1335.wav,1,garystafford
/Volumes/KIOXIA/voxdata/garystafford/fake/garystafford_1453.wav,1,garystafford
/Volumes/KIOXIA/voxdata/garystafford/fake/garystafford_1447.wav,1,garystafford
/Volumes/KIOXIA/voxdata/garystafford/fake/garystafford_1321.wav,1,garystafford
/Volumes/KIOXIA/voxdata/garystafford/fake/garystafford_1490.wav,1,garystafford
/Volumes/KIOXIA/voxdata/garystafford/fake/garystafford_1484.wav,1,garystafford
/Volumes/KIOXIA/voxdata/garystafford/fake/garystafford_1385.wav,1,garystafford
/Volumes/KIOXIA/voxdata/garystafford/fake/garystafford_1391.wav,1,garystafford
/Volumes/KIOXIA/voxdata/garystafford/fake/garystafford_1408.wav,1,garystafford
/Volumes/KIOXIA/voxdata/garystafford/fake/garystafford_1420.wav,1,garystafford
/Volumes/KIOXIA/voxdata/garystafford/fake/garystafford_1346.wav,1,garystafford
/Volumes/KIOXIA/voxdata/garystafford/fake/garystafford_1352.wav,1,garystafford
/Volumes/KIOXIA/voxdata/garystafford/fake/garystafford_1434.wav,1,garystafford
/Volumes/KIOXIA/voxdata/garystafford/fake/garystafford_1805.wav,1,garystafford
/Volumes/KIOXIA/voxdata/garystafford/fake/garystafford_1811.wav,1,garystafford
/Volumes/KIOXIA/voxdata/garystafford/fake/garystafford_1187.wav,1,garystafford
/Volumes/KIOXIA/voxdata/garystafford/fake/garystafford_1839.wav,1,garystafford
/Volumes/KIOXIA/voxdata/garystafford/fake/garystafford_1193.wav,1,garystafford
/Volumes/KIOXIA/voxdata/garystafford/fake/garystafford_1178.wav,1,garystafford
/Volumes/KIOXIA/voxdata/garystafford/fake/garystafford_1144.wav,1,garystafford
/Volumes/KIOXIA/voxdata/garystafford/fake/garystafford_1622.wav,1,garystafford
/Volumes/KIOXIA/voxdata/garystafford/fake/garystafford_1636.wav,1,garystafford
/Volumes/KIOXIA/voxdata/garystafford/fake/garystafford_1150.wav,1,garystafford
/Volumes/KIOXIA/voxdata/garystafford/fake/garystafford_1795.wav,1,garystafford
/Volumes/KIOXIA/voxdata/garystafford/fake/garystafford_999.wav,1,garystafford
/Volumes/KIOXIA/voxdata/garystafford/fake/garystafford_1781.wav,1,garystafford
/Volumes/KIOXIA/voxdata/garystafford/fake/garystafford_966.wav,1,garystafford
/Volumes/KIOXIA/voxdata/garystafford/fake/garystafford_972.wav,1,garystafford
/Volumes/KIOXIA/voxdata/garystafford/fake/garystafford_1018.wav,1,garystafford
/Volumes/KIOXIA/voxdata/garystafford/fake/garystafford_1030.wav,1,garystafford
/Volumes/KIOXIA/voxdata/garystafford/fake/garystafford_1756.wav,1,garystafford
/Volumes/KIOXIA/voxdata/garystafford/fake/garystafford_1742.wav,1,garystafford
/Volumes/KIOXIA/voxdata/garystafford/fake/garystafford_1024.wav,1,garystafford
/Volumes/KIOXIA/voxdata/garystafford/fake/garystafford_1597.wav,1,garystafford
/Volumes/KIOXIA/voxdata/garystafford/fake/garystafford_1583.wav,1,garystafford
/Volumes/KIOXIA/voxdata/garystafford/fake/garystafford_1568.wav,1,garystafford
/Volumes/KIOXIA/voxdata/garystafford/fake/garystafford_1554.wav,1,garystafford
/Volumes/KIOXIA/voxdata/garystafford/fake/garystafford_1232.wav,1,garystafford
/Volumes/KIOXIA/voxdata/garystafford/fake/garystafford_1226.wav,1,garystafford
/Volumes/KIOXIA/voxdata/garystafford/fake/garystafford_1540.wav,1,garystafford
/Volumes/KIOXIA/voxdata/garystafford/fake/garystafford_1227.wav,1,garystafford
/Volumes/KIOXIA/voxdata/garystafford/fake/garystafford_1541.wav,1,garystafford
/Volumes/KIOXIA/voxdata/garystafford/fake/garystafford_1555.wav,1,garystafford
/Volumes/KIOXIA/voxdata/garystafford/fake/garystafford_1233.wav,1,garystafford
/Volumes/KIOXIA/voxdata/garystafford/fake/garystafford_1569.wav,1,garystafford
/Volumes/KIOXIA/voxdata/garystafford/fake/garystafford_1582.wav,1,garystafford
/Volumes/KIOXIA/voxdata/garystafford/fake/garystafford_1596.wav,1,garystafford
/Volumes/KIOXIA/voxdata/garystafford/fake/garystafford_1743.wav,1,garystafford
/Volumes/KIOXIA/voxdata/garystafford/fake/garystafford_1025.wav,1,garystafford
/Volumes/KIOXIA/voxdata/garystafford/fake/garystafford_1031.wav,1,garystafford
/Volumes/KIOXIA/voxdata/garystafford/fake/garystafford_1757.wav,1,garystafford
/Volumes/KIOXIA/voxdata/garystafford/fake/garystafford_973.wav,1,garystafford
/Volumes/KIOXIA/voxdata/garystafford/fake/garystafford_1019.wav,1,garystafford
/Volumes/KIOXIA/voxdata/garystafford/fake/garystafford_967.wav,1,garystafford
/Volumes/KIOXIA/voxdata/garystafford/fake/garystafford_1780.wav,1,garystafford
/Volumes/KIOXIA/voxdata/garystafford/fake/garystafford_998.wav,1,garystafford
/Volumes/KIOXIA/voxdata/garystafford/fake/garystafford_1794.wav,1,garystafford
/Volumes/KIOXIA/voxdata/garystafford/fake/garystafford_1637.wav,1,garystafford
/Volumes/KIOXIA/voxdata/garystafford/fake/garystafford_1151.wav,1,garystafford
/Volumes/KIOXIA/voxdata/garystafford/fake/garystafford_1145.wav,1,garystafford
/Volumes/KIOXIA/voxdata/garystafford/fake/garystafford_1623.wav,1,garystafford
/Volumes/KIOXIA/voxdata/garystafford/fake/garystafford_1179.wav,1,garystafford
/Volumes/KIOXIA/voxdata/garystafford/fake/garystafford_1192.wav,1,garystafford
/Volumes/KIOXIA/voxdata/garystafford/fake/garystafford_1186.wav,1,garystafford
/Volumes/KIOXIA/voxdata/garystafford/fake/garystafford_1838.wav,1,garystafford
/Volumes/KIOXIA/voxdata/garystafford/fake/garystafford_1810.wav,1,garystafford
/Volumes/KIOXIA/voxdata/garystafford/fake/garystafford_1804.wav,1,garystafford
/Volumes/KIOXIA/voxdata/garystafford/fake/garystafford_1353.wav,1,garystafford
/Volumes/KIOXIA/voxdata/garystafford/fake/garystafford_1435.wav,1,garystafford
/Volumes/KIOXIA/voxdata/garystafford/fake/garystafford_1421.wav,1,garystafford
/Volumes/KIOXIA/voxdata/garystafford/fake/garystafford_1347.wav,1,garystafford
/Volumes/KIOXIA/voxdata/garystafford/fake/garystafford_1409.wav,1,garystafford
/Volumes/KIOXIA/voxdata/garystafford/fake/garystafford_1390.wav,1,garystafford
/Volumes/KIOXIA/voxdata/garystafford/fake/garystafford_1384.wav,1,garystafford
/Volumes/KIOXIA/voxdata/garystafford/fake/garystafford_1392.wav,1,garystafford
/Volumes/KIOXIA/voxdata/garystafford/fake/garystafford_1386.wav,1,garystafford
/Volumes/KIOXIA/voxdata/garystafford/fake/garystafford_1379.wav,1,garystafford
/Volumes/KIOXIA/voxdata/garystafford/fake/garystafford_1437.wav,1,garystafford
/Volumes/KIOXIA/voxdata/garystafford/fake/garystafford_1351.wav,1,garystafford
/Volumes/KIOXIA/voxdata/garystafford/fake/garystafford_1345.wav,1,garystafford
/Volumes/KIOXIA/voxdata/garystafford/fake/garystafford_1423.wav,1,garystafford
/Volumes/KIOXIA/voxdata/garystafford/fake/garystafford_1812.wav,1,garystafford
/Volumes/KIOXIA/voxdata/garystafford/fake/garystafford_1806.wav,1,garystafford
/Volumes/KIOXIA/voxdata/garystafford/fake/garystafford_1190.wav,1,garystafford
/Volumes/KIOXIA/voxdata/garystafford/fake/garystafford_1184.wav,1,garystafford
/Volumes/KIOXIA/voxdata/garystafford/fake/garystafford_1609.wav,1,garystafford
/Volumes/KIOXIA/voxdata/garystafford/fake/garystafford_1153.wav,1,garystafford
/Volumes/KIOXIA/voxdata/garystafford/fake/garystafford_1635.wav,1,garystafford
/Volumes/KIOXIA/voxdata/garystafford/fake/garystafford_1621.wav,1,garystafford
/Volumes/KIOXIA/voxdata/garystafford/fake/garystafford_1147.wav,1,garystafford
/Volumes/KIOXIA/voxdata/garystafford/fake/garystafford_1782.wav,1,garystafford
/Volumes/KIOXIA/voxdata/garystafford/fake/garystafford_1796.wav,1,garystafford
/Volumes/KIOXIA/voxdata/garystafford/fake/garystafford_971.wav,1,garystafford
/Volumes/KIOXIA/voxdata/garystafford/fake/garystafford_1769.wav,1,garystafford
/Volumes/KIOXIA/voxdata/garystafford/fake/garystafford_965.wav,1,garystafford
/Volumes/KIOXIA/voxdata/garystafford/fake/garystafford_1027.wav,1,garystafford
/Volumes/KIOXIA/voxdata/garystafford/fake/garystafford_1741.wav,1,garystafford
/Volumes/KIOXIA/voxdata/garystafford/fake/garystafford_959.wav,1,garystafford
/Volumes/KIOXIA/voxdata/garystafford/fake/garystafford_1755.wav,1,garystafford
/Volumes/KIOXIA/voxdata/garystafford/fake/garystafford_1033.wav,1,garystafford
/Volumes/KIOXIA/voxdata/garystafford/fake/garystafford_1580.wav,1,garystafford
/Volumes/KIOXIA/voxdata/garystafford/fake/garystafford_1594.wav,1,garystafford
/Volumes/KIOXIA/voxdata/garystafford/fake/garystafford_1219.wav,1,garystafford
/Volumes/KIOXIA/voxdata/garystafford/fake/garystafford_1543.wav,1,garystafford
/Volumes/KIOXIA/voxdata/garystafford/fake/garystafford_1225.wav,1,garystafford
/Volumes/KIOXIA/voxdata/garystafford/fake/garystafford_1231.wav,1,garystafford
/Volumes/KIOXIA/voxdata/garystafford/fake/garystafford_1557.wav,1,garystafford
/Volumes/KIOXIA/voxdata/garystafford/fake/garystafford_1230.wav,1,garystafford
/Volumes/KIOXIA/voxdata/garystafford/fake/garystafford_1556.wav,1,garystafford
/Volumes/KIOXIA/voxdata/garystafford/fake/garystafford_1542.wav,1,garystafford
/Volumes/KIOXIA/voxdata/garystafford/fake/garystafford_1224.wav,1,garystafford
/Volumes/KIOXIA/voxdata/garystafford/fake/garystafford_1218.wav,1,garystafford
/Volumes/KIOXIA/voxdata/garystafford/fake/garystafford_1595.wav,1,garystafford
/Volumes/KIOXIA/voxdata/garystafford/fake/garystafford_1581.wav,1,garystafford
/Volumes/KIOXIA/voxdata/garystafford/fake/garystafford_1754.wav,1,garystafford
/Volumes/KIOXIA/voxdata/garystafford/fake/garystafford_958.wav,1,garystafford
/Volumes/KIOXIA/voxdata/garystafford/fake/garystafford_1032.wav,1,garystafford
/Volumes/KIOXIA/voxdata/garystafford/fake/garystafford_1026.wav,1,garystafford
/Volumes/KIOXIA/voxdata/garystafford/fake/garystafford_1740.wav,1,garystafford
/Volumes/KIOXIA/voxdata/garystafford/fake/garystafford_964.wav,1,garystafford
/Volumes/KIOXIA/voxdata/garystafford/fake/garystafford_1768.wav,1,garystafford
/Volumes/KIOXIA/voxdata/garystafford/fake/garystafford_970.wav,1,garystafford
/Volumes/KIOXIA/voxdata/garystafford/fake/garystafford_1797.wav,1,garystafford
/Volumes/KIOXIA/voxdata/garystafford/fake/garystafford_1783.wav,1,garystafford
/Volumes/KIOXIA/voxdata/garystafford/fake/garystafford_1620.wav,1,garystafford
/Volumes/KIOXIA/voxdata/garystafford/fake/garystafford_1146.wav,1,garystafford
/Volumes/KIOXIA/voxdata/garystafford/fake/garystafford_1152.wav,1,garystafford
/Volumes/KIOXIA/voxdata/garystafford/fake/garystafford_1634.wav,1,garystafford
/Volumes/KIOXIA/voxdata/garystafford/fake/garystafford_1608.wav,1,garystafford
/Volumes/KIOXIA/voxdata/garystafford/fake/garystafford_1185.wav,1,garystafford
/Volumes/KIOXIA/voxdata/garystafford/fake/garystafford_1191.wav,1,garystafford
/Volumes/KIOXIA/voxdata/garystafford/fake/garystafford_1807.wav,1,garystafford
/Volumes/KIOXIA/voxdata/garystafford/fake/garystafford_1813.wav,1,garystafford
/Volumes/KIOXIA/voxdata/garystafford/fake/garystafford_1344.wav,1,garystafford
/Volumes/KIOXIA/voxdata/garystafford/fake/garystafford_1422.wav,1,garystafford
/Volumes/KIOXIA/voxdata/garystafford/fake/garystafford_1436.wav,1,garystafford
/Volumes/KIOXIA/voxdata/garystafford/fake/garystafford_1350.wav,1,garystafford
/Volumes/KIOXIA/voxdata/garystafford/fake/garystafford_1378.wav,1,garystafford
/Volumes/KIOXIA/voxdata/garystafford/fake/garystafford_1387.wav,1,garystafford
/Volumes/KIOXIA/voxdata/garystafford/fake/garystafford_1393.wav,1,garystafford
/Volumes/KIOXIA/voxdata/garystafford/fake/garystafford_1397.wav,1,garystafford
/Volumes/KIOXIA/voxdata/garystafford/fake/garystafford_1383.wav,1,garystafford
/Volumes/KIOXIA/voxdata/garystafford/fake/garystafford_1354.wav,1,garystafford
/Volumes/KIOXIA/voxdata/garystafford/fake/garystafford_1432.wav,1,garystafford
/Volumes/KIOXIA/voxdata/garystafford/fake/garystafford_1426.wav,1,garystafford
/Volumes/KIOXIA/voxdata/garystafford/fake/garystafford_1340.wav,1,garystafford
/Volumes/KIOXIA/voxdata/garystafford/fake/garystafford_1368.wav,1,garystafford
/Volumes/KIOXIA/voxdata/garystafford/fake/garystafford_1195.wav,1,garystafford
/Volumes/KIOXIA/voxdata/garystafford/fake/garystafford_1181.wav,1,garystafford
/Volumes/KIOXIA/voxdata/garystafford/fake/garystafford_1817.wav,1,garystafford
/Volumes/KIOXIA/voxdata/garystafford/fake/garystafford_1803.wav,1,garystafford
/Volumes/KIOXIA/voxdata/garystafford/fake/garystafford_1630.wav,1,garystafford
/Volumes/KIOXIA/voxdata/garystafford/fake/garystafford_1156.wav,1,garystafford
/Volumes/KIOXIA/voxdata/garystafford/fake/garystafford_1142.wav,1,garystafford
/Volumes/KIOXIA/voxdata/garystafford/fake/garystafford_1624.wav,1,garystafford
/Volumes/KIOXIA/voxdata/garystafford/fake/garystafford_1618.wav,1,garystafford
/Volumes/KIOXIA/voxdata/garystafford/fake/garystafford_1787.wav,1,garystafford
/Volumes/KIOXIA/voxdata/garystafford/fake/garystafford_1793.wav,1,garystafford
/Volumes/KIOXIA/voxdata/garystafford/fake/garystafford_1744.wav,1,garystafford
/Volumes/KIOXIA/voxdata/garystafford/fake/garystafford_948.wav,1,garystafford
/Volumes/KIOXIA/voxdata/garystafford/fake/garystafford_1022.wav,1,garystafford
/Volumes/KIOXIA/voxdata/garystafford/fake/garystafford_1036.wav,1,garystafford
/Volumes/KIOXIA/voxdata/garystafford/fake/garystafford_1750.wav,1,garystafford
/Volumes/KIOXIA/voxdata/garystafford/fake/garystafford_974.wav,1,garystafford
/Volumes/KIOXIA/voxdata/garystafford/fake/garystafford_1778.wav,1,garystafford
/Volumes/KIOXIA/voxdata/garystafford/fake/garystafford_960.wav,1,garystafford
/Volumes/KIOXIA/voxdata/garystafford/fake/garystafford_1585.wav,1,garystafford
/Volumes/KIOXIA/voxdata/garystafford/fake/garystafford_1591.wav,1,garystafford
/Volumes/KIOXIA/voxdata/garystafford/fake/garystafford_1220.wav,1,garystafford
/Volumes/KIOXIA/voxdata/garystafford/fake/garystafford_1546.wav,1,garystafford
/Volumes/KIOXIA/voxdata/garystafford/fake/garystafford_1552.wav,1,garystafford
/Volumes/KIOXIA/voxdata/garystafford/fake/garystafford_1234.wav,1,garystafford
/Volumes/KIOXIA/voxdata/garystafford/fake/garystafford_1208.wav,1,garystafford
/Volumes/KIOXIA/voxdata/garystafford/fake/garystafford_1209.wav,1,garystafford
/Volumes/KIOXIA/voxdata/garystafford/fake/garystafford_1553.wav,1,garystafford
/Volumes/KIOXIA/voxdata/garystafford/fake/garystafford_1235.wav,1,garystafford
/Volumes/KIOXIA/voxdata/garystafford/fake/garystafford_1221.wav,1,garystafford
/Volumes/KIOXIA/voxdata/garystafford/fake/garystafford_1547.wav,1,garystafford
/Volumes/KIOXIA/voxdata/garystafford/fake/garystafford_1590.wav,1,garystafford
/Volumes/KIOXIA/voxdata/garystafford/fake/garystafford_1584.wav,1,garystafford
/Volumes/KIOXIA/voxdata/garystafford/fake/garystafford_961.wav,1,garystafford
/Volumes/KIOXIA/voxdata/garystafford/fake/garystafford_1779.wav,1,garystafford
/Volumes/KIOXIA/voxdata/garystafford/fake/garystafford_975.wav,1,garystafford
/Volumes/KIOXIA/voxdata/garystafford/fake/garystafford_1037.wav,1,garystafford
/Volumes/KIOXIA/voxdata/garystafford/fake/garystafford_1751.wav,1,garystafford
/Volumes/KIOXIA/voxdata/garystafford/fake/garystafford_949.wav,1,garystafford
/Volumes/KIOXIA/voxdata/garystafford/fake/garystafford_1745.wav,1,garystafford
/Volumes/KIOXIA/voxdata/garystafford/fake/garystafford_1023.wav,1,garystafford
/Volumes/KIOXIA/voxdata/garystafford/fake/garystafford_1792.wav,1,garystafford
/Volumes/KIOXIA/voxdata/garystafford/fake/garystafford_1786.wav,1,garystafford
/Volumes/KIOXIA/voxdata/garystafford/fake/garystafford_1619.wav,1,garystafford
/Volumes/KIOXIA/voxdata/garystafford/fake/garystafford_1143.wav,1,garystafford
/Volumes/KIOXIA/voxdata/garystafford/fake/garystafford_1625.wav,1,garystafford
/Volumes/KIOXIA/voxdata/garystafford/fake/garystafford_1631.wav,1,garystafford
/Volumes/KIOXIA/voxdata/garystafford/fake/garystafford_1157.wav,1,garystafford
/Volumes/KIOXIA/voxdata/garystafford/fake/garystafford_1802.wav,1,garystafford
/Volumes/KIOXIA/voxdata/garystafford/fake/garystafford_1816.wav,1,garystafford
/Volumes/KIOXIA/voxdata/garystafford/fake/garystafford_1180.wav,1,garystafford
/Volumes/KIOXIA/voxdata/garystafford/fake/garystafford_1194.wav,1,garystafford
/Volumes/KIOXIA/voxdata/garystafford/fake/garystafford_1369.wav,1,garystafford
/Volumes/KIOXIA/voxdata/garystafford/fake/garystafford_1427.wav,1,garystafford
/Volumes/KIOXIA/voxdata/garystafford/fake/garystafford_1341.wav,1,garystafford
/Volumes/KIOXIA/voxdata/garystafford/fake/garystafford_1355.wav,1,garystafford
/Volumes/KIOXIA/voxdata/garystafford/fake/garystafford_1433.wav,1,garystafford
/Volumes/KIOXIA/voxdata/garystafford/fake/garystafford_1382.wav,1,garystafford
/Volumes/KIOXIA/voxdata/garystafford/fake/garystafford_1396.wav,1,garystafford
/Volumes/KIOXIA/voxdata/garystafford/fake/garystafford_1380.wav,1,garystafford
/Volumes/KIOXIA/voxdata/garystafford/fake/garystafford_1394.wav,1,garystafford
/Volumes/KIOXIA/voxdata/garystafford/fake/garystafford_1343.wav,1,garystafford
/Volumes/KIOXIA/voxdata/garystafford/fake/garystafford_1425.wav,1,garystafford
/Volumes/KIOXIA/voxdata/garystafford/fake/garystafford_1431.wav,1,garystafford
/Volumes/KIOXIA/voxdata/garystafford/fake/garystafford_1357.wav,1,garystafford
/Volumes/KIOXIA/voxdata/garystafford/fake/garystafford_1419.wav,1,garystafford
/Volumes/KIOXIA/voxdata/garystafford/fake/garystafford_1182.wav,1,garystafford
/Volumes/KIOXIA/voxdata/garystafford/fake/garystafford_1196.wav,1,garystafford
/Volumes/KIOXIA/voxdata/garystafford/fake/garystafford_1828.wav,1,garystafford
/Volumes/KIOXIA/voxdata/garystafford/fake/garystafford_1800.wav,1,garystafford
/Volumes/KIOXIA/voxdata/garystafford/fake/garystafford_1814.wav,1,garystafford
/Volumes/KIOXIA/voxdata/garystafford/fake/garystafford_1627.wav,1,garystafford
/Volumes/KIOXIA/voxdata/garystafford/fake/garystafford_1141.wav,1,garystafford
/Volumes/KIOXIA/voxdata/garystafford/fake/garystafford_1155.wav,1,garystafford
/Volumes/KIOXIA/voxdata/garystafford/fake/garystafford_1633.wav,1,garystafford
/Volumes/KIOXIA/voxdata/garystafford/fake/garystafford_1169.wav,1,garystafford
/Volumes/KIOXIA/voxdata/garystafford/fake/garystafford_1790.wav,1,garystafford
/Volumes/KIOXIA/voxdata/garystafford/fake/garystafford_988.wav,1,garystafford
/Volumes/KIOXIA/voxdata/garystafford/fake/garystafford_1784.wav,1,garystafford
/Volumes/KIOXIA/voxdata/garystafford/fake/garystafford_1753.wav,1,garystafford
/Volumes/KIOXIA/voxdata/garystafford/fake/garystafford_1035.wav,1,garystafford
/Volumes/KIOXIA/voxdata/garystafford/fake/garystafford_1021.wav,1,garystafford
/Volumes/KIOXIA/voxdata/garystafford/fake/garystafford_1747.wav,1,garystafford
/Volumes/KIOXIA/voxdata/garystafford/fake/garystafford_963.wav,1,garystafford
/Volumes/KIOXIA/voxdata/garystafford/fake/garystafford_1009.wav,1,garystafford
/Volumes/KIOXIA/voxdata/garystafford/fake/garystafford_977.wav,1,garystafford
/Volumes/KIOXIA/voxdata/garystafford/fake/garystafford_1592.wav,1,garystafford
/Volumes/KIOXIA/voxdata/garystafford/fake/garystafford_1586.wav,1,garystafford
/Volumes/KIOXIA/voxdata/garystafford/fake/garystafford_1237.wav,1,garystafford
/Volumes/KIOXIA/voxdata/garystafford/fake/garystafford_1551.wav,1,garystafford
/Volumes/KIOXIA/voxdata/garystafford/fake/garystafford_1545.wav,1,garystafford
/Volumes/KIOXIA/voxdata/garystafford/fake/garystafford_1223.wav,1,garystafford
/Volumes/KIOXIA/voxdata/garystafford/fake/garystafford_1579.wav,1,garystafford
/Volumes/KIOXIA/voxdata/garystafford/fake/garystafford_1578.wav,1,garystafford
/Volumes/KIOXIA/voxdata/garystafford/fake/garystafford_1544.wav,1,garystafford
/Volumes/KIOXIA/voxdata/garystafford/fake/garystafford_1222.wav,1,garystafford
/Volumes/KIOXIA/voxdata/garystafford/fake/garystafford_1236.wav,1,garystafford
/Volumes/KIOXIA/voxdata/garystafford/fake/garystafford_1550.wav,1,garystafford
/Volumes/KIOXIA/voxdata/garystafford/fake/garystafford_1587.wav,1,garystafford
/Volumes/KIOXIA/voxdata/garystafford/fake/garystafford_1593.wav,1,garystafford
/Volumes/KIOXIA/voxdata/garystafford/fake/garystafford_976.wav,1,garystafford
/Volumes/KIOXIA/voxdata/garystafford/fake/garystafford_962.wav,1,garystafford
/Volumes/KIOXIA/voxdata/garystafford/fake/garystafford_1008.wav,1,garystafford
/Volumes/KIOXIA/voxdata/garystafford/fake/garystafford_1020.wav,1,garystafford
/Volumes/KIOXIA/voxdata/garystafford/fake/garystafford_1746.wav,1,garystafford
/Volumes/KIOXIA/voxdata/garystafford/fake/garystafford_1752.wav,1,garystafford
/Volumes/KIOXIA/voxdata/garystafford/fake/garystafford_1034.wav,1,garystafford
/Volumes/KIOXIA/voxdata/garystafford/fake/garystafford_1785.wav,1,garystafford
/Volumes/KIOXIA/voxdata/garystafford/fake/garystafford_989.wav,1,garystafford
/Volumes/KIOXIA/voxdata/garystafford/fake/garystafford_1791.wav,1,garystafford
/Volumes/KIOXIA/voxdata/garystafford/fake/garystafford_1168.wav,1,garystafford
/Volumes/KIOXIA/voxdata/garystafford/fake/garystafford_1154.wav,1,garystafford
/Volumes/KIOXIA/voxdata/garystafford/fake/garystafford_1632.wav,1,garystafford
/Volumes/KIOXIA/voxdata/garystafford/fake/garystafford_1626.wav,1,garystafford
/Volumes/KIOXIA/voxdata/garystafford/fake/garystafford_1140.wav,1,garystafford
/Volumes/KIOXIA/voxdata/garystafford/fake/garystafford_1815.wav,1,garystafford
/Volumes/KIOXIA/voxdata/garystafford/fake/garystafford_1801.wav,1,garystafford
/Volumes/KIOXIA/voxdata/garystafford/fake/garystafford_1197.wav,1,garystafford
/Volumes/KIOXIA/voxdata/garystafford/fake/garystafford_1829.wav,1,garystafford
/Volumes/KIOXIA/voxdata/garystafford/fake/garystafford_1183.wav,1,garystafford
/Volumes/KIOXIA/voxdata/garystafford/fake/garystafford_1418.wav,1,garystafford
/Volumes/KIOXIA/voxdata/garystafford/fake/garystafford_1430.wav,1,garystafford
/Volumes/KIOXIA/voxdata/garystafford/fake/garystafford_1356.wav,1,garystafford
/Volumes/KIOXIA/voxdata/garystafford/fake/garystafford_1342.wav,1,garystafford
/Volumes/KIOXIA/voxdata/garystafford/fake/garystafford_1424.wav,1,garystafford
/Volumes/KIOXIA/voxdata/garystafford/fake/garystafford_1395.wav,1,garystafford
/Volumes/KIOXIA/voxdata/garystafford/fake/garystafford_1381.wav,1,garystafford
/Volumes/KIOXIA/voxdata/garystafford/fake/garystafford_1398.wav,1,garystafford
/Volumes/KIOXIA/voxdata/garystafford/fake/garystafford_1429.wav,1,garystafford
/Volumes/KIOXIA/voxdata/garystafford/fake/garystafford_1401.wav,1,garystafford
/Volumes/KIOXIA/voxdata/garystafford/fake/garystafford_1367.wav,1,garystafford
/Volumes/KIOXIA/voxdata/garystafford/fake/garystafford_1373.wav,1,garystafford
/Volumes/KIOXIA/voxdata/garystafford/fake/garystafford_1415.wav,1,garystafford
/Volumes/KIOXIA/voxdata/garystafford/fake/garystafford_1824.wav,1,garystafford
/Volumes/KIOXIA/voxdata/garystafford/fake/garystafford_1830.wav,1,garystafford
/Volumes/KIOXIA/voxdata/garystafford/fake/garystafford_1818.wav,1,garystafford
/Volumes/KIOXIA/voxdata/garystafford/fake/garystafford_1159.wav,1,garystafford
/Volumes/KIOXIA/voxdata/garystafford/fake/garystafford_1165.wav,1,garystafford
/Volumes/KIOXIA/voxdata/garystafford/fake/garystafford_1603.wav,1,garystafford
/Volumes/KIOXIA/voxdata/garystafford/fake/garystafford_1617.wav,1,garystafford
/Volumes/KIOXIA/voxdata/garystafford/fake/garystafford_1171.wav,1,garystafford
/Volumes/KIOXIA/voxdata/garystafford/fake/garystafford_1788.wav,1,garystafford
/Volumes/KIOXIA/voxdata/garystafford/fake/garystafford_984.wav,1,garystafford
/Volumes/KIOXIA/voxdata/garystafford/fake/garystafford_990.wav,1,garystafford
/Volumes/KIOXIA/voxdata/garystafford/fake/garystafford_947.wav,1,garystafford
/Volumes/KIOXIA/voxdata/garystafford/fake/garystafford_953.wav,1,garystafford
/Volumes/KIOXIA/voxdata/garystafford/fake/garystafford_1039.wav,1,garystafford
/Volumes/KIOXIA/voxdata/garystafford/fake/garystafford_1011.wav,1,garystafford
/Volumes/KIOXIA/voxdata/garystafford/fake/garystafford_1777.wav,1,garystafford
/Volumes/KIOXIA/voxdata/garystafford/fake/garystafford_1763.wav,1,garystafford
/Volumes/KIOXIA/voxdata/garystafford/fake/garystafford_1005.wav,1,garystafford
/Volumes/KIOXIA/voxdata/garystafford/fake/garystafford_1549.wav,1,garystafford
/Volumes/KIOXIA/voxdata/garystafford/fake/garystafford_1575.wav,1,garystafford
/Volumes/KIOXIA/voxdata/garystafford/fake/garystafford_1213.wav,1,garystafford
/Volumes/KIOXIA/voxdata/garystafford/fake/garystafford_1207.wav,1,garystafford
/Volumes/KIOXIA/voxdata/garystafford/fake/garystafford_1561.wav,1,garystafford
/Volumes/KIOXIA/voxdata/garystafford/fake/garystafford_1206.wav,1,garystafford
/Volumes/KIOXIA/voxdata/garystafford/fake/garystafford_1560.wav,1,garystafford
/Volumes/KIOXIA/voxdata/garystafford/fake/garystafford_1574.wav,1,garystafford
/Volumes/KIOXIA/voxdata/garystafford/fake/garystafford_1212.wav,1,garystafford
/Volumes/KIOXIA/voxdata/garystafford/fake/garystafford_1548.wav,1,garystafford
/Volumes/KIOXIA/voxdata/garystafford/fake/garystafford_1762.wav,1,garystafford
/Volumes/KIOXIA/voxdata/garystafford/fake/garystafford_1004.wav,1,garystafford
/Volumes/KIOXIA/voxdata/garystafford/fake/garystafford_1010.wav,1,garystafford
/Volumes/KIOXIA/voxdata/garystafford/fake/garystafford_1776.wav,1,garystafford
/Volumes/KIOXIA/voxdata/garystafford/fake/garystafford_952.wav,1,garystafford
/Volumes/KIOXIA/voxdata/garystafford/fake/garystafford_1038.wav,1,garystafford
/Volumes/KIOXIA/voxdata/garystafford/fake/garystafford_946.wav,1,garystafford
/Volumes/KIOXIA/voxdata/garystafford/fake/garystafford_991.wav,1,garystafford
/Volumes/KIOXIA/voxdata/garystafford/fake/garystafford_985.wav,1,garystafford
/Volumes/KIOXIA/voxdata/garystafford/fake/garystafford_1789.wav,1,garystafford
/Volumes/KIOXIA/voxdata/garystafford/fake/garystafford_1616.wav,1,garystafford
/Volumes/KIOXIA/voxdata/garystafford/fake/garystafford_1170.wav,1,garystafford
/Volumes/KIOXIA/voxdata/garystafford/fake/garystafford_1164.wav,1,garystafford
/Volumes/KIOXIA/voxdata/garystafford/fake/garystafford_1602.wav,1,garystafford
/Volumes/KIOXIA/voxdata/garystafford/fake/garystafford_1158.wav,1,garystafford
/Volumes/KIOXIA/voxdata/garystafford/fake/garystafford_1819.wav,1,garystafford
/Volumes/KIOXIA/voxdata/garystafford/fake/garystafford_1831.wav,1,garystafford
/Volumes/KIOXIA/voxdata/garystafford/fake/garystafford_1825.wav,1,garystafford
/Volumes/KIOXIA/voxdata/garystafford/fake/garystafford_1372.wav,1,garystafford
/Volumes/KIOXIA/voxdata/garystafford/fake/garystafford_1414.wav,1,garystafford
/Volumes/KIOXIA/voxdata/garystafford/fake/garystafford_1400.wav,1,garystafford
/Volumes/KIOXIA/voxdata/garystafford/fake/garystafford_1366.wav,1,garystafford
/Volumes/KIOXIA/voxdata/garystafford/fake/garystafford_1428.wav,1,garystafford
/Volumes/KIOXIA/voxdata/garystafford/fake/garystafford_1399.wav,1,garystafford
/Volumes/KIOXIA/voxdata/garystafford/fake/garystafford_1358.wav,1,garystafford
/Volumes/KIOXIA/voxdata/garystafford/fake/garystafford_1416.wav,1,garystafford
/Volumes/KIOXIA/voxdata/garystafford/fake/garystafford_1370.wav,1,garystafford
/Volumes/KIOXIA/voxdata/garystafford/fake/garystafford_1364.wav,1,garystafford
/Volumes/KIOXIA/voxdata/garystafford/fake/garystafford_1402.wav,1,garystafford
/Volumes/KIOXIA/voxdata/garystafford/fake/garystafford_1833.wav,1,garystafford
/Volumes/KIOXIA/voxdata/garystafford/fake/garystafford_1827.wav,1,garystafford
/Volumes/KIOXIA/voxdata/garystafford/fake/garystafford_1199.wav,1,garystafford
/Volumes/KIOXIA/voxdata/garystafford/fake/garystafford_1628.wav,1,garystafford
/Volumes/KIOXIA/voxdata/garystafford/fake/garystafford_1172.wav,1,garystafford
/Volumes/KIOXIA/voxdata/garystafford/fake/garystafford_1614.wav,1,garystafford
/Volumes/KIOXIA/voxdata/garystafford/fake/garystafford_1600.wav,1,garystafford
/Volumes/KIOXIA/voxdata/garystafford/fake/garystafford_1166.wav,1,garystafford
/Volumes/KIOXIA/voxdata/garystafford/fake/garystafford_993.wav,1,garystafford
/Volumes/KIOXIA/voxdata/garystafford/fake/garystafford_987.wav,1,garystafford
/Volumes/KIOXIA/voxdata/garystafford/fake/garystafford_950.wav,1,garystafford
/Volumes/KIOXIA/voxdata/garystafford/fake/garystafford_944.wav,1,garystafford
/Volumes/KIOXIA/voxdata/garystafford/fake/garystafford_1748.wav,1,garystafford
/Volumes/KIOXIA/voxdata/garystafford/fake/garystafford_1006.wav,1,garystafford
/Volumes/KIOXIA/voxdata/garystafford/fake/garystafford_1760.wav,1,garystafford
/Volumes/KIOXIA/voxdata/garystafford/fake/garystafford_1774.wav,1,garystafford
/Volumes/KIOXIA/voxdata/garystafford/fake/garystafford_978.wav,1,garystafford
/Volumes/KIOXIA/voxdata/garystafford/fake/garystafford_1012.wav,1,garystafford
/Volumes/KIOXIA/voxdata/garystafford/fake/garystafford_1589.wav,1,garystafford
/Volumes/KIOXIA/voxdata/garystafford/fake/garystafford_1238.wav,1,garystafford
/Volumes/KIOXIA/voxdata/garystafford/fake/garystafford_1562.wav,1,garystafford
/Volumes/KIOXIA/voxdata/garystafford/fake/garystafford_1204.wav,1,garystafford
/Volumes/KIOXIA/voxdata/garystafford/fake/garystafford_1210.wav,1,garystafford
/Volumes/KIOXIA/voxdata/garystafford/fake/garystafford_1576.wav,1,garystafford
/Volumes/KIOXIA/voxdata/garystafford/fake/garystafford_1211.wav,1,garystafford
/Volumes/KIOXIA/voxdata/garystafford/fake/garystafford_1577.wav,1,garystafford
/Volumes/KIOXIA/voxdata/garystafford/fake/garystafford_1563.wav,1,garystafford
/Volumes/KIOXIA/voxdata/garystafford/fake/garystafford_1205.wav,1,garystafford
/Volumes/KIOXIA/voxdata/garystafford/fake/garystafford_1239.wav,1,garystafford
/Volumes/KIOXIA/voxdata/garystafford/fake/garystafford_1588.wav,1,garystafford
/Volumes/KIOXIA/voxdata/garystafford/fake/garystafford_979.wav,1,garystafford
/Volumes/KIOXIA/voxdata/garystafford/fake/garystafford_1775.wav,1,garystafford
/Volumes/KIOXIA/voxdata/garystafford/fake/garystafford_1013.wav,1,garystafford
/Volumes/KIOXIA/voxdata/garystafford/fake/garystafford_1007.wav,1,garystafford
/Volumes/KIOXIA/voxdata/garystafford/fake/garystafford_1761.wav,1,garystafford
/Volumes/KIOXIA/voxdata/garystafford/fake/garystafford_1749.wav,1,garystafford
/Volumes/KIOXIA/voxdata/garystafford/fake/garystafford_945.wav,1,garystafford
/Volumes/KIOXIA/voxdata/garystafford/fake/garystafford_951.wav,1,garystafford
/Volumes/KIOXIA/voxdata/garystafford/fake/garystafford_986.wav,1,garystafford
/Volumes/KIOXIA/voxdata/garystafford/fake/garystafford_992.wav,1,garystafford
/Volumes/KIOXIA/voxdata/garystafford/fake/garystafford_1601.wav,1,garystafford
/Volumes/KIOXIA/voxdata/garystafford/fake/garystafford_1167.wav,1,garystafford
/Volumes/KIOXIA/voxdata/garystafford/fake/garystafford_1173.wav,1,garystafford
/Volumes/KIOXIA/voxdata/garystafford/fake/garystafford_1615.wav,1,garystafford
/Volumes/KIOXIA/voxdata/garystafford/fake/garystafford_1629.wav,1,garystafford
/Volumes/KIOXIA/voxdata/garystafford/fake/garystafford_1826.wav,1,garystafford
/Volumes/KIOXIA/voxdata/garystafford/fake/garystafford_1198.wav,1,garystafford
/Volumes/KIOXIA/voxdata/garystafford/fake/garystafford_1832.wav,1,garystafford
/Volumes/KIOXIA/voxdata/garystafford/fake/garystafford_1365.wav,1,garystafford
/Volumes/KIOXIA/voxdata/garystafford/fake/garystafford_1403.wav,1,garystafford
/Volumes/KIOXIA/voxdata/garystafford/fake/garystafford_1417.wav,1,garystafford
/Volumes/KIOXIA/voxdata/garystafford/fake/garystafford_1371.wav,1,garystafford
/Volumes/KIOXIA/voxdata/garystafford/fake/garystafford_1359.wav,1,garystafford
/Volumes/KIOXIA/voxdata/garystafford/fake/garystafford_1375.wav,1,garystafford
/Volumes/KIOXIA/voxdata/garystafford/fake/garystafford_1413.wav,1,garystafford
/Volumes/KIOXIA/voxdata/garystafford/fake/garystafford_1407.wav,1,garystafford
/Volumes/KIOXIA/voxdata/garystafford/fake/garystafford_1361.wav,1,garystafford
/Volumes/KIOXIA/voxdata/garystafford/fake/garystafford_1349.wav,1,garystafford
/Volumes/KIOXIA/voxdata/garystafford/fake/garystafford_1836.wav,1,garystafford
/Volumes/KIOXIA/voxdata/garystafford/fake/garystafford_1188.wav,1,garystafford
/Volumes/KIOXIA/voxdata/garystafford/fake/garystafford_1822.wav,1,garystafford
/Volumes/KIOXIA/voxdata/garystafford/fake/garystafford_1611.wav,1,garystafford
/Volumes/KIOXIA/voxdata/garystafford/fake/garystafford_1177.wav,1,garystafford
/Volumes/KIOXIA/voxdata/garystafford/fake/garystafford_1163.wav,1,garystafford
/Volumes/KIOXIA/voxdata/garystafford/fake/garystafford_1605.wav,1,garystafford
/Volumes/KIOXIA/voxdata/garystafford/fake/garystafford_1639.wav,1,garystafford
/Volumes/KIOXIA/voxdata/garystafford/fake/garystafford_996.wav,1,garystafford
/Volumes/KIOXIA/voxdata/garystafford/fake/garystafford_982.wav,1,garystafford
/Volumes/KIOXIA/voxdata/garystafford/fake/garystafford_969.wav,1,garystafford
/Volumes/KIOXIA/voxdata/garystafford/fake/garystafford_1765.wav,1,garystafford
/Volumes/KIOXIA/voxdata/garystafford/fake/garystafford_1003.wav,1,garystafford
/Volumes/KIOXIA/voxdata/garystafford/fake/garystafford_1017.wav,1,garystafford
/Volumes/KIOXIA/voxdata/garystafford/fake/garystafford_1771.wav,1,garystafford
/Volumes/KIOXIA/voxdata/garystafford/fake/garystafford_1759.wav,1,garystafford
/Volumes/KIOXIA/voxdata/garystafford/fake/garystafford_955.wav,1,garystafford
/Volumes/KIOXIA/voxdata/garystafford/fake/garystafford_941.wav,1,garystafford
/Volumes/KIOXIA/voxdata/garystafford/fake/garystafford_1598.wav,1,garystafford
/Volumes/KIOXIA/voxdata/garystafford/fake/garystafford_1201.wav,1,garystafford
/Volumes/KIOXIA/voxdata/garystafford/fake/garystafford_1567.wav,1,garystafford
/Volumes/KIOXIA/voxdata/garystafford/fake/garystafford_1573.wav,1,garystafford
/Volumes/KIOXIA/voxdata/garystafford/fake/garystafford_1215.wav,1,garystafford
/Volumes/KIOXIA/voxdata/garystafford/fake/garystafford_1229.wav,1,garystafford
/Volumes/KIOXIA/voxdata/garystafford/fake/garystafford_1228.wav,1,garystafford
/Volumes/KIOXIA/voxdata/garystafford/fake/garystafford_1572.wav,1,garystafford
/Volumes/KIOXIA/voxdata/garystafford/fake/garystafford_1214.wav,1,garystafford
/Volumes/KIOXIA/voxdata/garystafford/fake/garystafford_1200.wav,1,garystafford
/Volumes/KIOXIA/voxdata/garystafford/fake/garystafford_1566.wav,1,garystafford
/Volumes/KIOXIA/voxdata/garystafford/fake/garystafford_1599.wav,1,garystafford
/Volumes/KIOXIA/voxdata/garystafford/fake/garystafford_940.wav,1,garystafford
/Volumes/KIOXIA/voxdata/garystafford/fake/garystafford_954.wav,1,garystafford
/Volumes/KIOXIA/voxdata/garystafford/fake/garystafford_1758.wav,1,garystafford
/Volumes/KIOXIA/voxdata/garystafford/fake/garystafford_1016.wav,1,garystafford
/Volumes/KIOXIA/voxdata/garystafford/fake/garystafford_1770.wav,1,garystafford
/Volumes/KIOXIA/voxdata/garystafford/fake/garystafford_1764.wav,1,garystafford
/Volumes/KIOXIA/voxdata/garystafford/fake/garystafford_968.wav,1,garystafford
/Volumes/KIOXIA/voxdata/garystafford/fake/garystafford_1002.wav,1,garystafford
/Volumes/KIOXIA/voxdata/garystafford/fake/garystafford_983.wav,1,garystafford
/Volumes/KIOXIA/voxdata/garystafford/fake/garystafford_997.wav,1,garystafford
/Volumes/KIOXIA/voxdata/garystafford/fake/garystafford_1638.wav,1,garystafford
/Volumes/KIOXIA/voxdata/garystafford/fake/garystafford_1162.wav,1,garystafford
/Volumes/KIOXIA/voxdata/garystafford/fake/garystafford_1604.wav,1,garystafford
/Volumes/KIOXIA/voxdata/garystafford/fake/garystafford_1610.wav,1,garystafford
/Volumes/KIOXIA/voxdata/garystafford/fake/garystafford_1176.wav,1,garystafford
/Volumes/KIOXIA/voxdata/garystafford/fake/garystafford_1823.wav,1,garystafford
/Volumes/KIOXIA/voxdata/garystafford/fake/garystafford_1837.wav,1,garystafford
/Volumes/KIOXIA/voxdata/garystafford/fake/garystafford_1189.wav,1,garystafford
/Volumes/KIOXIA/voxdata/garystafford/fake/garystafford_1348.wav,1,garystafford
/Volumes/KIOXIA/voxdata/garystafford/fake/garystafford_1406.wav,1,garystafford
/Volumes/KIOXIA/voxdata/garystafford/fake/garystafford_1360.wav,1,garystafford
/Volumes/KIOXIA/voxdata/garystafford/fake/garystafford_1374.wav,1,garystafford
/Volumes/KIOXIA/voxdata/garystafford/fake/garystafford_1412.wav,1,garystafford
/Volumes/KIOXIA/voxdata/garystafford/fake/garystafford_1389.wav,1,garystafford
/Volumes/KIOXIA/voxdata/garystafford/fake/garystafford_1362.wav,1,garystafford
/Volumes/KIOXIA/voxdata/garystafford/fake/garystafford_1404.wav,1,garystafford
/Volumes/KIOXIA/voxdata/garystafford/fake/garystafford_1410.wav,1,garystafford
/Volumes/KIOXIA/voxdata/garystafford/fake/garystafford_1376.wav,1,garystafford
/Volumes/KIOXIA/voxdata/garystafford/fake/garystafford_1438.wav,1,garystafford
/Volumes/KIOXIA/voxdata/garystafford/fake/garystafford_1809.wav,1,garystafford
/Volumes/KIOXIA/voxdata/garystafford/fake/garystafford_1821.wav,1,garystafford
/Volumes/KIOXIA/voxdata/garystafford/fake/garystafford_1835.wav,1,garystafford
/Volumes/KIOXIA/voxdata/garystafford/fake/garystafford_1606.wav,1,garystafford
/Volumes/KIOXIA/voxdata/garystafford/fake/garystafford_1160.wav,1,garystafford
/Volumes/KIOXIA/voxdata/garystafford/fake/garystafford_1174.wav,1,garystafford
/Volumes/KIOXIA/voxdata/garystafford/fake/garystafford_1612.wav,1,garystafford
/Volumes/KIOXIA/voxdata/garystafford/fake/garystafford_1148.wav,1,garystafford
/Volumes/KIOXIA/voxdata/garystafford/fake/garystafford_981.wav,1,garystafford
/Volumes/KIOXIA/voxdata/garystafford/fake/garystafford_995.wav,1,garystafford
/Volumes/KIOXIA/voxdata/garystafford/fake/garystafford_1799.wav,1,garystafford
/Volumes/KIOXIA/voxdata/garystafford/fake/garystafford_1772.wav,1,garystafford
/Volumes/KIOXIA/voxdata/garystafford/fake/garystafford_1014.wav,1,garystafford
/Volumes/KIOXIA/voxdata/garystafford/fake/garystafford_1000.wav,1,garystafford
/Volumes/KIOXIA/voxdata/garystafford/fake/garystafford_1766.wav,1,garystafford
/Volumes/KIOXIA/voxdata/garystafford/fake/garystafford_942.wav,1,garystafford
/Volumes/KIOXIA/voxdata/garystafford/fake/garystafford_1028.wav,1,garystafford
/Volumes/KIOXIA/voxdata/garystafford/fake/garystafford_956.wav,1,garystafford
/Volumes/KIOXIA/voxdata/garystafford/fake/garystafford_1216.wav,1,garystafford
/Volumes/KIOXIA/voxdata/garystafford/fake/garystafford_1570.wav,1,garystafford
/Volumes/KIOXIA/voxdata/garystafford/fake/garystafford_1564.wav,1,garystafford
/Volumes/KIOXIA/voxdata/garystafford/fake/garystafford_1202.wav,1,garystafford
/Volumes/KIOXIA/voxdata/garystafford/fake/garystafford_1558.wav,1,garystafford
/Volumes/KIOXIA/voxdata/garystafford/fake/garystafford_1559.wav,1,garystafford
/Volumes/KIOXIA/voxdata/garystafford/fake/garystafford_1565.wav,1,garystafford
/Volumes/KIOXIA/voxdata/garystafford/fake/garystafford_1203.wav,1,garystafford
/Volumes/KIOXIA/voxdata/garystafford/fake/garystafford_1217.wav,1,garystafford
/Volumes/KIOXIA/voxdata/garystafford/fake/garystafford_1571.wav,1,garystafford
/Volumes/KIOXIA/voxdata/garystafford/fake/garystafford_957.wav,1,garystafford
/Volumes/KIOXIA/voxdata/garystafford/fake/garystafford_943.wav,1,garystafford
/Volumes/KIOXIA/voxdata/garystafford/fake/garystafford_1029.wav,1,garystafford
/Volumes/KIOXIA/voxdata/garystafford/fake/garystafford_1001.wav,1,garystafford
/Volumes/KIOXIA/voxdata/garystafford/fake/garystafford_1767.wav,1,garystafford
/Volumes/KIOXIA/voxdata/garystafford/fake/garystafford_1773.wav,1,garystafford
/Volumes/KIOXIA/voxdata/garystafford/fake/garystafford_1015.wav,1,garystafford
/Volumes/KIOXIA/voxdata/garystafford/fake/garystafford_1798.wav,1,garystafford
/Volumes/KIOXIA/voxdata/garystafford/fake/garystafford_994.wav,1,garystafford
/Volumes/KIOXIA/voxdata/garystafford/fake/garystafford_980.wav,1,garystafford
/Volumes/KIOXIA/voxdata/garystafford/fake/garystafford_1149.wav,1,garystafford
/Volumes/KIOXIA/voxdata/garystafford/fake/garystafford_1175.wav,1,garystafford
/Volumes/KIOXIA/voxdata/garystafford/fake/garystafford_1613.wav,1,garystafford
/Volumes/KIOXIA/voxdata/garystafford/fake/garystafford_1607.wav,1,garystafford
/Volumes/KIOXIA/voxdata/garystafford/fake/garystafford_1161.wav,1,garystafford
/Volumes/KIOXIA/voxdata/garystafford/fake/garystafford_1834.wav,1,garystafford
/Volumes/KIOXIA/voxdata/garystafford/fake/garystafford_1820.wav,1,garystafford
/Volumes/KIOXIA/voxdata/garystafford/fake/garystafford_1808.wav,1,garystafford
/Volumes/KIOXIA/voxdata/garystafford/fake/garystafford_1439.wav,1,garystafford
/Volumes/KIOXIA/voxdata/garystafford/fake/garystafford_1411.wav,1,garystafford
/Volumes/KIOXIA/voxdata/garystafford/fake/garystafford_1377.wav,1,garystafford
/Volumes/KIOXIA/voxdata/garystafford/fake/garystafford_1363.wav,1,garystafford
/Volumes/KIOXIA/voxdata/garystafford/fake/garystafford_1405.wav,1,garystafford
/Volumes/KIOXIA/voxdata/garystafford/fake/garystafford_1388.wav,1,garystafford
/Volumes/KIOXIA/voxdata/garystafford/fake/garystafford_1489.wav,1,garystafford
/Volumes/KIOXIA/voxdata/garystafford/fake/garystafford_1338.wav,1,garystafford
/Volumes/KIOXIA/voxdata/garystafford/fake/garystafford_1304.wav,1,garystafford
/Volumes/KIOXIA/voxdata/garystafford/fake/garystafford_1462.wav,1,garystafford
/Volumes/KIOXIA/voxdata/garystafford/fake/garystafford_1476.wav,1,garystafford
/Volumes/KIOXIA/voxdata/garystafford/fake/garystafford_1310.wav,1,garystafford
/Volumes/KIOXIA/voxdata/garystafford/fake/garystafford_1847.wav,1,garystafford
/Volumes/KIOXIA/voxdata/garystafford/fake/garystafford_1853.wav,1,garystafford
/Volumes/KIOXIA/voxdata/garystafford/fake/garystafford_1648.wav,1,garystafford
/Volumes/KIOXIA/voxdata/garystafford/fake/garystafford_1660.wav,1,garystafford
/Volumes/KIOXIA/voxdata/garystafford/fake/garystafford_1106.wav,1,garystafford
/Volumes/KIOXIA/voxdata/garystafford/fake/garystafford_1112.wav,1,garystafford
/Volumes/KIOXIA/voxdata/garystafford/fake/garystafford_1674.wav,1,garystafford
/Volumes/KIOXIA/voxdata/garystafford/fake/garystafford_1099.wav,1,garystafford
/Volumes/KIOXIA/voxdata/garystafford/fake/garystafford_1728.wav,1,garystafford
/Volumes/KIOXIA/voxdata/garystafford/fake/garystafford_1714.wav,1,garystafford
/Volumes/KIOXIA/voxdata/garystafford/fake/garystafford_1072.wav,1,garystafford
/Volumes/KIOXIA/voxdata/garystafford/fake/garystafford_1066.wav,1,garystafford
/Volumes/KIOXIA/voxdata/garystafford/fake/garystafford_1700.wav,1,garystafford
/Volumes/KIOXIA/voxdata/garystafford/fake/garystafford_1258.wav,1,garystafford
/Volumes/KIOXIA/voxdata/garystafford/fake/garystafford_1270.wav,1,garystafford
/Volumes/KIOXIA/voxdata/garystafford/fake/garystafford_1516.wav,1,garystafford
/Volumes/KIOXIA/voxdata/garystafford/fake/garystafford_1502.wav,1,garystafford
/Volumes/KIOXIA/voxdata/garystafford/fake/garystafford_1264.wav,1,garystafford
/Volumes/KIOXIA/voxdata/garystafford/fake/garystafford_1503.wav,1,garystafford
/Volumes/KIOXIA/voxdata/garystafford/fake/garystafford_1265.wav,1,garystafford
/Volumes/KIOXIA/voxdata/garystafford/fake/garystafford_1271.wav,1,garystafford
/Volumes/KIOXIA/voxdata/garystafford/fake/garystafford_1517.wav,1,garystafford
/Volumes/KIOXIA/voxdata/garystafford/fake/garystafford_1259.wav,1,garystafford
/Volumes/KIOXIA/voxdata/garystafford/fake/garystafford_1067.wav,1,garystafford
/Volumes/KIOXIA/voxdata/garystafford/fake/garystafford_1701.wav,1,garystafford
/Volumes/KIOXIA/voxdata/garystafford/fake/garystafford_1715.wav,1,garystafford
/Volumes/KIOXIA/voxdata/garystafford/fake/garystafford_1073.wav,1,garystafford
/Volumes/KIOXIA/voxdata/garystafford/fake/garystafford_1729.wav,1,garystafford
/Volumes/KIOXIA/voxdata/garystafford/fake/garystafford_1098.wav,1,garystafford
/Volumes/KIOXIA/voxdata/garystafford/fake/garystafford_1113.wav,1,garystafford
/Volumes/KIOXIA/voxdata/garystafford/fake/garystafford_1675.wav,1,garystafford
/Volumes/KIOXIA/voxdata/garystafford/fake/garystafford_1661.wav,1,garystafford
/Volumes/KIOXIA/voxdata/garystafford/fake/garystafford_1107.wav,1,garystafford
/Volumes/KIOXIA/voxdata/garystafford/fake/garystafford_1649.wav,1,garystafford
/Volumes/KIOXIA/voxdata/garystafford/fake/garystafford_1852.wav,1,garystafford
/Volumes/KIOXIA/voxdata/garystafford/fake/garystafford_1846.wav,1,garystafford
/Volumes/KIOXIA/voxdata/garystafford/fake/garystafford_1477.wav,1,garystafford
/Volumes/KIOXIA/voxdata/garystafford/fake/garystafford_1311.wav,1,garystafford
/Volumes/KIOXIA/voxdata/garystafford/fake/garystafford_1305.wav,1,garystafford
/Volumes/KIOXIA/voxdata/garystafford/fake/garystafford_1463.wav,1,garystafford
/Volumes/KIOXIA/voxdata/garystafford/fake/garystafford_1339.wav,1,garystafford
/Volumes/KIOXIA/voxdata/garystafford/fake/garystafford_1488.wav,1,garystafford
/Volumes/KIOXIA/voxdata/garystafford/fake/garystafford_1449.wav,1,garystafford
/Volumes/KIOXIA/voxdata/garystafford/fake/garystafford_1313.wav,1,garystafford
/Volumes/KIOXIA/voxdata/garystafford/fake/garystafford_1475.wav,1,garystafford
/Volumes/KIOXIA/voxdata/garystafford/fake/garystafford_1461.wav,1,garystafford
/Volumes/KIOXIA/voxdata/garystafford/fake/garystafford_1307.wav,1,garystafford
/Volumes/KIOXIA/voxdata/garystafford/fake/garystafford_1850.wav,1,garystafford
/Volumes/KIOXIA/voxdata/garystafford/fake/garystafford_1688.wav,1,garystafford
/Volumes/KIOXIA/voxdata/garystafford/fake/garystafford_1844.wav,1,garystafford
/Volumes/KIOXIA/voxdata/garystafford/fake/garystafford_1139.wav,1,garystafford
/Volumes/KIOXIA/voxdata/garystafford/fake/garystafford_1677.wav,1,garystafford
/Volumes/KIOXIA/voxdata/garystafford/fake/garystafford_1111.wav,1,garystafford
/Volumes/KIOXIA/voxdata/garystafford/fake/garystafford_1105.wav,1,garystafford
/Volumes/KIOXIA/voxdata/garystafford/fake/garystafford_1663.wav,1,garystafford
/Volumes/KIOXIA/voxdata/garystafford/fake/garystafford_933.wav,1,garystafford
/Volumes/KIOXIA/voxdata/garystafford/fake/garystafford_1059.wav,1,garystafford
/Volumes/KIOXIA/voxdata/garystafford/fake/garystafford_1703.wav,1,garystafford
/Volumes/KIOXIA/voxdata/garystafford/fake/garystafford_1065.wav,1,garystafford
/Volumes/KIOXIA/voxdata/garystafford/fake/garystafford_1071.wav,1,garystafford
/Volumes/KIOXIA/voxdata/garystafford/fake/garystafford_1717.wav,1,garystafford
/Volumes/KIOXIA/voxdata/garystafford/fake/garystafford_1298.wav,1,garystafford
/Volumes/KIOXIA/voxdata/garystafford/fake/garystafford_1529.wav,1,garystafford
/Volumes/KIOXIA/voxdata/garystafford/fake/garystafford_1267.wav,1,garystafford
/Volumes/KIOXIA/voxdata/garystafford/fake/garystafford_1501.wav,1,garystafford
/Volumes/KIOXIA/voxdata/garystafford/fake/garystafford_1515.wav,1,garystafford
/Volumes/KIOXIA/voxdata/garystafford/fake/garystafford_1273.wav,1,garystafford
/Volumes/KIOXIA/voxdata/garystafford/fake/garystafford_1514.wav,1,garystafford
/Volumes/KIOXIA/voxdata/garystafford/fake/garystafford_1272.wav,1,garystafford
/Volumes/KIOXIA/voxdata/garystafford/fake/garystafford_1266.wav,1,garystafford
/Volumes/KIOXIA/voxdata/garystafford/fake/garystafford_1500.wav,1,garystafford
/Volumes/KIOXIA/voxdata/garystafford/fake/garystafford_1528.wav,1,garystafford
/Volumes/KIOXIA/voxdata/garystafford/fake/garystafford_1299.wav,1,garystafford
/Volumes/KIOXIA/voxdata/garystafford/fake/garystafford_1070.wav,1,garystafford
/Volumes/KIOXIA/voxdata/garystafford/fake/garystafford_1716.wav,1,garystafford
/Volumes/KIOXIA/voxdata/garystafford/fake/garystafford_1702.wav,1,garystafford
/Volumes/KIOXIA/voxdata/garystafford/fake/garystafford_1064.wav,1,garystafford
/Volumes/KIOXIA/voxdata/garystafford/fake/garystafford_1058.wav,1,garystafford
/Volumes/KIOXIA/voxdata/garystafford/fake/garystafford_1104.wav,1,garystafford
/Volumes/KIOXIA/voxdata/garystafford/fake/garystafford_1662.wav,1,garystafford
/Volumes/KIOXIA/voxdata/garystafford/fake/garystafford_1676.wav,1,garystafford
/Volumes/KIOXIA/voxdata/garystafford/fake/garystafford_1110.wav,1,garystafford
/Volumes/KIOXIA/voxdata/garystafford/fake/garystafford_1138.wav,1,garystafford
/Volumes/KIOXIA/voxdata/garystafford/fake/garystafford_1845.wav,1,garystafford
/Volumes/KIOXIA/voxdata/garystafford/fake/garystafford_1689.wav,1,garystafford
/Volumes/KIOXIA/voxdata/garystafford/fake/garystafford_1851.wav,1,garystafford
/Volumes/KIOXIA/voxdata/garystafford/fake/garystafford_1460.wav,1,garystafford
/Volumes/KIOXIA/voxdata/garystafford/fake/garystafford_1306.wav,1,garystafford
/Volumes/KIOXIA/voxdata/garystafford/fake/garystafford_1312.wav,1,garystafford
/Volumes/KIOXIA/voxdata/garystafford/fake/garystafford_1474.wav,1,garystafford
/Volumes/KIOXIA/voxdata/garystafford/fake/garystafford_1448.wav,1,garystafford
/Volumes/KIOXIA/voxdata/garystafford/fake/garystafford_1470.wav,1,garystafford
/Volumes/KIOXIA/voxdata/garystafford/fake/garystafford_1316.wav,1,garystafford
/Volumes/KIOXIA/voxdata/garystafford/fake/garystafford_1302.wav,1,garystafford
/Volumes/KIOXIA/voxdata/garystafford/fake/garystafford_1464.wav,1,garystafford
/Volumes/KIOXIA/voxdata/garystafford/fake/garystafford_1458.wav,1,garystafford
/Volumes/KIOXIA/voxdata/garystafford/fake/garystafford_1855.wav,1,garystafford
/Volumes/KIOXIA/voxdata/garystafford/fake/garystafford_1841.wav,1,garystafford
/Volumes/KIOXIA/voxdata/garystafford/fake/garystafford_1699.wav,1,garystafford
/Volumes/KIOXIA/voxdata/garystafford/fake/garystafford_1114.wav,1,garystafford
/Volumes/KIOXIA/voxdata/garystafford/fake/garystafford_1672.wav,1,garystafford
/Volumes/KIOXIA/voxdata/garystafford/fake/garystafford_1666.wav,1,garystafford
/Volumes/KIOXIA/voxdata/garystafford/fake/garystafford_1100.wav,1,garystafford
/Volumes/KIOXIA/voxdata/garystafford/fake/garystafford_1128.wav,1,garystafford
/Volumes/KIOXIA/voxdata/garystafford/fake/garystafford_1060.wav,1,garystafford
/Volumes/KIOXIA/voxdata/garystafford/fake/garystafford_1706.wav,1,garystafford
/Volumes/KIOXIA/voxdata/garystafford/fake/garystafford_1712.wav,1,garystafford
/Volumes/KIOXIA/voxdata/garystafford/fake/garystafford_1074.wav,1,garystafford
/Volumes/KIOXIA/voxdata/garystafford/fake/garystafford_936.wav,1,garystafford
/Volumes/KIOXIA/voxdata/garystafford/fake/garystafford_1048.wav,1,garystafford
/Volumes/KIOXIA/voxdata/garystafford/fake/garystafford_1289.wav,1,garystafford
/Volumes/KIOXIA/voxdata/garystafford/fake/garystafford_1504.wav,1,garystafford
/Volumes/KIOXIA/voxdata/garystafford/fake/garystafford_1262.wav,1,garystafford
/Volumes/KIOXIA/voxdata/garystafford/fake/garystafford_1276.wav,1,garystafford
/Volumes/KIOXIA/voxdata/garystafford/fake/garystafford_1510.wav,1,garystafford
/Volumes/KIOXIA/voxdata/garystafford/fake/garystafford_1538.wav,1,garystafford
/Volumes/KIOXIA/voxdata/garystafford/fake/garystafford_1539.wav,1,garystafford
/Volumes/KIOXIA/voxdata/garystafford/fake/garystafford_1277.wav,1,garystafford
/Volumes/KIOXIA/voxdata/garystafford/fake/garystafford_1511.wav,1,garystafford
/Volumes/KIOXIA/voxdata/garystafford/fake/garystafford_1505.wav,1,garystafford
/Volumes/KIOXIA/voxdata/garystafford/fake/garystafford_1263.wav,1,garystafford
/Volumes/KIOXIA/voxdata/garystafford/fake/garystafford_1288.wav,1,garystafford
/Volumes/KIOXIA/voxdata/garystafford/fake/garystafford_1049.wav,1,garystafford
/Volumes/KIOXIA/voxdata/garystafford/fake/garystafford_937.wav,1,garystafford
/Volumes/KIOXIA/voxdata/garystafford/fake/garystafford_1713.wav,1,garystafford
/Volumes/KIOXIA/voxdata/garystafford/fake/garystafford_1075.wav,1,garystafford
/Volumes/KIOXIA/voxdata/garystafford/fake/garystafford_1061.wav,1,garystafford
/Volumes/KIOXIA/voxdata/garystafford/fake/garystafford_1707.wav,1,garystafford
/Volumes/KIOXIA/voxdata/garystafford/fake/garystafford_1129.wav,1,garystafford
/Volumes/KIOXIA/voxdata/garystafford/fake/garystafford_1667.wav,1,garystafford
/Volumes/KIOXIA/voxdata/garystafford/fake/garystafford_1101.wav,1,garystafford
/Volumes/KIOXIA/voxdata/garystafford/fake/garystafford_1115.wav,1,garystafford
/Volumes/KIOXIA/voxdata/garystafford/fake/garystafford_1673.wav,1,garystafford
/Volumes/KIOXIA/voxdata/garystafford/fake/garystafford_1698.wav,1,garystafford
/Volumes/KIOXIA/voxdata/garystafford/fake/garystafford_1840.wav,1,garystafford
/Volumes/KIOXIA/voxdata/garystafford/fake/garystafford_1854.wav,1,garystafford
/Volumes/KIOXIA/voxdata/garystafford/fake/garystafford_1459.wav,1,garystafford
/Volumes/KIOXIA/voxdata/garystafford/fake/garystafford_1303.wav,1,garystafford
/Volumes/KIOXIA/voxdata/garystafford/fake/garystafford_1465.wav,1,garystafford
/Volumes/KIOXIA/voxdata/garystafford/fake/garystafford_1471.wav,1,garystafford
/Volumes/KIOXIA/voxdata/garystafford/fake/garystafford_1317.wav,1,garystafford
/Volumes/KIOXIA/voxdata/garystafford/fake/garystafford_1498.wav,1,garystafford
/Volumes/KIOXIA/voxdata/garystafford/fake/garystafford_1467.wav,1,garystafford
/Volumes/KIOXIA/voxdata/garystafford/fake/garystafford_1301.wav,1,garystafford
/Volumes/KIOXIA/voxdata/garystafford/fake/garystafford_1315.wav,1,garystafford
/Volumes/KIOXIA/voxdata/garystafford/fake/garystafford_1473.wav,1,garystafford
/Volumes/KIOXIA/voxdata/garystafford/fake/garystafford_1329.wav,1,garystafford
/Volumes/KIOXIA/voxdata/garystafford/fake/garystafford_1842.wav,1,garystafford
/Volumes/KIOXIA/voxdata/garystafford/fake/garystafford_1856.wav,1,garystafford
/Volumes/KIOXIA/voxdata/garystafford/fake/garystafford_1103.wav,1,garystafford
/Volumes/KIOXIA/voxdata/garystafford/fake/garystafford_1665.wav,1,garystafford
/Volumes/KIOXIA/voxdata/garystafford/fake/garystafford_1671.wav,1,garystafford
/Volumes/KIOXIA/voxdata/garystafford/fake/garystafford_1117.wav,1,garystafford
/Volumes/KIOXIA/voxdata/garystafford/fake/garystafford_1659.wav,1,garystafford
/Volumes/KIOXIA/voxdata/garystafford/fake/garystafford_1088.wav,1,garystafford
/Volumes/KIOXIA/voxdata/garystafford/fake/garystafford_1077.wav,1,garystafford
/Volumes/KIOXIA/voxdata/garystafford/fake/garystafford_1711.wav,1,garystafford
/Volumes/KIOXIA/voxdata/garystafford/fake/garystafford_1705.wav,1,garystafford
/Volumes/KIOXIA/voxdata/garystafford/fake/garystafford_1063.wav,1,garystafford
/Volumes/KIOXIA/voxdata/garystafford/fake/garystafford_935.wav,1,garystafford
/Volumes/KIOXIA/voxdata/garystafford/fake/garystafford_1739.wav,1,garystafford
/Volumes/KIOXIA/voxdata/garystafford/fake/garystafford_1513.wav,1,garystafford
/Volumes/KIOXIA/voxdata/garystafford/fake/garystafford_1275.wav,1,garystafford
/Volumes/KIOXIA/voxdata/garystafford/fake/garystafford_1261.wav,1,garystafford
/Volumes/KIOXIA/voxdata/garystafford/fake/garystafford_1507.wav,1,garystafford
/Volumes/KIOXIA/voxdata/garystafford/fake/garystafford_1249.wav,1,garystafford
/Volumes/KIOXIA/voxdata/garystafford/fake/garystafford_1248.wav,1,garystafford
/Volumes/KIOXIA/voxdata/garystafford/fake/garystafford_1260.wav,1,garystafford
/Volumes/KIOXIA/voxdata/garystafford/fake/garystafford_1506.wav,1,garystafford
/Volumes/KIOXIA/voxdata/garystafford/fake/garystafford_1512.wav,1,garystafford
/Volumes/KIOXIA/voxdata/garystafford/fake/garystafford_1274.wav,1,garystafford
/Volumes/KIOXIA/voxdata/garystafford/fake/garystafford_1738.wav,1,garystafford
/Volumes/KIOXIA/voxdata/garystafford/fake/garystafford_934.wav,1,garystafford
/Volumes/KIOXIA/voxdata/garystafford/fake/garystafford_1704.wav,1,garystafford
/Volumes/KIOXIA/voxdata/garystafford/fake/garystafford_1062.wav,1,garystafford
/Volumes/KIOXIA/voxdata/garystafford/fake/garystafford_1076.wav,1,garystafford
/Volumes/KIOXIA/voxdata/garystafford/fake/garystafford_1710.wav,1,garystafford
/Volumes/KIOXIA/voxdata/garystafford/fake/garystafford_1089.wav,1,garystafford
/Volumes/KIOXIA/voxdata/garystafford/fake/garystafford_1658.wav,1,garystafford
/Volumes/KIOXIA/voxdata/garystafford/fake/garystafford_1670.wav,1,garystafford
/Volumes/KIOXIA/voxdata/garystafford/fake/garystafford_1116.wav,1,garystafford
/Volumes/KIOXIA/voxdata/garystafford/fake/garystafford_1102.wav,1,garystafford
/Volumes/KIOXIA/voxdata/garystafford/fake/garystafford_1664.wav,1,garystafford
/Volumes/KIOXIA/voxdata/garystafford/fake/garystafford_1857.wav,1,garystafford
/Volumes/KIOXIA/voxdata/garystafford/fake/garystafford_1843.wav,1,garystafford
/Volumes/KIOXIA/voxdata/garystafford/fake/garystafford_1328.wav,1,garystafford
/Volumes/KIOXIA/voxdata/garystafford/fake/garystafford_1314.wav,1,garystafford
/Volumes/KIOXIA/voxdata/garystafford/fake/garystafford_1472.wav,1,garystafford
/Volumes/KIOXIA/voxdata/garystafford/fake/garystafford_1466.wav,1,garystafford
/Volumes/KIOXIA/voxdata/garystafford/fake/garystafford_1300.wav,1,garystafford
/Volumes/KIOXIA/voxdata/garystafford/fake/garystafford_1499.wav,1,garystafford
