path,label,dataset
/Volumes/KIOXIA/voxdata/indicvoices/real/punjabi_208.wav,0,indicvoices
/Volumes/KIOXIA/voxdata/indicvoices/real/bengali_119.wav,0,indicvoices
/Volumes/KIOXIA/voxdata/indicvoices/real/hindi_275.wav,0,indicvoices
/Volumes/KIOXIA/voxdata/indicvoices/real/marathi_269.wav,0,indicvoices
/Volumes/KIOXIA/voxdata/indicvoices/real/malayalam_177.wav,0,indicvoices
/Volumes/KIOXIA/voxdata/indicvoices/real/kannada_198.wav,0,indicvoices
/Volumes/KIOXIA/voxdata/indicvoices/real/gujarati_107.wav,0,indicvoices
/Volumes/KIOXIA/voxdata/indicvoices/real/gujarati_113.wav,0,indicvoices
/Volumes/KIOXIA/voxdata/indicvoices/real/malayalam_163.wav,0,indicvoices
/Volumes/KIOXIA/voxdata/indicvoices/real/hindi_261.wav,0,indicvoices
/Volumes/KIOXIA/voxdata/indicvoices/real/marathi_255.wav,0,indicvoices
/Volumes/KIOXIA/voxdata/indicvoices/real/bengali_125.wav,0,indicvoices
/Volumes/KIOXIA/voxdata/indicvoices/real/punjabi_234.wav,0,indicvoices
/Volumes/KIOXIA/voxdata/indicvoices/real/hindi_249.wav,0,indicvoices
/Volumes/KIOXIA/voxdata/indicvoices/real/tamil_302.wav,0,indicvoices
/Volumes/KIOXIA/voxdata/indicvoices/real/assamese_90.wav,0,indicvoices
/Volumes/KIOXIA/voxdata/indicvoices/real/tamil_316.wav,0,indicvoices
/Volumes/KIOXIA/voxdata/indicvoices/real/assamese_84.wav,0,indicvoices
/Volumes/KIOXIA/voxdata/indicvoices/real/bengali_131.wav,0,indicvoices
/Volumes/KIOXIA/voxdata/indicvoices/real/punjabi_220.wav,0,indicvoices
/Volumes/KIOXIA/voxdata/indicvoices/real/marathi_241.wav,0,indicvoices
/Volumes/KIOXIA/voxdata/indicvoices/real/bengali_37.wav,0,indicvoices
/Volumes/KIOXIA/voxdata/indicvoices/real/telugu_34.wav,0,indicvoices
/Volumes/KIOXIA/voxdata/indicvoices/real/telugu_20.wav,0,indicvoices
/Volumes/KIOXIA/voxdata/indicvoices/real/gujarati_39.wav,0,indicvoices
/Volumes/KIOXIA/voxdata/indicvoices/real/bengali_23.wav,0,indicvoices
/Volumes/KIOXIA/voxdata/indicvoices/real/assamese_206.wav,0,indicvoices
/Volumes/KIOXIA/voxdata/indicvoices/real/malayalam_188.wav,0,indicvoices
/Volumes/KIOXIA/voxdata/indicvoices/real/marathi_296.wav,0,indicvoices
/Volumes/KIOXIA/voxdata/indicvoices/real/tamil_32.wav,0,indicvoices
/Volumes/KIOXIA/voxdata/indicvoices/real/gujarati_11.wav,0,indicvoices
/Volumes/KIOXIA/voxdata/indicvoices/real/kannada_167.wav,0,indicvoices
/Volumes/KIOXIA/voxdata/indicvoices/real/assamese_53.wav,0,indicvoices
/Volumes/KIOXIA/voxdata/indicvoices/real/marathi_4.wav,0,indicvoices
/Volumes/KIOXIA/voxdata/indicvoices/real/assamese_47.wav,0,indicvoices
/Volumes/KIOXIA/voxdata/indicvoices/real/kannada_173.wav,0,indicvoices
/Volumes/KIOXIA/voxdata/indicvoices/real/assamese_212.wav,0,indicvoices
/Volumes/KIOXIA/voxdata/indicvoices/real/marathi_282.wav,0,indicvoices
/Volumes/KIOXIA/voxdata/indicvoices/real/tamil_26.wav,0,indicvoices
/Volumes/KIOXIA/voxdata/indicvoices/real/gujarati_305.wav,0,indicvoices
/Volumes/KIOXIA/voxdata/indicvoices/real/malayalam_375.wav,0,indicvoices
/Volumes/KIOXIA/voxdata/indicvoices/real/malayalam_361.wav,0,indicvoices
/Volumes/KIOXIA/voxdata/indicvoices/real/gujarati_311.wav,0,indicvoices
/Volumes/KIOXIA/voxdata/indicvoices/real/tamil_128.wav,0,indicvoices
/Volumes/KIOXIA/voxdata/indicvoices/real/tamil_100.wav,0,indicvoices
/Volumes/KIOXIA/voxdata/indicvoices/real/gujarati_339.wav,0,indicvoices
/Volumes/KIOXIA/voxdata/indicvoices/real/bengali_327.wav,0,indicvoices
/Volumes/KIOXIA/voxdata/indicvoices/real/telugu_203.wav,0,indicvoices
/Volumes/KIOXIA/voxdata/indicvoices/real/malayalam_349.wav,0,indicvoices
/Volumes/KIOXIA/voxdata/indicvoices/real/telugu_217.wav,0,indicvoices
/Volumes/KIOXIA/voxdata/indicvoices/real/bengali_333.wav,0,indicvoices
/Volumes/KIOXIA/voxdata/indicvoices/real/tamil_114.wav,0,indicvoices
/Volumes/KIOXIA/voxdata/indicvoices/real/kannada_359.wav,0,indicvoices
/Volumes/KIOXIA/voxdata/indicvoices/real/kannada_8.wav,0,indicvoices
/Volumes/KIOXIA/voxdata/indicvoices/real/kannada_365.wav,0,indicvoices
/Volumes/KIOXIA/voxdata/indicvoices/real/tamil_0.wav,0,indicvoices
/Volumes/KIOXIA/voxdata/indicvoices/real/kannada_371.wav,0,indicvoices
/Volumes/KIOXIA/voxdata/indicvoices/real/gujarati_271.wav,0,indicvoices
/Volumes/KIOXIA/voxdata/indicvoices/real/hindi_35.wav,0,indicvoices
/Volumes/KIOXIA/voxdata/indicvoices/real/malayalam_201.wav,0,indicvoices
/Volumes/KIOXIA/voxdata/indicvoices/real/hindi_103.wav,0,indicvoices
/Volumes/KIOXIA/voxdata/indicvoices/real/hindi_117.wav,0,indicvoices
/Volumes/KIOXIA/voxdata/indicvoices/real/malayalam_215.wav,0,indicvoices
/Volumes/KIOXIA/voxdata/indicvoices/real/hindi_21.wav,0,indicvoices
/Volumes/KIOXIA/voxdata/indicvoices/real/gujarati_265.wav,0,indicvoices
/Volumes/KIOXIA/voxdata/indicvoices/real/punjabi_142.wav,0,indicvoices
/Volumes/KIOXIA/voxdata/indicvoices/real/bengali_253.wav,0,indicvoices
/Volumes/KIOXIA/voxdata/indicvoices/real/marathi_123.wav,0,indicvoices
/Volumes/KIOXIA/voxdata/indicvoices/real/telugu_377.wav,0,indicvoices
/Volumes/KIOXIA/voxdata/indicvoices/real/malayalam_229.wav,0,indicvoices
/Volumes/KIOXIA/voxdata/indicvoices/real/marathi_137.wav,0,indicvoices
/Volumes/KIOXIA/voxdata/indicvoices/real/telugu_363.wav,0,indicvoices
/Volumes/KIOXIA/voxdata/indicvoices/real/punjabi_156.wav,0,indicvoices
/Volumes/KIOXIA/voxdata/indicvoices/real/bengali_247.wav,0,indicvoices
/Volumes/KIOXIA/voxdata/indicvoices/real/gujarati_259.wav,0,indicvoices
/Volumes/KIOXIA/voxdata/indicvoices/real/telugu_388.wav,0,indicvoices
/Volumes/KIOXIA/voxdata/indicvoices/real/assamese_158.wav,0,indicvoices
/Volumes/KIOXIA/voxdata/indicvoices/real/kannada_16.wav,0,indicvoices
/Volumes/KIOXIA/voxdata/indicvoices/real/kannada_239.wav,0,indicvoices
/Volumes/KIOXIA/voxdata/indicvoices/real/kannada_211.wav,0,indicvoices
/Volumes/KIOXIA/voxdata/indicvoices/real/assamese_170.wav,0,indicvoices
/Volumes/KIOXIA/voxdata/indicvoices/real/punjabi_181.wav,0,indicvoices
/Volumes/KIOXIA/voxdata/indicvoices/real/bengali_290.wav,0,indicvoices
/Volumes/KIOXIA/voxdata/indicvoices/real/punjabi_195.wav,0,indicvoices
/Volumes/KIOXIA/voxdata/indicvoices/real/bengali_284.wav,0,indicvoices
/Volumes/KIOXIA/voxdata/indicvoices/real/assamese_164.wav,0,indicvoices
/Volumes/KIOXIA/voxdata/indicvoices/real/kannada_205.wav,0,indicvoices
/Volumes/KIOXIA/voxdata/indicvoices/real/hindi_301.wav,0,indicvoices
/Volumes/KIOXIA/voxdata/indicvoices/real/telugu_149.wav,0,indicvoices
/Volumes/KIOXIA/voxdata/indicvoices/real/punjabi_98.wav,0,indicvoices
/Volumes/KIOXIA/voxdata/indicvoices/real/assamese_399.wav,0,indicvoices
/Volumes/KIOXIA/voxdata/indicvoices/real/marathi_309.wav,0,indicvoices
/Volumes/KIOXIA/voxdata/indicvoices/real/hindi_315.wav,0,indicvoices
/Volumes/KIOXIA/voxdata/indicvoices/real/punjabi_368.wav,0,indicvoices
/Volumes/KIOXIA/voxdata/indicvoices/real/telugu_175.wav,0,indicvoices
/Volumes/KIOXIA/voxdata/indicvoices/real/malayalam_22.wav,0,indicvoices
/Volumes/KIOXIA/voxdata/indicvoices/real/marathi_321.wav,0,indicvoices
/Volumes/KIOXIA/voxdata/indicvoices/real/marathi_88.wav,0,indicvoices
/Volumes/KIOXIA/voxdata/indicvoices/real/punjabi_340.wav,0,indicvoices
/Volumes/KIOXIA/voxdata/indicvoices/real/assamese_1.wav,0,indicvoices
/Volumes/KIOXIA/voxdata/indicvoices/real/tamil_276.wav,0,indicvoices
/Volumes/KIOXIA/voxdata/indicvoices/real/tamil_262.wav,0,indicvoices
/Volumes/KIOXIA/voxdata/indicvoices/real/hindi_329.wav,0,indicvoices
/Volumes/KIOXIA/voxdata/indicvoices/real/punjabi_354.wav,0,indicvoices
/Volumes/KIOXIA/voxdata/indicvoices/real/telugu_161.wav,0,indicvoices
/Volumes/KIOXIA/voxdata/indicvoices/real/malayalam_36.wav,0,indicvoices
/Volumes/KIOXIA/voxdata/indicvoices/real/marathi_335.wav,0,indicvoices
/Volumes/KIOXIA/voxdata/indicvoices/real/marathi_77.wav,0,indicvoices
/Volumes/KIOXIA/voxdata/indicvoices/real/tamil_289.wav,0,indicvoices
/Volumes/KIOXIA/voxdata/indicvoices/real/marathi_63.wav,0,indicvoices
/Volumes/KIOXIA/voxdata/indicvoices/real/punjabi_383.wav,0,indicvoices
/Volumes/KIOXIA/voxdata/indicvoices/real/assamese_372.wav,0,indicvoices
/Volumes/KIOXIA/voxdata/indicvoices/real/punjabi_67.wav,0,indicvoices
/Volumes/KIOXIA/voxdata/indicvoices/real/punjabi_73.wav,0,indicvoices
/Volumes/KIOXIA/voxdata/indicvoices/real/assamese_366.wav,0,indicvoices
/Volumes/KIOXIA/voxdata/indicvoices/real/punjabi_397.wav,0,indicvoices
/Volumes/KIOXIA/voxdata/indicvoices/real/punjabi_396.wav,0,indicvoices
/Volumes/KIOXIA/voxdata/indicvoices/real/punjabi_72.wav,0,indicvoices
/Volumes/KIOXIA/voxdata/indicvoices/real/assamese_367.wav,0,indicvoices
/Volumes/KIOXIA/voxdata/indicvoices/real/assamese_373.wav,0,indicvoices
/Volumes/KIOXIA/voxdata/indicvoices/real/punjabi_66.wav,0,indicvoices
/Volumes/KIOXIA/voxdata/indicvoices/real/punjabi_382.wav,0,indicvoices
/Volumes/KIOXIA/voxdata/indicvoices/real/marathi_62.wav,0,indicvoices
/Volumes/KIOXIA/voxdata/indicvoices/real/marathi_76.wav,0,indicvoices
/Volumes/KIOXIA/voxdata/indicvoices/real/tamil_288.wav,0,indicvoices
/Volumes/KIOXIA/voxdata/indicvoices/real/tamil_263.wav,0,indicvoices
/Volumes/KIOXIA/voxdata/indicvoices/real/marathi_334.wav,0,indicvoices
/Volumes/KIOXIA/voxdata/indicvoices/real/malayalam_37.wav,0,indicvoices
/Volumes/KIOXIA/voxdata/indicvoices/real/telugu_160.wav,0,indicvoices
/Volumes/KIOXIA/voxdata/indicvoices/real/punjabi_355.wav,0,indicvoices
/Volumes/KIOXIA/voxdata/indicvoices/real/hindi_328.wav,0,indicvoices
/Volumes/KIOXIA/voxdata/indicvoices/real/punjabi_341.wav,0,indicvoices
/Volumes/KIOXIA/voxdata/indicvoices/real/assamese_0.wav,0,indicvoices
/Volumes/KIOXIA/voxdata/indicvoices/real/marathi_89.wav,0,indicvoices
/Volumes/KIOXIA/voxdata/indicvoices/real/marathi_320.wav,0,indicvoices
/Volumes/KIOXIA/voxdata/indicvoices/real/malayalam_23.wav,0,indicvoices
/Volumes/KIOXIA/voxdata/indicvoices/real/telugu_174.wav,0,indicvoices
/Volumes/KIOXIA/voxdata/indicvoices/real/tamil_277.wav,0,indicvoices
/Volumes/KIOXIA/voxdata/indicvoices/real/punjabi_369.wav,0,indicvoices
/Volumes/KIOXIA/voxdata/indicvoices/real/hindi_314.wav,0,indicvoices
/Volumes/KIOXIA/voxdata/indicvoices/real/marathi_308.wav,0,indicvoices
/Volumes/KIOXIA/voxdata/indicvoices/real/assamese_398.wav,0,indicvoices
/Volumes/KIOXIA/voxdata/indicvoices/real/punjabi_99.wav,0,indicvoices
/Volumes/KIOXIA/voxdata/indicvoices/real/telugu_148.wav,0,indicvoices
/Volumes/KIOXIA/voxdata/indicvoices/real/hindi_300.wav,0,indicvoices
/Volumes/KIOXIA/voxdata/indicvoices/real/assamese_165.wav,0,indicvoices
/Volumes/KIOXIA/voxdata/indicvoices/real/bengali_285.wav,0,indicvoices
/Volumes/KIOXIA/voxdata/indicvoices/real/punjabi_194.wav,0,indicvoices
/Volumes/KIOXIA/voxdata/indicvoices/real/kannada_204.wav,0,indicvoices
/Volumes/KIOXIA/voxdata/indicvoices/real/kannada_210.wav,0,indicvoices
/Volumes/KIOXIA/voxdata/indicvoices/real/bengali_291.wav,0,indicvoices
/Volumes/KIOXIA/voxdata/indicvoices/real/punjabi_180.wav,0,indicvoices
/Volumes/KIOXIA/voxdata/indicvoices/real/assamese_171.wav,0,indicvoices
/Volumes/KIOXIA/voxdata/indicvoices/real/assamese_159.wav,0,indicvoices
/Volumes/KIOXIA/voxdata/indicvoices/real/kannada_238.wav,0,indicvoices
/Volumes/KIOXIA/voxdata/indicvoices/real/kannada_17.wav,0,indicvoices
/Volumes/KIOXIA/voxdata/indicvoices/real/telugu_389.wav,0,indicvoices
/Volumes/KIOXIA/voxdata/indicvoices/real/bengali_246.wav,0,indicvoices
/Volumes/KIOXIA/voxdata/indicvoices/real/punjabi_157.wav,0,indicvoices
/Volumes/KIOXIA/voxdata/indicvoices/real/telugu_362.wav,0,indicvoices
/Volumes/KIOXIA/voxdata/indicvoices/real/malayalam_228.wav,0,indicvoices
/Volumes/KIOXIA/voxdata/indicvoices/real/marathi_136.wav,0,indicvoices
/Volumes/KIOXIA/voxdata/indicvoices/real/gujarati_258.wav,0,indicvoices
/Volumes/KIOXIA/voxdata/indicvoices/real/telugu_376.wav,0,indicvoices
/Volumes/KIOXIA/voxdata/indicvoices/real/marathi_122.wav,0,indicvoices
/Volumes/KIOXIA/voxdata/indicvoices/real/bengali_252.wav,0,indicvoices
/Volumes/KIOXIA/voxdata/indicvoices/real/punjabi_143.wav,0,indicvoices
/Volumes/KIOXIA/voxdata/indicvoices/real/malayalam_214.wav,0,indicvoices
/Volumes/KIOXIA/voxdata/indicvoices/real/hindi_116.wav,0,indicvoices
/Volumes/KIOXIA/voxdata/indicvoices/real/gujarati_264.wav,0,indicvoices
/Volumes/KIOXIA/voxdata/indicvoices/real/hindi_20.wav,0,indicvoices
/Volumes/KIOXIA/voxdata/indicvoices/real/hindi_34.wav,0,indicvoices
/Volumes/KIOXIA/voxdata/indicvoices/real/gujarati_270.wav,0,indicvoices
/Volumes/KIOXIA/voxdata/indicvoices/real/hindi_102.wav,0,indicvoices
/Volumes/KIOXIA/voxdata/indicvoices/real/malayalam_200.wav,0,indicvoices
/Volumes/KIOXIA/voxdata/indicvoices/real/tamil_1.wav,0,indicvoices
/Volumes/KIOXIA/voxdata/indicvoices/real/kannada_370.wav,0,indicvoices
/Volumes/KIOXIA/voxdata/indicvoices/real/kannada_364.wav,0,indicvoices
/Volumes/KIOXIA/voxdata/indicvoices/real/kannada_9.wav,0,indicvoices
/Volumes/KIOXIA/voxdata/indicvoices/real/kannada_358.wav,0,indicvoices
/Volumes/KIOXIA/voxdata/indicvoices/real/bengali_332.wav,0,indicvoices
/Volumes/KIOXIA/voxdata/indicvoices/real/telugu_216.wav,0,indicvoices
/Volumes/KIOXIA/voxdata/indicvoices/real/tamil_115.wav,0,indicvoices
/Volumes/KIOXIA/voxdata/indicvoices/real/gujarati_338.wav,0,indicvoices
/Volumes/KIOXIA/voxdata/indicvoices/real/tamil_101.wav,0,indicvoices
/Volumes/KIOXIA/voxdata/indicvoices/real/malayalam_348.wav,0,indicvoices
/Volumes/KIOXIA/voxdata/indicvoices/real/telugu_202.wav,0,indicvoices
/Volumes/KIOXIA/voxdata/indicvoices/real/bengali_326.wav,0,indicvoices
/Volumes/KIOXIA/voxdata/indicvoices/real/malayalam_360.wav,0,indicvoices
/Volumes/KIOXIA/voxdata/indicvoices/real/tamil_129.wav,0,indicvoices
/Volumes/KIOXIA/voxdata/indicvoices/real/gujarati_310.wav,0,indicvoices
/Volumes/KIOXIA/voxdata/indicvoices/real/gujarati_304.wav,0,indicvoices
/Volumes/KIOXIA/voxdata/indicvoices/real/malayalam_374.wav,0,indicvoices
/Volumes/KIOXIA/voxdata/indicvoices/real/kannada_172.wav,0,indicvoices
/Volumes/KIOXIA/voxdata/indicvoices/real/assamese_46.wav,0,indicvoices
/Volumes/KIOXIA/voxdata/indicvoices/real/tamil_27.wav,0,indicvoices
/Volumes/KIOXIA/voxdata/indicvoices/real/marathi_283.wav,0,indicvoices
/Volumes/KIOXIA/voxdata/indicvoices/real/assamese_213.wav,0,indicvoices
/Volumes/KIOXIA/voxdata/indicvoices/real/tamil_33.wav,0,indicvoices
/Volumes/KIOXIA/voxdata/indicvoices/real/malayalam_189.wav,0,indicvoices
/Volumes/KIOXIA/voxdata/indicvoices/real/marathi_297.wav,0,indicvoices
/Volumes/KIOXIA/voxdata/indicvoices/real/assamese_207.wav,0,indicvoices
/Volumes/KIOXIA/voxdata/indicvoices/real/assamese_52.wav,0,indicvoices
/Volumes/KIOXIA/voxdata/indicvoices/real/marathi_5.wav,0,indicvoices
/Volumes/KIOXIA/voxdata/indicvoices/real/kannada_166.wav,0,indicvoices
/Volumes/KIOXIA/voxdata/indicvoices/real/gujarati_10.wav,0,indicvoices
/Volumes/KIOXIA/voxdata/indicvoices/real/bengali_22.wav,0,indicvoices
/Volumes/KIOXIA/voxdata/indicvoices/real/gujarati_38.wav,0,indicvoices
/Volumes/KIOXIA/voxdata/indicvoices/real/telugu_21.wav,0,indicvoices
/Volumes/KIOXIA/voxdata/indicvoices/real/telugu_35.wav,0,indicvoices
/Volumes/KIOXIA/voxdata/indicvoices/real/bengali_36.wav,0,indicvoices
/Volumes/KIOXIA/voxdata/indicvoices/real/assamese_85.wav,0,indicvoices
/Volumes/KIOXIA/voxdata/indicvoices/real/tamil_317.wav,0,indicvoices
/Volumes/KIOXIA/voxdata/indicvoices/real/marathi_240.wav,0,indicvoices
/Volumes/KIOXIA/voxdata/indicvoices/real/punjabi_221.wav,0,indicvoices
/Volumes/KIOXIA/voxdata/indicvoices/real/bengali_130.wav,0,indicvoices
/Volumes/KIOXIA/voxdata/indicvoices/real/hindi_248.wav,0,indicvoices
/Volumes/KIOXIA/voxdata/indicvoices/real/punjabi_235.wav,0,indicvoices
/Volumes/KIOXIA/voxdata/indicvoices/real/bengali_124.wav,0,indicvoices
/Volumes/KIOXIA/voxdata/indicvoices/real/marathi_254.wav,0,indicvoices
/Volumes/KIOXIA/voxdata/indicvoices/real/assamese_91.wav,0,indicvoices
/Volumes/KIOXIA/voxdata/indicvoices/real/tamil_303.wav,0,indicvoices
/Volumes/KIOXIA/voxdata/indicvoices/real/gujarati_112.wav,0,indicvoices
/Volumes/KIOXIA/voxdata/indicvoices/real/hindi_260.wav,0,indicvoices
/Volumes/KIOXIA/voxdata/indicvoices/real/malayalam_162.wav,0,indicvoices
/Volumes/KIOXIA/voxdata/indicvoices/real/marathi_268.wav,0,indicvoices
/Volumes/KIOXIA/voxdata/indicvoices/real/malayalam_176.wav,0,indicvoices
/Volumes/KIOXIA/voxdata/indicvoices/real/hindi_274.wav,0,indicvoices
/Volumes/KIOXIA/voxdata/indicvoices/real/bengali_118.wav,0,indicvoices
/Volumes/KIOXIA/voxdata/indicvoices/real/punjabi_209.wav,0,indicvoices
/Volumes/KIOXIA/voxdata/indicvoices/real/gujarati_106.wav,0,indicvoices
/Volumes/KIOXIA/voxdata/indicvoices/real/kannada_199.wav,0,indicvoices
/Volumes/KIOXIA/voxdata/indicvoices/real/malayalam_160.wav,0,indicvoices
/Volumes/KIOXIA/voxdata/indicvoices/real/hindi_262.wav,0,indicvoices
/Volumes/KIOXIA/voxdata/indicvoices/real/gujarati_110.wav,0,indicvoices
/Volumes/KIOXIA/voxdata/indicvoices/real/tamil_329.wav,0,indicvoices
/Volumes/KIOXIA/voxdata/indicvoices/real/gujarati_104.wav,0,indicvoices
/Volumes/KIOXIA/voxdata/indicvoices/real/hindi_276.wav,0,indicvoices
/Volumes/KIOXIA/voxdata/indicvoices/real/malayalam_174.wav,0,indicvoices
/Volumes/KIOXIA/voxdata/indicvoices/real/punjabi_223.wav,0,indicvoices
/Volumes/KIOXIA/voxdata/indicvoices/real/bengali_132.wav,0,indicvoices
/Volumes/KIOXIA/voxdata/indicvoices/real/marathi_242.wav,0,indicvoices
/Volumes/KIOXIA/voxdata/indicvoices/real/tamil_315.wav,0,indicvoices
/Volumes/KIOXIA/voxdata/indicvoices/real/assamese_87.wav,0,indicvoices
/Volumes/KIOXIA/voxdata/indicvoices/real/tamil_301.wav,0,indicvoices
/Volumes/KIOXIA/voxdata/indicvoices/real/gujarati_138.wav,0,indicvoices
/Volumes/KIOXIA/voxdata/indicvoices/real/assamese_93.wav,0,indicvoices
/Volumes/KIOXIA/voxdata/indicvoices/real/malayalam_148.wav,0,indicvoices
/Volumes/KIOXIA/voxdata/indicvoices/real/marathi_256.wav,0,indicvoices
/Volumes/KIOXIA/voxdata/indicvoices/real/punjabi_237.wav,0,indicvoices
/Volumes/KIOXIA/voxdata/indicvoices/real/bengali_126.wav,0,indicvoices
/Volumes/KIOXIA/voxdata/indicvoices/real/tamil_19.wav,0,indicvoices
/Volumes/KIOXIA/voxdata/indicvoices/real/telugu_23.wav,0,indicvoices
/Volumes/KIOXIA/voxdata/indicvoices/real/assamese_78.wav,0,indicvoices
/Volumes/KIOXIA/voxdata/indicvoices/real/bengali_20.wav,0,indicvoices
/Volumes/KIOXIA/voxdata/indicvoices/real/bengali_34.wav,0,indicvoices
/Volumes/KIOXIA/voxdata/indicvoices/real/telugu_37.wav,0,indicvoices
/Volumes/KIOXIA/voxdata/indicvoices/real/kannada_158.wav,0,indicvoices
/Volumes/KIOXIA/voxdata/indicvoices/real/assamese_239.wav,0,indicvoices
/Volumes/KIOXIA/voxdata/indicvoices/real/assamese_211.wav,0,indicvoices
/Volumes/KIOXIA/voxdata/indicvoices/real/tamil_25.wav,0,indicvoices
/Volumes/KIOXIA/voxdata/indicvoices/real/marathi_281.wav,0,indicvoices
/Volumes/KIOXIA/voxdata/indicvoices/real/assamese_44.wav,0,indicvoices
/Volumes/KIOXIA/voxdata/indicvoices/real/kannada_170.wav,0,indicvoices
/Volumes/KIOXIA/voxdata/indicvoices/real/gujarati_12.wav,0,indicvoices
/Volumes/KIOXIA/voxdata/indicvoices/real/kannada_164.wav,0,indicvoices
/Volumes/KIOXIA/voxdata/indicvoices/real/marathi_7.wav,0,indicvoices
/Volumes/KIOXIA/voxdata/indicvoices/real/assamese_50.wav,0,indicvoices
/Volumes/KIOXIA/voxdata/indicvoices/real/hindi_289.wav,0,indicvoices
/Volumes/KIOXIA/voxdata/indicvoices/real/assamese_205.wav,0,indicvoices
/Volumes/KIOXIA/voxdata/indicvoices/real/tamil_31.wav,0,indicvoices
/Volumes/KIOXIA/voxdata/indicvoices/real/marathi_295.wav,0,indicvoices
/Volumes/KIOXIA/voxdata/indicvoices/real/gujarati_312.wav,0,indicvoices
/Volumes/KIOXIA/voxdata/indicvoices/real/telugu_228.wav,0,indicvoices
/Volumes/KIOXIA/voxdata/indicvoices/real/malayalam_362.wav,0,indicvoices
/Volumes/KIOXIA/voxdata/indicvoices/real/malayalam_376.wav,0,indicvoices
/Volumes/KIOXIA/voxdata/indicvoices/real/bengali_318.wav,0,indicvoices
/Volumes/KIOXIA/voxdata/indicvoices/real/gujarati_306.wav,0,indicvoices
/Volumes/KIOXIA/voxdata/indicvoices/real/kannada_399.wav,0,indicvoices
/Volumes/KIOXIA/voxdata/indicvoices/real/tamil_117.wav,0,indicvoices
/Volumes/KIOXIA/voxdata/indicvoices/real/telugu_214.wav,0,indicvoices
/Volumes/KIOXIA/voxdata/indicvoices/real/bengali_330.wav,0,indicvoices
/Volumes/KIOXIA/voxdata/indicvoices/real/bengali_324.wav,0,indicvoices
/Volumes/KIOXIA/voxdata/indicvoices/real/telugu_200.wav,0,indicvoices
/Volumes/KIOXIA/voxdata/indicvoices/real/tamil_103.wav,0,indicvoices
/Volumes/KIOXIA/voxdata/indicvoices/real/kannada_372.wav,0,indicvoices
/Volumes/KIOXIA/voxdata/indicvoices/real/tamil_3.wav,0,indicvoices
/Volumes/KIOXIA/voxdata/indicvoices/real/malayalam_389.wav,0,indicvoices
/Volumes/KIOXIA/voxdata/indicvoices/real/kannada_366.wav,0,indicvoices
/Volumes/KIOXIA/voxdata/indicvoices/real/hindi_22.wav,0,indicvoices
/Volumes/KIOXIA/voxdata/indicvoices/real/gujarati_266.wav,0,indicvoices
/Volumes/KIOXIA/voxdata/indicvoices/real/punjabi_169.wav,0,indicvoices
/Volumes/KIOXIA/voxdata/indicvoices/real/bengali_278.wav,0,indicvoices
/Volumes/KIOXIA/voxdata/indicvoices/real/hindi_114.wav,0,indicvoices
/Volumes/KIOXIA/voxdata/indicvoices/real/marathi_108.wav,0,indicvoices
/Volumes/KIOXIA/voxdata/indicvoices/real/malayalam_216.wav,0,indicvoices
/Volumes/KIOXIA/voxdata/indicvoices/real/assamese_198.wav,0,indicvoices
/Volumes/KIOXIA/voxdata/indicvoices/real/malayalam_202.wav,0,indicvoices
/Volumes/KIOXIA/voxdata/indicvoices/real/telugu_348.wav,0,indicvoices
/Volumes/KIOXIA/voxdata/indicvoices/real/hindi_100.wav,0,indicvoices
/Volumes/KIOXIA/voxdata/indicvoices/real/gujarati_272.wav,0,indicvoices
/Volumes/KIOXIA/voxdata/indicvoices/real/hindi_36.wav,0,indicvoices
/Volumes/KIOXIA/voxdata/indicvoices/real/marathi_134.wav,0,indicvoices
/Volumes/KIOXIA/voxdata/indicvoices/real/telugu_360.wav,0,indicvoices
/Volumes/KIOXIA/voxdata/indicvoices/real/bengali_244.wav,0,indicvoices
/Volumes/KIOXIA/voxdata/indicvoices/real/punjabi_155.wav,0,indicvoices
/Volumes/KIOXIA/voxdata/indicvoices/real/hindi_128.wav,0,indicvoices
/Volumes/KIOXIA/voxdata/indicvoices/real/bengali_250.wav,0,indicvoices
/Volumes/KIOXIA/voxdata/indicvoices/real/punjabi_141.wav,0,indicvoices
/Volumes/KIOXIA/voxdata/indicvoices/real/marathi_120.wav,0,indicvoices
/Volumes/KIOXIA/voxdata/indicvoices/real/telugu_374.wav,0,indicvoices
/Volumes/KIOXIA/voxdata/indicvoices/real/kannada_15.wav,0,indicvoices
/Volumes/KIOXIA/voxdata/indicvoices/real/kannada_29.wav,0,indicvoices
/Volumes/KIOXIA/voxdata/indicvoices/real/kannada_206.wav,0,indicvoices
/Volumes/KIOXIA/voxdata/indicvoices/real/gujarati_299.wav,0,indicvoices
/Volumes/KIOXIA/voxdata/indicvoices/real/bengali_287.wav,0,indicvoices
/Volumes/KIOXIA/voxdata/indicvoices/real/punjabi_196.wav,0,indicvoices
/Volumes/KIOXIA/voxdata/indicvoices/real/assamese_167.wav,0,indicvoices
/Volumes/KIOXIA/voxdata/indicvoices/real/gujarati_9.wav,0,indicvoices
/Volumes/KIOXIA/voxdata/indicvoices/real/assamese_173.wav,0,indicvoices
/Volumes/KIOXIA/voxdata/indicvoices/real/bengali_293.wav,0,indicvoices
/Volumes/KIOXIA/voxdata/indicvoices/real/punjabi_182.wav,0,indicvoices
/Volumes/KIOXIA/voxdata/indicvoices/real/kannada_212.wav,0,indicvoices
/Volumes/KIOXIA/voxdata/indicvoices/real/hindi_316.wav,0,indicvoices
/Volumes/KIOXIA/voxdata/indicvoices/real/tamil_249.wav,0,indicvoices
/Volumes/KIOXIA/voxdata/indicvoices/real/hindi_302.wav,0,indicvoices
/Volumes/KIOXIA/voxdata/indicvoices/real/punjabi_357.wav,0,indicvoices
/Volumes/KIOXIA/voxdata/indicvoices/real/malayalam_35.wav,0,indicvoices
/Volumes/KIOXIA/voxdata/indicvoices/real/telugu_162.wav,0,indicvoices
/Volumes/KIOXIA/voxdata/indicvoices/real/marathi_336.wav,0,indicvoices
/Volumes/KIOXIA/voxdata/indicvoices/real/tamil_261.wav,0,indicvoices
/Volumes/KIOXIA/voxdata/indicvoices/real/tamil_275.wav,0,indicvoices
/Volumes/KIOXIA/voxdata/indicvoices/real/malayalam_21.wav,0,indicvoices
/Volumes/KIOXIA/voxdata/indicvoices/real/telugu_176.wav,0,indicvoices
/Volumes/KIOXIA/voxdata/indicvoices/real/marathi_322.wav,0,indicvoices
/Volumes/KIOXIA/voxdata/indicvoices/real/assamese_2.wav,0,indicvoices
/Volumes/KIOXIA/voxdata/indicvoices/real/punjabi_343.wav,0,indicvoices
/Volumes/KIOXIA/voxdata/indicvoices/real/marathi_60.wav,0,indicvoices
/Volumes/KIOXIA/voxdata/indicvoices/real/assamese_359.wav,0,indicvoices
/Volumes/KIOXIA/voxdata/indicvoices/real/punjabi_58.wav,0,indicvoices
/Volumes/KIOXIA/voxdata/indicvoices/real/telugu_189.wav,0,indicvoices
/Volumes/KIOXIA/voxdata/indicvoices/real/marathi_74.wav,0,indicvoices
/Volumes/KIOXIA/voxdata/indicvoices/real/assamese_365.wav,0,indicvoices
/Volumes/KIOXIA/voxdata/indicvoices/real/punjabi_70.wav,0,indicvoices
/Volumes/KIOXIA/voxdata/indicvoices/real/punjabi_394.wav,0,indicvoices
/Volumes/KIOXIA/voxdata/indicvoices/real/marathi_48.wav,0,indicvoices
/Volumes/KIOXIA/voxdata/indicvoices/real/punjabi_380.wav,0,indicvoices
/Volumes/KIOXIA/voxdata/indicvoices/real/punjabi_64.wav,0,indicvoices
/Volumes/KIOXIA/voxdata/indicvoices/real/assamese_371.wav,0,indicvoices
/Volumes/KIOXIA/voxdata/indicvoices/real/punjabi_65.wav,0,indicvoices
/Volumes/KIOXIA/voxdata/indicvoices/real/assamese_370.wav,0,indicvoices
/Volumes/KIOXIA/voxdata/indicvoices/real/punjabi_381.wav,0,indicvoices
/Volumes/KIOXIA/voxdata/indicvoices/real/marathi_49.wav,0,indicvoices
/Volumes/KIOXIA/voxdata/indicvoices/real/punjabi_395.wav,0,indicvoices
/Volumes/KIOXIA/voxdata/indicvoices/real/assamese_364.wav,0,indicvoices
/Volumes/KIOXIA/voxdata/indicvoices/real/punjabi_71.wav,0,indicvoices
/Volumes/KIOXIA/voxdata/indicvoices/real/marathi_75.wav,0,indicvoices
/Volumes/KIOXIA/voxdata/indicvoices/real/telugu_188.wav,0,indicvoices
/Volumes/KIOXIA/voxdata/indicvoices/real/punjabi_59.wav,0,indicvoices
/Volumes/KIOXIA/voxdata/indicvoices/real/assamese_358.wav,0,indicvoices
/Volumes/KIOXIA/voxdata/indicvoices/real/marathi_61.wav,0,indicvoices
/Volumes/KIOXIA/voxdata/indicvoices/real/tamil_274.wav,0,indicvoices
/Volumes/KIOXIA/voxdata/indicvoices/real/assamese_3.wav,0,indicvoices
/Volumes/KIOXIA/voxdata/indicvoices/real/punjabi_342.wav,0,indicvoices
/Volumes/KIOXIA/voxdata/indicvoices/real/marathi_323.wav,0,indicvoices
/Volumes/KIOXIA/voxdata/indicvoices/real/telugu_177.wav,0,indicvoices
/Volumes/KIOXIA/voxdata/indicvoices/real/malayalam_20.wav,0,indicvoices
/Volumes/KIOXIA/voxdata/indicvoices/real/marathi_337.wav,0,indicvoices
/Volumes/KIOXIA/voxdata/indicvoices/real/telugu_163.wav,0,indicvoices
/Volumes/KIOXIA/voxdata/indicvoices/real/malayalam_34.wav,0,indicvoices
/Volumes/KIOXIA/voxdata/indicvoices/real/punjabi_356.wav,0,indicvoices
/Volumes/KIOXIA/voxdata/indicvoices/real/tamil_260.wav,0,indicvoices
/Volumes/KIOXIA/voxdata/indicvoices/real/tamil_248.wav,0,indicvoices
/Volumes/KIOXIA/voxdata/indicvoices/real/hindi_303.wav,0,indicvoices
/Volumes/KIOXIA/voxdata/indicvoices/real/hindi_317.wav,0,indicvoices
/Volumes/KIOXIA/voxdata/indicvoices/real/punjabi_183.wav,0,indicvoices
/Volumes/KIOXIA/voxdata/indicvoices/real/bengali_292.wav,0,indicvoices
/Volumes/KIOXIA/voxdata/indicvoices/real/assamese_172.wav,0,indicvoices
/Volumes/KIOXIA/voxdata/indicvoices/real/gujarati_8.wav,0,indicvoices
/Volumes/KIOXIA/voxdata/indicvoices/real/kannada_213.wav,0,indicvoices
/Volumes/KIOXIA/voxdata/indicvoices/real/gujarati_298.wav,0,indicvoices
/Volumes/KIOXIA/voxdata/indicvoices/real/kannada_207.wav,0,indicvoices
/Volumes/KIOXIA/voxdata/indicvoices/real/kannada_28.wav,0,indicvoices
/Volumes/KIOXIA/voxdata/indicvoices/real/assamese_166.wav,0,indicvoices
/Volumes/KIOXIA/voxdata/indicvoices/real/punjabi_197.wav,0,indicvoices
/Volumes/KIOXIA/voxdata/indicvoices/real/bengali_286.wav,0,indicvoices
/Volumes/KIOXIA/voxdata/indicvoices/real/kannada_14.wav,0,indicvoices
/Volumes/KIOXIA/voxdata/indicvoices/real/telugu_375.wav,0,indicvoices
/Volumes/KIOXIA/voxdata/indicvoices/real/marathi_121.wav,0,indicvoices
/Volumes/KIOXIA/voxdata/indicvoices/real/punjabi_140.wav,0,indicvoices
/Volumes/KIOXIA/voxdata/indicvoices/real/bengali_251.wav,0,indicvoices
/Volumes/KIOXIA/voxdata/indicvoices/real/hindi_129.wav,0,indicvoices
/Volumes/KIOXIA/voxdata/indicvoices/real/punjabi_154.wav,0,indicvoices
/Volumes/KIOXIA/voxdata/indicvoices/real/bengali_245.wav,0,indicvoices
/Volumes/KIOXIA/voxdata/indicvoices/real/telugu_361.wav,0,indicvoices
/Volumes/KIOXIA/voxdata/indicvoices/real/marathi_135.wav,0,indicvoices
/Volumes/KIOXIA/voxdata/indicvoices/real/hindi_101.wav,0,indicvoices
/Volumes/KIOXIA/voxdata/indicvoices/real/telugu_349.wav,0,indicvoices
/Volumes/KIOXIA/voxdata/indicvoices/real/malayalam_203.wav,0,indicvoices
/Volumes/KIOXIA/voxdata/indicvoices/real/hindi_37.wav,0,indicvoices
/Volumes/KIOXIA/voxdata/indicvoices/real/gujarati_273.wav,0,indicvoices
/Volumes/KIOXIA/voxdata/indicvoices/real/gujarati_267.wav,0,indicvoices
/Volumes/KIOXIA/voxdata/indicvoices/real/hindi_23.wav,0,indicvoices
/Volumes/KIOXIA/voxdata/indicvoices/real/assamese_199.wav,0,indicvoices
/Volumes/KIOXIA/voxdata/indicvoices/real/marathi_109.wav,0,indicvoices
/Volumes/KIOXIA/voxdata/indicvoices/real/malayalam_217.wav,0,indicvoices
/Volumes/KIOXIA/voxdata/indicvoices/real/hindi_115.wav,0,indicvoices
/Volumes/KIOXIA/voxdata/indicvoices/real/bengali_279.wav,0,indicvoices
/Volumes/KIOXIA/voxdata/indicvoices/real/punjabi_168.wav,0,indicvoices
/Volumes/KIOXIA/voxdata/indicvoices/real/malayalam_388.wav,0,indicvoices
/Volumes/KIOXIA/voxdata/indicvoices/real/kannada_367.wav,0,indicvoices
/Volumes/KIOXIA/voxdata/indicvoices/real/kannada_373.wav,0,indicvoices
/Volumes/KIOXIA/voxdata/indicvoices/real/tamil_2.wav,0,indicvoices
/Volumes/KIOXIA/voxdata/indicvoices/real/telugu_201.wav,0,indicvoices
/Volumes/KIOXIA/voxdata/indicvoices/real/bengali_325.wav,0,indicvoices
/Volumes/KIOXIA/voxdata/indicvoices/real/tamil_102.wav,0,indicvoices
/Volumes/KIOXIA/voxdata/indicvoices/real/tamil_116.wav,0,indicvoices
/Volumes/KIOXIA/voxdata/indicvoices/real/bengali_331.wav,0,indicvoices
/Volumes/KIOXIA/voxdata/indicvoices/real/telugu_215.wav,0,indicvoices
/Volumes/KIOXIA/voxdata/indicvoices/real/bengali_319.wav,0,indicvoices
/Volumes/KIOXIA/voxdata/indicvoices/real/malayalam_377.wav,0,indicvoices
/Volumes/KIOXIA/voxdata/indicvoices/real/kannada_398.wav,0,indicvoices
/Volumes/KIOXIA/voxdata/indicvoices/real/gujarati_307.wav,0,indicvoices
/Volumes/KIOXIA/voxdata/indicvoices/real/gujarati_313.wav,0,indicvoices
/Volumes/KIOXIA/voxdata/indicvoices/real/malayalam_363.wav,0,indicvoices
/Volumes/KIOXIA/voxdata/indicvoices/real/telugu_229.wav,0,indicvoices
/Volumes/KIOXIA/voxdata/indicvoices/real/marathi_6.wav,0,indicvoices
/Volumes/KIOXIA/voxdata/indicvoices/real/assamese_51.wav,0,indicvoices
/Volumes/KIOXIA/voxdata/indicvoices/real/kannada_165.wav,0,indicvoices
/Volumes/KIOXIA/voxdata/indicvoices/real/gujarati_13.wav,0,indicvoices
/Volumes/KIOXIA/voxdata/indicvoices/real/marathi_294.wav,0,indicvoices
/Volumes/KIOXIA/voxdata/indicvoices/real/tamil_30.wav,0,indicvoices
/Volumes/KIOXIA/voxdata/indicvoices/real/assamese_204.wav,0,indicvoices
/Volumes/KIOXIA/voxdata/indicvoices/real/hindi_288.wav,0,indicvoices
/Volumes/KIOXIA/voxdata/indicvoices/real/marathi_280.wav,0,indicvoices
/Volumes/KIOXIA/voxdata/indicvoices/real/tamil_24.wav,0,indicvoices
/Volumes/KIOXIA/voxdata/indicvoices/real/assamese_210.wav,0,indicvoices
/Volumes/KIOXIA/voxdata/indicvoices/real/kannada_171.wav,0,indicvoices
/Volumes/KIOXIA/voxdata/indicvoices/real/assamese_45.wav,0,indicvoices
/Volumes/KIOXIA/voxdata/indicvoices/real/kannada_159.wav,0,indicvoices
/Volumes/KIOXIA/voxdata/indicvoices/real/telugu_36.wav,0,indicvoices
/Volumes/KIOXIA/voxdata/indicvoices/real/bengali_35.wav,0,indicvoices
/Volumes/KIOXIA/voxdata/indicvoices/real/assamese_238.wav,0,indicvoices
/Volumes/KIOXIA/voxdata/indicvoices/real/tamil_18.wav,0,indicvoices
/Volumes/KIOXIA/voxdata/indicvoices/real/bengali_21.wav,0,indicvoices
/Volumes/KIOXIA/voxdata/indicvoices/real/assamese_79.wav,0,indicvoices
/Volumes/KIOXIA/voxdata/indicvoices/real/telugu_22.wav,0,indicvoices
/Volumes/KIOXIA/voxdata/indicvoices/real/assamese_92.wav,0,indicvoices
/Volumes/KIOXIA/voxdata/indicvoices/real/gujarati_139.wav,0,indicvoices
/Volumes/KIOXIA/voxdata/indicvoices/real/tamil_300.wav,0,indicvoices
/Volumes/KIOXIA/voxdata/indicvoices/real/bengali_127.wav,0,indicvoices
/Volumes/KIOXIA/voxdata/indicvoices/real/punjabi_236.wav,0,indicvoices
/Volumes/KIOXIA/voxdata/indicvoices/real/malayalam_149.wav,0,indicvoices
/Volumes/KIOXIA/voxdata/indicvoices/real/marathi_257.wav,0,indicvoices
/Volumes/KIOXIA/voxdata/indicvoices/real/marathi_243.wav,0,indicvoices
/Volumes/KIOXIA/voxdata/indicvoices/real/bengali_133.wav,0,indicvoices
/Volumes/KIOXIA/voxdata/indicvoices/real/punjabi_222.wav,0,indicvoices
/Volumes/KIOXIA/voxdata/indicvoices/real/assamese_86.wav,0,indicvoices
/Volumes/KIOXIA/voxdata/indicvoices/real/tamil_314.wav,0,indicvoices
/Volumes/KIOXIA/voxdata/indicvoices/real/gujarati_105.wav,0,indicvoices
/Volumes/KIOXIA/voxdata/indicvoices/real/malayalam_175.wav,0,indicvoices
/Volumes/KIOXIA/voxdata/indicvoices/real/hindi_277.wav,0,indicvoices
/Volumes/KIOXIA/voxdata/indicvoices/real/hindi_263.wav,0,indicvoices
/Volumes/KIOXIA/voxdata/indicvoices/real/malayalam_161.wav,0,indicvoices
/Volumes/KIOXIA/voxdata/indicvoices/real/tamil_328.wav,0,indicvoices
/Volumes/KIOXIA/voxdata/indicvoices/real/gujarati_111.wav,0,indicvoices
/Volumes/KIOXIA/voxdata/indicvoices/real/tamil_310.wav,0,indicvoices
/Volumes/KIOXIA/voxdata/indicvoices/real/gujarati_129.wav,0,indicvoices
/Volumes/KIOXIA/voxdata/indicvoices/real/assamese_82.wav,0,indicvoices
/Volumes/KIOXIA/voxdata/indicvoices/real/punjabi_226.wav,0,indicvoices
/Volumes/KIOXIA/voxdata/indicvoices/real/bengali_137.wav,0,indicvoices
/Volumes/KIOXIA/voxdata/indicvoices/real/malayalam_159.wav,0,indicvoices
/Volumes/KIOXIA/voxdata/indicvoices/real/marathi_247.wav,0,indicvoices
/Volumes/KIOXIA/voxdata/indicvoices/real/marathi_253.wav,0,indicvoices
/Volumes/KIOXIA/voxdata/indicvoices/real/punjabi_232.wav,0,indicvoices
/Volumes/KIOXIA/voxdata/indicvoices/real/bengali_123.wav,0,indicvoices
/Volumes/KIOXIA/voxdata/indicvoices/real/tamil_304.wav,0,indicvoices
/Volumes/KIOXIA/voxdata/indicvoices/real/assamese_96.wav,0,indicvoices
/Volumes/KIOXIA/voxdata/indicvoices/real/gujarati_115.wav,0,indicvoices
/Volumes/KIOXIA/voxdata/indicvoices/real/malayalam_165.wav,0,indicvoices
/Volumes/KIOXIA/voxdata/indicvoices/real/hindi_267.wav,0,indicvoices
/Volumes/KIOXIA/voxdata/indicvoices/real/hindi_273.wav,0,indicvoices
/Volumes/KIOXIA/voxdata/indicvoices/real/malayalam_171.wav,0,indicvoices
/Volumes/KIOXIA/voxdata/indicvoices/real/gujarati_101.wav,0,indicvoices
/Volumes/KIOXIA/voxdata/indicvoices/real/tamil_338.wav,0,indicvoices
/Volumes/KIOXIA/voxdata/indicvoices/real/assamese_41.wav,0,indicvoices
/Volumes/KIOXIA/voxdata/indicvoices/real/bengali_19.wav,0,indicvoices
/Volumes/KIOXIA/voxdata/indicvoices/real/kannada_175.wav,0,indicvoices
/Volumes/KIOXIA/voxdata/indicvoices/real/assamese_214.wav,0,indicvoices
/Volumes/KIOXIA/voxdata/indicvoices/real/tamil_20.wav,0,indicvoices
/Volumes/KIOXIA/voxdata/indicvoices/real/marathi_284.wav,0,indicvoices
/Volumes/KIOXIA/voxdata/indicvoices/real/hindi_298.wav,0,indicvoices
/Volumes/KIOXIA/voxdata/indicvoices/real/assamese_200.wav,0,indicvoices
/Volumes/KIOXIA/voxdata/indicvoices/real/tamil_34.wav,0,indicvoices
/Volumes/KIOXIA/voxdata/indicvoices/real/marathi_290.wav,0,indicvoices
/Volumes/KIOXIA/voxdata/indicvoices/real/gujarati_17.wav,0,indicvoices
/Volumes/KIOXIA/voxdata/indicvoices/real/kannada_161.wav,0,indicvoices
/Volumes/KIOXIA/voxdata/indicvoices/real/assamese_55.wav,0,indicvoices
/Volumes/KIOXIA/voxdata/indicvoices/real/marathi_2.wav,0,indicvoices
/Volumes/KIOXIA/voxdata/indicvoices/real/telugu_26.wav,0,indicvoices
/Volumes/KIOXIA/voxdata/indicvoices/real/kannada_149.wav,0,indicvoices
/Volumes/KIOXIA/voxdata/indicvoices/real/bengali_25.wav,0,indicvoices
/Volumes/KIOXIA/voxdata/indicvoices/real/assamese_228.wav,0,indicvoices
/Volumes/KIOXIA/voxdata/indicvoices/real/assamese_69.wav,0,indicvoices
/Volumes/KIOXIA/voxdata/indicvoices/real/bengali_31.wav,0,indicvoices
/Volumes/KIOXIA/voxdata/indicvoices/real/telugu_32.wav,0,indicvoices
/Volumes/KIOXIA/voxdata/indicvoices/real/telugu_211.wav,0,indicvoices
/Volumes/KIOXIA/voxdata/indicvoices/real/bengali_335.wav,0,indicvoices
/Volumes/KIOXIA/voxdata/indicvoices/real/tamil_112.wav,0,indicvoices
/Volumes/KIOXIA/voxdata/indicvoices/real/tamil_106.wav,0,indicvoices
/Volumes/KIOXIA/voxdata/indicvoices/real/bengali_321.wav,0,indicvoices
/Volumes/KIOXIA/voxdata/indicvoices/real/telugu_205.wav,0,indicvoices
/Volumes/KIOXIA/voxdata/indicvoices/real/bengali_309.wav,0,indicvoices
/Volumes/KIOXIA/voxdata/indicvoices/real/malayalam_367.wav,0,indicvoices
/Volumes/KIOXIA/voxdata/indicvoices/real/kannada_388.wav,0,indicvoices
/Volumes/KIOXIA/voxdata/indicvoices/real/gujarati_317.wav,0,indicvoices
/Volumes/KIOXIA/voxdata/indicvoices/real/gujarati_303.wav,0,indicvoices
/Volumes/KIOXIA/voxdata/indicvoices/real/telugu_239.wav,0,indicvoices
/Volumes/KIOXIA/voxdata/indicvoices/real/malayalam_373.wav,0,indicvoices
/Volumes/KIOXIA/voxdata/indicvoices/real/tamil_6.wav,0,indicvoices
/Volumes/KIOXIA/voxdata/indicvoices/real/malayalam_398.wav,0,indicvoices
/Volumes/KIOXIA/voxdata/indicvoices/real/kannada_377.wav,0,indicvoices
/Volumes/KIOXIA/voxdata/indicvoices/real/kannada_363.wav,0,indicvoices
/Volumes/KIOXIA/voxdata/indicvoices/real/marathi_131.wav,0,indicvoices
/Volumes/KIOXIA/voxdata/indicvoices/real/telugu_365.wav,0,indicvoices
/Volumes/KIOXIA/voxdata/indicvoices/real/bengali_241.wav,0,indicvoices
/Volumes/KIOXIA/voxdata/indicvoices/real/punjabi_150.wav,0,indicvoices
/Volumes/KIOXIA/voxdata/indicvoices/real/hindi_139.wav,0,indicvoices
/Volumes/KIOXIA/voxdata/indicvoices/real/bengali_255.wav,0,indicvoices
/Volumes/KIOXIA/voxdata/indicvoices/real/punjabi_144.wav,0,indicvoices
/Volumes/KIOXIA/voxdata/indicvoices/real/marathi_125.wav,0,indicvoices
/Volumes/KIOXIA/voxdata/indicvoices/real/telugu_371.wav,0,indicvoices
/Volumes/KIOXIA/voxdata/indicvoices/real/hindi_111.wav,0,indicvoices
/Volumes/KIOXIA/voxdata/indicvoices/real/malayalam_213.wav,0,indicvoices
/Volumes/KIOXIA/voxdata/indicvoices/real/telugu_359.wav,0,indicvoices
/Volumes/KIOXIA/voxdata/indicvoices/real/hindi_27.wav,0,indicvoices
/Volumes/KIOXIA/voxdata/indicvoices/real/gujarati_263.wav,0,indicvoices
/Volumes/KIOXIA/voxdata/indicvoices/real/gujarati_277.wav,0,indicvoices
/Volumes/KIOXIA/voxdata/indicvoices/real/hindi_33.wav,0,indicvoices
/Volumes/KIOXIA/voxdata/indicvoices/real/marathi_119.wav,0,indicvoices
/Volumes/KIOXIA/voxdata/indicvoices/real/malayalam_207.wav,0,indicvoices
/Volumes/KIOXIA/voxdata/indicvoices/real/assamese_189.wav,0,indicvoices
/Volumes/KIOXIA/voxdata/indicvoices/real/hindi_105.wav,0,indicvoices
/Volumes/KIOXIA/voxdata/indicvoices/real/punjabi_178.wav,0,indicvoices
/Volumes/KIOXIA/voxdata/indicvoices/real/bengali_269.wav,0,indicvoices
/Volumes/KIOXIA/voxdata/indicvoices/real/bengali_282.wav,0,indicvoices
/Volumes/KIOXIA/voxdata/indicvoices/real/punjabi_193.wav,0,indicvoices
/Volumes/KIOXIA/voxdata/indicvoices/real/assamese_162.wav,0,indicvoices
/Volumes/KIOXIA/voxdata/indicvoices/real/kannada_203.wav,0,indicvoices
/Volumes/KIOXIA/voxdata/indicvoices/real/gujarati_288.wav,0,indicvoices
/Volumes/KIOXIA/voxdata/indicvoices/real/kannada_38.wav,0,indicvoices
/Volumes/KIOXIA/voxdata/indicvoices/real/kannada_217.wav,0,indicvoices
/Volumes/KIOXIA/voxdata/indicvoices/real/assamese_176.wav,0,indicvoices
/Volumes/KIOXIA/voxdata/indicvoices/real/bengali_296.wav,0,indicvoices
/Volumes/KIOXIA/voxdata/indicvoices/real/punjabi_187.wav,0,indicvoices
/Volumes/KIOXIA/voxdata/indicvoices/real/kannada_10.wav,0,indicvoices
/Volumes/KIOXIA/voxdata/indicvoices/real/tamil_264.wav,0,indicvoices
/Volumes/KIOXIA/voxdata/indicvoices/real/punjabi_352.wav,0,indicvoices
/Volumes/KIOXIA/voxdata/indicvoices/real/malayalam_30.wav,0,indicvoices
/Volumes/KIOXIA/voxdata/indicvoices/real/telugu_167.wav,0,indicvoices
/Volumes/KIOXIA/voxdata/indicvoices/real/marathi_333.wav,0,indicvoices
/Volumes/KIOXIA/voxdata/indicvoices/real/malayalam_24.wav,0,indicvoices
/Volumes/KIOXIA/voxdata/indicvoices/real/telugu_173.wav,0,indicvoices
/Volumes/KIOXIA/voxdata/indicvoices/real/marathi_327.wav,0,indicvoices
/Volumes/KIOXIA/voxdata/indicvoices/real/punjabi_346.wav,0,indicvoices
/Volumes/KIOXIA/voxdata/indicvoices/real/assamese_7.wav,0,indicvoices
/Volumes/KIOXIA/voxdata/indicvoices/real/tamil_270.wav,0,indicvoices
/Volumes/KIOXIA/voxdata/indicvoices/real/tamil_258.wav,0,indicvoices
/Volumes/KIOXIA/voxdata/indicvoices/real/hindi_313.wav,0,indicvoices
/Volumes/KIOXIA/voxdata/indicvoices/real/hindi_307.wav,0,indicvoices
/Volumes/KIOXIA/voxdata/indicvoices/real/malayalam_18.wav,0,indicvoices
/Volumes/KIOXIA/voxdata/indicvoices/real/punjabi_75.wav,0,indicvoices
/Volumes/KIOXIA/voxdata/indicvoices/real/assamese_360.wav,0,indicvoices
/Volumes/KIOXIA/voxdata/indicvoices/real/punjabi_391.wav,0,indicvoices
/Volumes/KIOXIA/voxdata/indicvoices/real/marathi_59.wav,0,indicvoices
/Volumes/KIOXIA/voxdata/indicvoices/real/punjabi_385.wav,0,indicvoices
/Volumes/KIOXIA/voxdata/indicvoices/real/assamese_374.wav,0,indicvoices
/Volumes/KIOXIA/voxdata/indicvoices/real/punjabi_61.wav,0,indicvoices
/Volumes/KIOXIA/voxdata/indicvoices/real/marathi_65.wav,0,indicvoices
/Volumes/KIOXIA/voxdata/indicvoices/real/punjabi_49.wav,0,indicvoices
/Volumes/KIOXIA/voxdata/indicvoices/real/telugu_198.wav,0,indicvoices
/Volumes/KIOXIA/voxdata/indicvoices/real/assamese_348.wav,0,indicvoices
/Volumes/KIOXIA/voxdata/indicvoices/real/marathi_71.wav,0,indicvoices
/Volumes/KIOXIA/voxdata/indicvoices/real/marathi_70.wav,0,indicvoices
/Volumes/KIOXIA/voxdata/indicvoices/real/assamese_349.wav,0,indicvoices
/Volumes/KIOXIA/voxdata/indicvoices/real/telugu_199.wav,0,indicvoices
/Volumes/KIOXIA/voxdata/indicvoices/real/punjabi_48.wav,0,indicvoices
/Volumes/KIOXIA/voxdata/indicvoices/real/marathi_64.wav,0,indicvoices
/Volumes/KIOXIA/voxdata/indicvoices/real/assamese_375.wav,0,indicvoices
/Volumes/KIOXIA/voxdata/indicvoices/real/punjabi_60.wav,0,indicvoices
/Volumes/KIOXIA/voxdata/indicvoices/real/punjabi_384.wav,0,indicvoices
/Volumes/KIOXIA/voxdata/indicvoices/real/marathi_58.wav,0,indicvoices
/Volumes/KIOXIA/voxdata/indicvoices/real/punjabi_390.wav,0,indicvoices
/Volumes/KIOXIA/voxdata/indicvoices/real/punjabi_74.wav,0,indicvoices
/Volumes/KIOXIA/voxdata/indicvoices/real/assamese_361.wav,0,indicvoices
/Volumes/KIOXIA/voxdata/indicvoices/real/malayalam_19.wav,0,indicvoices
/Volumes/KIOXIA/voxdata/indicvoices/real/hindi_306.wav,0,indicvoices
/Volumes/KIOXIA/voxdata/indicvoices/real/tamil_259.wav,0,indicvoices
/Volumes/KIOXIA/voxdata/indicvoices/real/hindi_312.wav,0,indicvoices
/Volumes/KIOXIA/voxdata/indicvoices/real/punjabi_347.wav,0,indicvoices
/Volumes/KIOXIA/voxdata/indicvoices/real/assamese_6.wav,0,indicvoices
/Volumes/KIOXIA/voxdata/indicvoices/real/marathi_326.wav,0,indicvoices
/Volumes/KIOXIA/voxdata/indicvoices/real/telugu_172.wav,0,indicvoices
/Volumes/KIOXIA/voxdata/indicvoices/real/malayalam_25.wav,0,indicvoices
/Volumes/KIOXIA/voxdata/indicvoices/real/tamil_271.wav,0,indicvoices
/Volumes/KIOXIA/voxdata/indicvoices/real/tamil_265.wav,0,indicvoices
/Volumes/KIOXIA/voxdata/indicvoices/real/marathi_332.wav,0,indicvoices
/Volumes/KIOXIA/voxdata/indicvoices/real/telugu_166.wav,0,indicvoices
/Volumes/KIOXIA/voxdata/indicvoices/real/malayalam_31.wav,0,indicvoices
/Volumes/KIOXIA/voxdata/indicvoices/real/punjabi_353.wav,0,indicvoices
/Volumes/KIOXIA/voxdata/indicvoices/real/kannada_11.wav,0,indicvoices
/Volumes/KIOXIA/voxdata/indicvoices/real/kannada_216.wav,0,indicvoices
/Volumes/KIOXIA/voxdata/indicvoices/real/kannada_39.wav,0,indicvoices
/Volumes/KIOXIA/voxdata/indicvoices/real/gujarati_289.wav,0,indicvoices
/Volumes/KIOXIA/voxdata/indicvoices/real/punjabi_186.wav,0,indicvoices
/Volumes/KIOXIA/voxdata/indicvoices/real/bengali_297.wav,0,indicvoices
/Volumes/KIOXIA/voxdata/indicvoices/real/assamese_177.wav,0,indicvoices
/Volumes/KIOXIA/voxdata/indicvoices/real/assamese_163.wav,0,indicvoices
/Volumes/KIOXIA/voxdata/indicvoices/real/punjabi_192.wav,0,indicvoices
/Volumes/KIOXIA/voxdata/indicvoices/real/bengali_283.wav,0,indicvoices
/Volumes/KIOXIA/voxdata/indicvoices/real/kannada_202.wav,0,indicvoices
/Volumes/KIOXIA/voxdata/indicvoices/real/hindi_32.wav,0,indicvoices
/Volumes/KIOXIA/voxdata/indicvoices/real/gujarati_276.wav,0,indicvoices
/Volumes/KIOXIA/voxdata/indicvoices/real/bengali_268.wav,0,indicvoices
/Volumes/KIOXIA/voxdata/indicvoices/real/punjabi_179.wav,0,indicvoices
/Volumes/KIOXIA/voxdata/indicvoices/real/hindi_104.wav,0,indicvoices
/Volumes/KIOXIA/voxdata/indicvoices/real/assamese_188.wav,0,indicvoices
/Volumes/KIOXIA/voxdata/indicvoices/real/marathi_118.wav,0,indicvoices
/Volumes/KIOXIA/voxdata/indicvoices/real/malayalam_206.wav,0,indicvoices
/Volumes/KIOXIA/voxdata/indicvoices/real/telugu_358.wav,0,indicvoices
/Volumes/KIOXIA/voxdata/indicvoices/real/malayalam_212.wav,0,indicvoices
/Volumes/KIOXIA/voxdata/indicvoices/real/hindi_110.wav,0,indicvoices
/Volumes/KIOXIA/voxdata/indicvoices/real/gujarati_262.wav,0,indicvoices
/Volumes/KIOXIA/voxdata/indicvoices/real/hindi_26.wav,0,indicvoices
/Volumes/KIOXIA/voxdata/indicvoices/real/telugu_370.wav,0,indicvoices
/Volumes/KIOXIA/voxdata/indicvoices/real/marathi_124.wav,0,indicvoices
/Volumes/KIOXIA/voxdata/indicvoices/real/punjabi_145.wav,0,indicvoices
/Volumes/KIOXIA/voxdata/indicvoices/real/bengali_254.wav,0,indicvoices
/Volumes/KIOXIA/voxdata/indicvoices/real/hindi_138.wav,0,indicvoices
/Volumes/KIOXIA/voxdata/indicvoices/real/punjabi_151.wav,0,indicvoices
/Volumes/KIOXIA/voxdata/indicvoices/real/bengali_240.wav,0,indicvoices
/Volumes/KIOXIA/voxdata/indicvoices/real/telugu_364.wav,0,indicvoices
/Volumes/KIOXIA/voxdata/indicvoices/real/marathi_130.wav,0,indicvoices
/Volumes/KIOXIA/voxdata/indicvoices/real/kannada_362.wav,0,indicvoices
/Volumes/KIOXIA/voxdata/indicvoices/real/malayalam_399.wav,0,indicvoices
/Volumes/KIOXIA/voxdata/indicvoices/real/tamil_7.wav,0,indicvoices
/Volumes/KIOXIA/voxdata/indicvoices/real/kannada_376.wav,0,indicvoices
/Volumes/KIOXIA/voxdata/indicvoices/real/gujarati_302.wav,0,indicvoices
/Volumes/KIOXIA/voxdata/indicvoices/real/malayalam_372.wav,0,indicvoices
/Volumes/KIOXIA/voxdata/indicvoices/real/telugu_238.wav,0,indicvoices
/Volumes/KIOXIA/voxdata/indicvoices/real/malayalam_366.wav,0,indicvoices
/Volumes/KIOXIA/voxdata/indicvoices/real/bengali_308.wav,0,indicvoices
/Volumes/KIOXIA/voxdata/indicvoices/real/gujarati_316.wav,0,indicvoices
/Volumes/KIOXIA/voxdata/indicvoices/real/kannada_389.wav,0,indicvoices
/Volumes/KIOXIA/voxdata/indicvoices/real/tamil_107.wav,0,indicvoices
/Volumes/KIOXIA/voxdata/indicvoices/real/telugu_204.wav,0,indicvoices
/Volumes/KIOXIA/voxdata/indicvoices/real/bengali_320.wav,0,indicvoices
/Volumes/KIOXIA/voxdata/indicvoices/real/bengali_334.wav,0,indicvoices
/Volumes/KIOXIA/voxdata/indicvoices/real/telugu_210.wav,0,indicvoices
/Volumes/KIOXIA/voxdata/indicvoices/real/tamil_113.wav,0,indicvoices
/Volumes/KIOXIA/voxdata/indicvoices/real/telugu_33.wav,0,indicvoices
/Volumes/KIOXIA/voxdata/indicvoices/real/bengali_30.wav,0,indicvoices
/Volumes/KIOXIA/voxdata/indicvoices/real/assamese_68.wav,0,indicvoices
/Volumes/KIOXIA/voxdata/indicvoices/real/bengali_24.wav,0,indicvoices
/Volumes/KIOXIA/voxdata/indicvoices/real/kannada_148.wav,0,indicvoices
/Volumes/KIOXIA/voxdata/indicvoices/real/telugu_27.wav,0,indicvoices
/Volumes/KIOXIA/voxdata/indicvoices/real/assamese_229.wav,0,indicvoices
/Volumes/KIOXIA/voxdata/indicvoices/real/marathi_291.wav,0,indicvoices
/Volumes/KIOXIA/voxdata/indicvoices/real/tamil_35.wav,0,indicvoices
/Volumes/KIOXIA/voxdata/indicvoices/real/assamese_201.wav,0,indicvoices
/Volumes/KIOXIA/voxdata/indicvoices/real/assamese_54.wav,0,indicvoices
/Volumes/KIOXIA/voxdata/indicvoices/real/marathi_3.wav,0,indicvoices
/Volumes/KIOXIA/voxdata/indicvoices/real/kannada_160.wav,0,indicvoices
/Volumes/KIOXIA/voxdata/indicvoices/real/gujarati_16.wav,0,indicvoices
/Volumes/KIOXIA/voxdata/indicvoices/real/kannada_174.wav,0,indicvoices
/Volumes/KIOXIA/voxdata/indicvoices/real/bengali_18.wav,0,indicvoices
/Volumes/KIOXIA/voxdata/indicvoices/real/assamese_40.wav,0,indicvoices
/Volumes/KIOXIA/voxdata/indicvoices/real/hindi_299.wav,0,indicvoices
/Volumes/KIOXIA/voxdata/indicvoices/real/marathi_285.wav,0,indicvoices
/Volumes/KIOXIA/voxdata/indicvoices/real/tamil_21.wav,0,indicvoices
/Volumes/KIOXIA/voxdata/indicvoices/real/assamese_215.wav,0,indicvoices
/Volumes/KIOXIA/voxdata/indicvoices/real/malayalam_170.wav,0,indicvoices
/Volumes/KIOXIA/voxdata/indicvoices/real/hindi_272.wav,0,indicvoices
/Volumes/KIOXIA/voxdata/indicvoices/real/tamil_339.wav,0,indicvoices
/Volumes/KIOXIA/voxdata/indicvoices/real/gujarati_100.wav,0,indicvoices
/Volumes/KIOXIA/voxdata/indicvoices/real/gujarati_114.wav,0,indicvoices
/Volumes/KIOXIA/voxdata/indicvoices/real/hindi_266.wav,0,indicvoices
/Volumes/KIOXIA/voxdata/indicvoices/real/malayalam_164.wav,0,indicvoices
/Volumes/KIOXIA/voxdata/indicvoices/real/bengali_122.wav,0,indicvoices
/Volumes/KIOXIA/voxdata/indicvoices/real/punjabi_233.wav,0,indicvoices
/Volumes/KIOXIA/voxdata/indicvoices/real/marathi_252.wav,0,indicvoices
/Volumes/KIOXIA/voxdata/indicvoices/real/assamese_97.wav,0,indicvoices
/Volumes/KIOXIA/voxdata/indicvoices/real/tamil_305.wav,0,indicvoices
/Volumes/KIOXIA/voxdata/indicvoices/real/assamese_83.wav,0,indicvoices
/Volumes/KIOXIA/voxdata/indicvoices/real/gujarati_128.wav,0,indicvoices
/Volumes/KIOXIA/voxdata/indicvoices/real/tamil_311.wav,0,indicvoices
/Volumes/KIOXIA/voxdata/indicvoices/real/malayalam_158.wav,0,indicvoices
/Volumes/KIOXIA/voxdata/indicvoices/real/marathi_246.wav,0,indicvoices
/Volumes/KIOXIA/voxdata/indicvoices/real/bengali_136.wav,0,indicvoices
/Volumes/KIOXIA/voxdata/indicvoices/real/punjabi_227.wav,0,indicvoices
/Volumes/KIOXIA/voxdata/indicvoices/real/tamil_307.wav,0,indicvoices
/Volumes/KIOXIA/voxdata/indicvoices/real/assamese_95.wav,0,indicvoices
/Volumes/KIOXIA/voxdata/indicvoices/real/marathi_250.wav,0,indicvoices
/Volumes/KIOXIA/voxdata/indicvoices/real/bengali_120.wav,0,indicvoices
/Volumes/KIOXIA/voxdata/indicvoices/real/punjabi_231.wav,0,indicvoices
/Volumes/KIOXIA/voxdata/indicvoices/real/hindi_258.wav,0,indicvoices
/Volumes/KIOXIA/voxdata/indicvoices/real/bengali_134.wav,0,indicvoices
/Volumes/KIOXIA/voxdata/indicvoices/real/punjabi_225.wav,0,indicvoices
/Volumes/KIOXIA/voxdata/indicvoices/real/marathi_244.wav,0,indicvoices
/Volumes/KIOXIA/voxdata/indicvoices/real/tamil_313.wav,0,indicvoices
/Volumes/KIOXIA/voxdata/indicvoices/real/assamese_81.wav,0,indicvoices
/Volumes/KIOXIA/voxdata/indicvoices/real/gujarati_102.wav,0,indicvoices
/Volumes/KIOXIA/voxdata/indicvoices/real/hindi_270.wav,0,indicvoices
/Volumes/KIOXIA/voxdata/indicvoices/real/malayalam_172.wav,0,indicvoices
/Volumes/KIOXIA/voxdata/indicvoices/real/marathi_278.wav,0,indicvoices
/Volumes/KIOXIA/voxdata/indicvoices/real/malayalam_166.wav,0,indicvoices
/Volumes/KIOXIA/voxdata/indicvoices/real/hindi_264.wav,0,indicvoices
/Volumes/KIOXIA/voxdata/indicvoices/real/punjabi_219.wav,0,indicvoices
/Volumes/KIOXIA/voxdata/indicvoices/real/bengali_108.wav,0,indicvoices
/Volumes/KIOXIA/voxdata/indicvoices/real/gujarati_116.wav,0,indicvoices
/Volumes/KIOXIA/voxdata/indicvoices/real/kannada_189.wav,0,indicvoices
/Volumes/KIOXIA/voxdata/indicvoices/real/gujarati_14.wav,0,indicvoices
/Volumes/KIOXIA/voxdata/indicvoices/real/kannada_162.wav,0,indicvoices
/Volumes/KIOXIA/voxdata/indicvoices/real/marathi_1.wav,0,indicvoices
/Volumes/KIOXIA/voxdata/indicvoices/real/assamese_56.wav,0,indicvoices
/Volumes/KIOXIA/voxdata/indicvoices/real/assamese_203.wav,0,indicvoices
/Volumes/KIOXIA/voxdata/indicvoices/real/marathi_293.wav,0,indicvoices
/Volumes/KIOXIA/voxdata/indicvoices/real/tamil_37.wav,0,indicvoices
/Volumes/KIOXIA/voxdata/indicvoices/real/assamese_217.wav,0,indicvoices
/Volumes/KIOXIA/voxdata/indicvoices/real/malayalam_199.wav,0,indicvoices
/Volumes/KIOXIA/voxdata/indicvoices/real/marathi_287.wav,0,indicvoices
/Volumes/KIOXIA/voxdata/indicvoices/real/tamil_23.wav,0,indicvoices
/Volumes/KIOXIA/voxdata/indicvoices/real/assamese_42.wav,0,indicvoices
/Volumes/KIOXIA/voxdata/indicvoices/real/telugu_19.wav,0,indicvoices
/Volumes/KIOXIA/voxdata/indicvoices/real/kannada_176.wav,0,indicvoices
/Volumes/KIOXIA/voxdata/indicvoices/real/bengali_32.wav,0,indicvoices
/Volumes/KIOXIA/voxdata/indicvoices/real/telugu_31.wav,0,indicvoices
/Volumes/KIOXIA/voxdata/indicvoices/real/gujarati_28.wav,0,indicvoices
/Volumes/KIOXIA/voxdata/indicvoices/real/telugu_25.wav,0,indicvoices
/Volumes/KIOXIA/voxdata/indicvoices/real/bengali_26.wav,0,indicvoices
/Volumes/KIOXIA/voxdata/indicvoices/real/bengali_322.wav,0,indicvoices
/Volumes/KIOXIA/voxdata/indicvoices/real/telugu_206.wav,0,indicvoices
/Volumes/KIOXIA/voxdata/indicvoices/real/tamil_105.wav,0,indicvoices
/Volumes/KIOXIA/voxdata/indicvoices/real/tamil_111.wav,0,indicvoices
/Volumes/KIOXIA/voxdata/indicvoices/real/gujarati_328.wav,0,indicvoices
/Volumes/KIOXIA/voxdata/indicvoices/real/telugu_212.wav,0,indicvoices
/Volumes/KIOXIA/voxdata/indicvoices/real/malayalam_358.wav,0,indicvoices
/Volumes/KIOXIA/voxdata/indicvoices/real/bengali_336.wav,0,indicvoices
/Volumes/KIOXIA/voxdata/indicvoices/real/malayalam_370.wav,0,indicvoices
/Volumes/KIOXIA/voxdata/indicvoices/real/gujarati_300.wav,0,indicvoices
/Volumes/KIOXIA/voxdata/indicvoices/real/tamil_139.wav,0,indicvoices
/Volumes/KIOXIA/voxdata/indicvoices/real/gujarati_314.wav,0,indicvoices
/Volumes/KIOXIA/voxdata/indicvoices/real/malayalam_364.wav,0,indicvoices
/Volumes/KIOXIA/voxdata/indicvoices/real/kannada_360.wav,0,indicvoices
/Volumes/KIOXIA/voxdata/indicvoices/real/kannada_374.wav,0,indicvoices
/Volumes/KIOXIA/voxdata/indicvoices/real/tamil_5.wav,0,indicvoices
/Volumes/KIOXIA/voxdata/indicvoices/real/kannada_348.wav,0,indicvoices
/Volumes/KIOXIA/voxdata/indicvoices/real/punjabi_147.wav,0,indicvoices
/Volumes/KIOXIA/voxdata/indicvoices/real/bengali_256.wav,0,indicvoices
/Volumes/KIOXIA/voxdata/indicvoices/real/malayalam_238.wav,0,indicvoices
/Volumes/KIOXIA/voxdata/indicvoices/real/marathi_126.wav,0,indicvoices
/Volumes/KIOXIA/voxdata/indicvoices/real/telugu_372.wav,0,indicvoices
/Volumes/KIOXIA/voxdata/indicvoices/real/gujarati_248.wav,0,indicvoices
/Volumes/KIOXIA/voxdata/indicvoices/real/hindi_18.wav,0,indicvoices
/Volumes/KIOXIA/voxdata/indicvoices/real/marathi_132.wav,0,indicvoices
/Volumes/KIOXIA/voxdata/indicvoices/real/telugu_366.wav,0,indicvoices
/Volumes/KIOXIA/voxdata/indicvoices/real/punjabi_153.wav,0,indicvoices
/Volumes/KIOXIA/voxdata/indicvoices/real/bengali_242.wav,0,indicvoices
/Volumes/KIOXIA/voxdata/indicvoices/real/malayalam_204.wav,0,indicvoices
/Volumes/KIOXIA/voxdata/indicvoices/real/hindi_106.wav,0,indicvoices
/Volumes/KIOXIA/voxdata/indicvoices/real/gujarati_274.wav,0,indicvoices
/Volumes/KIOXIA/voxdata/indicvoices/real/hindi_30.wav,0,indicvoices
/Volumes/KIOXIA/voxdata/indicvoices/real/hindi_24.wav,0,indicvoices
/Volumes/KIOXIA/voxdata/indicvoices/real/gujarati_260.wav,0,indicvoices
/Volumes/KIOXIA/voxdata/indicvoices/real/hindi_112.wav,0,indicvoices
/Volumes/KIOXIA/voxdata/indicvoices/real/malayalam_210.wav,0,indicvoices
/Volumes/KIOXIA/voxdata/indicvoices/real/assamese_175.wav,0,indicvoices
/Volumes/KIOXIA/voxdata/indicvoices/real/punjabi_184.wav,0,indicvoices
/Volumes/KIOXIA/voxdata/indicvoices/real/bengali_295.wav,0,indicvoices
/Volumes/KIOXIA/voxdata/indicvoices/real/kannada_214.wav,0,indicvoices
/Volumes/KIOXIA/voxdata/indicvoices/real/kannada_200.wav,0,indicvoices
/Volumes/KIOXIA/voxdata/indicvoices/real/punjabi_190.wav,0,indicvoices
/Volumes/KIOXIA/voxdata/indicvoices/real/bengali_281.wav,0,indicvoices
/Volumes/KIOXIA/voxdata/indicvoices/real/assamese_161.wav,0,indicvoices
/Volumes/KIOXIA/voxdata/indicvoices/real/assamese_149.wav,0,indicvoices
/Volumes/KIOXIA/voxdata/indicvoices/real/kannada_228.wav,0,indicvoices
/Volumes/KIOXIA/voxdata/indicvoices/real/kannada_13.wav,0,indicvoices
/Volumes/KIOXIA/voxdata/indicvoices/real/telugu_399.wav,0,indicvoices
/Volumes/KIOXIA/voxdata/indicvoices/real/tamil_273.wav,0,indicvoices
/Volumes/KIOXIA/voxdata/indicvoices/real/telugu_170.wav,0,indicvoices
/Volumes/KIOXIA/voxdata/indicvoices/real/malayalam_27.wav,0,indicvoices
/Volumes/KIOXIA/voxdata/indicvoices/real/marathi_324.wav,0,indicvoices
/Volumes/KIOXIA/voxdata/indicvoices/real/assamese_4.wav,0,indicvoices
/Volumes/KIOXIA/voxdata/indicvoices/real/punjabi_345.wav,0,indicvoices
/Volumes/KIOXIA/voxdata/indicvoices/real/hindi_338.wav,0,indicvoices
/Volumes/KIOXIA/voxdata/indicvoices/real/punjabi_351.wav,0,indicvoices
/Volumes/KIOXIA/voxdata/indicvoices/real/marathi_99.wav,0,indicvoices
/Volumes/KIOXIA/voxdata/indicvoices/real/telugu_164.wav,0,indicvoices
/Volumes/KIOXIA/voxdata/indicvoices/real/malayalam_33.wav,0,indicvoices
/Volumes/KIOXIA/voxdata/indicvoices/real/marathi_330.wav,0,indicvoices
/Volumes/KIOXIA/voxdata/indicvoices/real/tamil_267.wav,0,indicvoices
/Volumes/KIOXIA/voxdata/indicvoices/real/punjabi_379.wav,0,indicvoices
/Volumes/KIOXIA/voxdata/indicvoices/real/hindi_304.wav,0,indicvoices
/Volumes/KIOXIA/voxdata/indicvoices/real/assamese_388.wav,0,indicvoices
/Volumes/KIOXIA/voxdata/indicvoices/real/marathi_318.wav,0,indicvoices
/Volumes/KIOXIA/voxdata/indicvoices/real/telugu_158.wav,0,indicvoices
/Volumes/KIOXIA/voxdata/indicvoices/real/punjabi_89.wav,0,indicvoices
/Volumes/KIOXIA/voxdata/indicvoices/real/hindi_310.wav,0,indicvoices
/Volumes/KIOXIA/voxdata/indicvoices/real/punjabi_386.wav,0,indicvoices
/Volumes/KIOXIA/voxdata/indicvoices/real/punjabi_62.wav,0,indicvoices
/Volumes/KIOXIA/voxdata/indicvoices/real/assamese_377.wav,0,indicvoices
/Volumes/KIOXIA/voxdata/indicvoices/real/assamese_363.wav,0,indicvoices
/Volumes/KIOXIA/voxdata/indicvoices/real/punjabi_76.wav,0,indicvoices
/Volumes/KIOXIA/voxdata/indicvoices/real/punjabi_392.wav,0,indicvoices
/Volumes/KIOXIA/voxdata/indicvoices/real/marathi_72.wav,0,indicvoices
/Volumes/KIOXIA/voxdata/indicvoices/real/marathi_66.wav,0,indicvoices
/Volumes/KIOXIA/voxdata/indicvoices/real/tamil_298.wav,0,indicvoices
/Volumes/KIOXIA/voxdata/indicvoices/real/marathi_67.wav,0,indicvoices
/Volumes/KIOXIA/voxdata/indicvoices/real/tamil_299.wav,0,indicvoices
/Volumes/KIOXIA/voxdata/indicvoices/real/marathi_73.wav,0,indicvoices
/Volumes/KIOXIA/voxdata/indicvoices/real/punjabi_393.wav,0,indicvoices
/Volumes/KIOXIA/voxdata/indicvoices/real/assamese_362.wav,0,indicvoices
/Volumes/KIOXIA/voxdata/indicvoices/real/punjabi_77.wav,0,indicvoices
/Volumes/KIOXIA/voxdata/indicvoices/real/punjabi_63.wav,0,indicvoices
/Volumes/KIOXIA/voxdata/indicvoices/real/assamese_376.wav,0,indicvoices
/Volumes/KIOXIA/voxdata/indicvoices/real/punjabi_387.wav,0,indicvoices
/Volumes/KIOXIA/voxdata/indicvoices/real/hindi_311.wav,0,indicvoices
/Volumes/KIOXIA/voxdata/indicvoices/real/punjabi_88.wav,0,indicvoices
/Volumes/KIOXIA/voxdata/indicvoices/real/telugu_159.wav,0,indicvoices
/Volumes/KIOXIA/voxdata/indicvoices/real/marathi_319.wav,0,indicvoices
/Volumes/KIOXIA/voxdata/indicvoices/real/assamese_389.wav,0,indicvoices
/Volumes/KIOXIA/voxdata/indicvoices/real/hindi_305.wav,0,indicvoices
/Volumes/KIOXIA/voxdata/indicvoices/real/punjabi_378.wav,0,indicvoices
/Volumes/KIOXIA/voxdata/indicvoices/real/marathi_331.wav,0,indicvoices
/Volumes/KIOXIA/voxdata/indicvoices/real/malayalam_32.wav,0,indicvoices
/Volumes/KIOXIA/voxdata/indicvoices/real/telugu_165.wav,0,indicvoices
/Volumes/KIOXIA/voxdata/indicvoices/real/marathi_98.wav,0,indicvoices
/Volumes/KIOXIA/voxdata/indicvoices/real/punjabi_350.wav,0,indicvoices
/Volumes/KIOXIA/voxdata/indicvoices/real/tamil_266.wav,0,indicvoices
/Volumes/KIOXIA/voxdata/indicvoices/real/tamil_272.wav,0,indicvoices
/Volumes/KIOXIA/voxdata/indicvoices/real/hindi_339.wav,0,indicvoices
/Volumes/KIOXIA/voxdata/indicvoices/real/assamese_5.wav,0,indicvoices
/Volumes/KIOXIA/voxdata/indicvoices/real/punjabi_344.wav,0,indicvoices
/Volumes/KIOXIA/voxdata/indicvoices/real/marathi_325.wav,0,indicvoices
/Volumes/KIOXIA/voxdata/indicvoices/real/malayalam_26.wav,0,indicvoices
/Volumes/KIOXIA/voxdata/indicvoices/real/telugu_171.wav,0,indicvoices
/Volumes/KIOXIA/voxdata/indicvoices/real/kannada_12.wav,0,indicvoices
/Volumes/KIOXIA/voxdata/indicvoices/real/telugu_398.wav,0,indicvoices
/Volumes/KIOXIA/voxdata/indicvoices/real/assamese_148.wav,0,indicvoices
/Volumes/KIOXIA/voxdata/indicvoices/real/kannada_229.wav,0,indicvoices
/Volumes/KIOXIA/voxdata/indicvoices/real/kannada_201.wav,0,indicvoices
/Volumes/KIOXIA/voxdata/indicvoices/real/assamese_160.wav,0,indicvoices
/Volumes/KIOXIA/voxdata/indicvoices/real/bengali_280.wav,0,indicvoices
/Volumes/KIOXIA/voxdata/indicvoices/real/punjabi_191.wav,0,indicvoices
/Volumes/KIOXIA/voxdata/indicvoices/real/bengali_294.wav,0,indicvoices
/Volumes/KIOXIA/voxdata/indicvoices/real/punjabi_185.wav,0,indicvoices
/Volumes/KIOXIA/voxdata/indicvoices/real/assamese_174.wav,0,indicvoices
/Volumes/KIOXIA/voxdata/indicvoices/real/kannada_215.wav,0,indicvoices
/Volumes/KIOXIA/voxdata/indicvoices/real/gujarati_261.wav,0,indicvoices
/Volumes/KIOXIA/voxdata/indicvoices/real/hindi_25.wav,0,indicvoices
/Volumes/KIOXIA/voxdata/indicvoices/real/malayalam_211.wav,0,indicvoices
/Volumes/KIOXIA/voxdata/indicvoices/real/hindi_113.wav,0,indicvoices
/Volumes/KIOXIA/voxdata/indicvoices/real/hindi_107.wav,0,indicvoices
/Volumes/KIOXIA/voxdata/indicvoices/real/malayalam_205.wav,0,indicvoices
/Volumes/KIOXIA/voxdata/indicvoices/real/hindi_31.wav,0,indicvoices
/Volumes/KIOXIA/voxdata/indicvoices/real/gujarati_275.wav,0,indicvoices
/Volumes/KIOXIA/voxdata/indicvoices/real/hindi_19.wav,0,indicvoices
/Volumes/KIOXIA/voxdata/indicvoices/real/bengali_243.wav,0,indicvoices
/Volumes/KIOXIA/voxdata/indicvoices/real/punjabi_152.wav,0,indicvoices
/Volumes/KIOXIA/voxdata/indicvoices/real/telugu_367.wav,0,indicvoices
/Volumes/KIOXIA/voxdata/indicvoices/real/marathi_133.wav,0,indicvoices
/Volumes/KIOXIA/voxdata/indicvoices/real/telugu_373.wav,0,indicvoices
/Volumes/KIOXIA/voxdata/indicvoices/real/malayalam_239.wav,0,indicvoices
/Volumes/KIOXIA/voxdata/indicvoices/real/marathi_127.wav,0,indicvoices
/Volumes/KIOXIA/voxdata/indicvoices/real/bengali_257.wav,0,indicvoices
/Volumes/KIOXIA/voxdata/indicvoices/real/punjabi_146.wav,0,indicvoices
/Volumes/KIOXIA/voxdata/indicvoices/real/gujarati_249.wav,0,indicvoices
/Volumes/KIOXIA/voxdata/indicvoices/real/kannada_349.wav,0,indicvoices
/Volumes/KIOXIA/voxdata/indicvoices/real/kannada_375.wav,0,indicvoices
/Volumes/KIOXIA/voxdata/indicvoices/real/tamil_4.wav,0,indicvoices
/Volumes/KIOXIA/voxdata/indicvoices/real/kannada_361.wav,0,indicvoices
/Volumes/KIOXIA/voxdata/indicvoices/real/gujarati_315.wav,0,indicvoices
/Volumes/KIOXIA/voxdata/indicvoices/real/malayalam_365.wav,0,indicvoices
/Volumes/KIOXIA/voxdata/indicvoices/real/malayalam_371.wav,0,indicvoices
/Volumes/KIOXIA/voxdata/indicvoices/real/tamil_138.wav,0,indicvoices
/Volumes/KIOXIA/voxdata/indicvoices/real/gujarati_301.wav,0,indicvoices
/Volumes/KIOXIA/voxdata/indicvoices/real/gujarati_329.wav,0,indicvoices
/Volumes/KIOXIA/voxdata/indicvoices/real/tamil_110.wav,0,indicvoices
/Volumes/KIOXIA/voxdata/indicvoices/real/bengali_337.wav,0,indicvoices
/Volumes/KIOXIA/voxdata/indicvoices/real/malayalam_359.wav,0,indicvoices
/Volumes/KIOXIA/voxdata/indicvoices/real/telugu_213.wav,0,indicvoices
/Volumes/KIOXIA/voxdata/indicvoices/real/telugu_207.wav,0,indicvoices
/Volumes/KIOXIA/voxdata/indicvoices/real/bengali_323.wav,0,indicvoices
/Volumes/KIOXIA/voxdata/indicvoices/real/tamil_104.wav,0,indicvoices
/Volumes/KIOXIA/voxdata/indicvoices/real/bengali_27.wav,0,indicvoices
/Volumes/KIOXIA/voxdata/indicvoices/real/telugu_24.wav,0,indicvoices
/Volumes/KIOXIA/voxdata/indicvoices/real/gujarati_29.wav,0,indicvoices
/Volumes/KIOXIA/voxdata/indicvoices/real/telugu_30.wav,0,indicvoices
/Volumes/KIOXIA/voxdata/indicvoices/real/bengali_33.wav,0,indicvoices
/Volumes/KIOXIA/voxdata/indicvoices/real/tamil_22.wav,0,indicvoices
/Volumes/KIOXIA/voxdata/indicvoices/real/malayalam_198.wav,0,indicvoices
/Volumes/KIOXIA/voxdata/indicvoices/real/marathi_286.wav,0,indicvoices
/Volumes/KIOXIA/voxdata/indicvoices/real/assamese_216.wav,0,indicvoices
/Volumes/KIOXIA/voxdata/indicvoices/real/kannada_177.wav,0,indicvoices
/Volumes/KIOXIA/voxdata/indicvoices/real/telugu_18.wav,0,indicvoices
/Volumes/KIOXIA/voxdata/indicvoices/real/assamese_43.wav,0,indicvoices
/Volumes/KIOXIA/voxdata/indicvoices/real/marathi_0.wav,0,indicvoices
/Volumes/KIOXIA/voxdata/indicvoices/real/assamese_57.wav,0,indicvoices
/Volumes/KIOXIA/voxdata/indicvoices/real/kannada_163.wav,0,indicvoices
/Volumes/KIOXIA/voxdata/indicvoices/real/gujarati_15.wav,0,indicvoices
/Volumes/KIOXIA/voxdata/indicvoices/real/tamil_36.wav,0,indicvoices
/Volumes/KIOXIA/voxdata/indicvoices/real/marathi_292.wav,0,indicvoices
/Volumes/KIOXIA/voxdata/indicvoices/real/assamese_202.wav,0,indicvoices
/Volumes/KIOXIA/voxdata/indicvoices/real/bengali_109.wav,0,indicvoices
/Volumes/KIOXIA/voxdata/indicvoices/real/punjabi_218.wav,0,indicvoices
/Volumes/KIOXIA/voxdata/indicvoices/real/hindi_265.wav,0,indicvoices
/Volumes/KIOXIA/voxdata/indicvoices/real/marathi_279.wav,0,indicvoices
/Volumes/KIOXIA/voxdata/indicvoices/real/malayalam_167.wav,0,indicvoices
/Volumes/KIOXIA/voxdata/indicvoices/real/kannada_188.wav,0,indicvoices
/Volumes/KIOXIA/voxdata/indicvoices/real/gujarati_117.wav,0,indicvoices
/Volumes/KIOXIA/voxdata/indicvoices/real/gujarati_103.wav,0,indicvoices
/Volumes/KIOXIA/voxdata/indicvoices/real/malayalam_173.wav,0,indicvoices
/Volumes/KIOXIA/voxdata/indicvoices/real/hindi_271.wav,0,indicvoices
/Volumes/KIOXIA/voxdata/indicvoices/real/marathi_245.wav,0,indicvoices
/Volumes/KIOXIA/voxdata/indicvoices/real/punjabi_224.wav,0,indicvoices
/Volumes/KIOXIA/voxdata/indicvoices/real/bengali_135.wav,0,indicvoices
/Volumes/KIOXIA/voxdata/indicvoices/real/hindi_259.wav,0,indicvoices
/Volumes/KIOXIA/voxdata/indicvoices/real/assamese_80.wav,0,indicvoices
/Volumes/KIOXIA/voxdata/indicvoices/real/tamil_312.wav,0,indicvoices
/Volumes/KIOXIA/voxdata/indicvoices/real/assamese_94.wav,0,indicvoices
/Volumes/KIOXIA/voxdata/indicvoices/real/tamil_306.wav,0,indicvoices
/Volumes/KIOXIA/voxdata/indicvoices/real/punjabi_230.wav,0,indicvoices
/Volumes/KIOXIA/voxdata/indicvoices/real/bengali_121.wav,0,indicvoices
/Volumes/KIOXIA/voxdata/indicvoices/real/marathi_251.wav,0,indicvoices
/Volumes/KIOXIA/voxdata/indicvoices/real/bengali_97.wav,0,indicvoices
/Volumes/KIOXIA/voxdata/indicvoices/real/gujarati_164.wav,0,indicvoices
/Volumes/KIOXIA/voxdata/indicvoices/real/telugu_94.wav,0,indicvoices
/Volumes/KIOXIA/voxdata/indicvoices/real/malayalam_114.wav,0,indicvoices
/Volumes/KIOXIA/voxdata/indicvoices/real/hindi_216.wav,0,indicvoices
/Volumes/KIOXIA/voxdata/indicvoices/real/hindi_202.wav,0,indicvoices
/Volumes/KIOXIA/voxdata/indicvoices/real/malayalam_100.wav,0,indicvoices
/Volumes/KIOXIA/voxdata/indicvoices/real/gujarati_99.wav,0,indicvoices
/Volumes/KIOXIA/voxdata/indicvoices/real/telugu_80.wav,0,indicvoices
/Volumes/KIOXIA/voxdata/indicvoices/real/bengali_83.wav,0,indicvoices
/Volumes/KIOXIA/voxdata/indicvoices/real/gujarati_170.wav,0,indicvoices
/Volumes/KIOXIA/voxdata/indicvoices/real/tamil_349.wav,0,indicvoices
/Volumes/KIOXIA/voxdata/indicvoices/real/tamil_361.wav,0,indicvoices
/Volumes/KIOXIA/voxdata/indicvoices/real/gujarati_158.wav,0,indicvoices
/Volumes/KIOXIA/voxdata/indicvoices/real/punjabi_257.wav,0,indicvoices
/Volumes/KIOXIA/voxdata/indicvoices/real/bengali_146.wav,0,indicvoices
/Volumes/KIOXIA/voxdata/indicvoices/real/tamil_92.wav,0,indicvoices
/Volumes/KIOXIA/voxdata/indicvoices/real/malayalam_128.wav,0,indicvoices
/Volumes/KIOXIA/voxdata/indicvoices/real/marathi_236.wav,0,indicvoices
/Volumes/KIOXIA/voxdata/indicvoices/real/tamil_86.wav,0,indicvoices
/Volumes/KIOXIA/voxdata/indicvoices/real/marathi_222.wav,0,indicvoices
/Volumes/KIOXIA/voxdata/indicvoices/real/punjabi_243.wav,0,indicvoices
/Volumes/KIOXIA/voxdata/indicvoices/real/bengali_152.wav,0,indicvoices
/Volumes/KIOXIA/voxdata/indicvoices/real/tamil_375.wav,0,indicvoices
/Volumes/KIOXIA/voxdata/indicvoices/real/telugu_57.wav,0,indicvoices
/Volumes/KIOXIA/voxdata/indicvoices/real/kannada_138.wav,0,indicvoices
/Volumes/KIOXIA/voxdata/indicvoices/real/bengali_54.wav,0,indicvoices
/Volumes/KIOXIA/voxdata/indicvoices/real/assamese_259.wav,0,indicvoices
/Volumes/KIOXIA/voxdata/indicvoices/real/tamil_79.wav,0,indicvoices
/Volumes/KIOXIA/voxdata/indicvoices/real/punjabi_6.wav,0,indicvoices
/Volumes/KIOXIA/voxdata/indicvoices/real/assamese_18.wav,0,indicvoices
/Volumes/KIOXIA/voxdata/indicvoices/real/bengali_40.wav,0,indicvoices
/Volumes/KIOXIA/voxdata/indicvoices/real/telugu_43.wav,0,indicvoices
/Volumes/KIOXIA/voxdata/indicvoices/real/assamese_30.wav,0,indicvoices
/Volumes/KIOXIA/voxdata/indicvoices/real/bengali_68.wav,0,indicvoices
/Volumes/KIOXIA/voxdata/indicvoices/real/kannada_104.wav,0,indicvoices
/Volumes/KIOXIA/voxdata/indicvoices/real/gujarati_72.wav,0,indicvoices
/Volumes/KIOXIA/voxdata/indicvoices/real/assamese_265.wav,0,indicvoices
/Volumes/KIOXIA/voxdata/indicvoices/real/tamil_51.wav,0,indicvoices
/Volumes/KIOXIA/voxdata/indicvoices/real/punjabi_294.wav,0,indicvoices
/Volumes/KIOXIA/voxdata/indicvoices/real/bengali_185.wav,0,indicvoices
/Volumes/KIOXIA/voxdata/indicvoices/real/punjabi_280.wav,0,indicvoices
/Volumes/KIOXIA/voxdata/indicvoices/real/bengali_191.wav,0,indicvoices
/Volumes/KIOXIA/voxdata/indicvoices/real/assamese_271.wav,0,indicvoices
/Volumes/KIOXIA/voxdata/indicvoices/real/tamil_45.wav,0,indicvoices
/Volumes/KIOXIA/voxdata/indicvoices/real/gujarati_66.wav,0,indicvoices
/Volumes/KIOXIA/voxdata/indicvoices/real/kannada_110.wav,0,indicvoices
/Volumes/KIOXIA/voxdata/indicvoices/real/assamese_24.wav,0,indicvoices
/Volumes/KIOXIA/voxdata/indicvoices/real/bengali_378.wav,0,indicvoices
/Volumes/KIOXIA/voxdata/indicvoices/real/malayalam_316.wav,0,indicvoices
/Volumes/KIOXIA/voxdata/indicvoices/real/gujarati_366.wav,0,indicvoices
/Volumes/KIOXIA/voxdata/indicvoices/real/gujarati_372.wav,0,indicvoices
/Volumes/KIOXIA/voxdata/indicvoices/real/telugu_248.wav,0,indicvoices
/Volumes/KIOXIA/voxdata/indicvoices/real/malayalam_302.wav,0,indicvoices
/Volumes/KIOXIA/voxdata/indicvoices/real/telugu_260.wav,0,indicvoices
/Volumes/KIOXIA/voxdata/indicvoices/real/bengali_344.wav,0,indicvoices
/Volumes/KIOXIA/voxdata/indicvoices/real/tamil_163.wav,0,indicvoices
/Volumes/KIOXIA/voxdata/indicvoices/real/tamil_177.wav,0,indicvoices
/Volumes/KIOXIA/voxdata/indicvoices/real/bengali_350.wav,0,indicvoices
/Volumes/KIOXIA/voxdata/indicvoices/real/telugu_274.wav,0,indicvoices
/Volumes/KIOXIA/voxdata/indicvoices/real/tamil_188.wav,0,indicvoices
/Volumes/KIOXIA/voxdata/indicvoices/real/bengali_387.wav,0,indicvoices
/Volumes/KIOXIA/voxdata/indicvoices/real/kannada_306.wav,0,indicvoices
/Volumes/KIOXIA/voxdata/indicvoices/real/gujarati_399.wav,0,indicvoices
/Volumes/KIOXIA/voxdata/indicvoices/real/kannada_312.wav,0,indicvoices
/Volumes/KIOXIA/voxdata/indicvoices/real/bengali_393.wav,0,indicvoices
/Volumes/KIOXIA/voxdata/indicvoices/real/hindi_160.wav,0,indicvoices
/Volumes/KIOXIA/voxdata/indicvoices/real/malayalam_262.wav,0,indicvoices
/Volumes/KIOXIA/voxdata/indicvoices/real/telugu_328.wav,0,indicvoices
/Volumes/KIOXIA/voxdata/indicvoices/real/hindi_56.wav,0,indicvoices
/Volumes/KIOXIA/voxdata/indicvoices/real/gujarati_212.wav,0,indicvoices
/Volumes/KIOXIA/voxdata/indicvoices/real/gujarati_206.wav,0,indicvoices
/Volumes/KIOXIA/voxdata/indicvoices/real/hindi_42.wav,0,indicvoices
/Volumes/KIOXIA/voxdata/indicvoices/real/kannada_299.wav,0,indicvoices
/Volumes/KIOXIA/voxdata/indicvoices/real/bengali_0.wav,0,indicvoices
/Volumes/KIOXIA/voxdata/indicvoices/real/marathi_168.wav,0,indicvoices
/Volumes/KIOXIA/voxdata/indicvoices/real/malayalam_276.wav,0,indicvoices
/Volumes/KIOXIA/voxdata/indicvoices/real/punjabi_109.wav,0,indicvoices
/Volumes/KIOXIA/voxdata/indicvoices/real/bengali_218.wav,0,indicvoices
/Volumes/KIOXIA/voxdata/indicvoices/real/hindi_174.wav,0,indicvoices
/Volumes/KIOXIA/voxdata/indicvoices/real/marathi_140.wav,0,indicvoices
/Volumes/KIOXIA/voxdata/indicvoices/real/telugu_314.wav,0,indicvoices
/Volumes/KIOXIA/voxdata/indicvoices/real/bengali_230.wav,0,indicvoices
/Volumes/KIOXIA/voxdata/indicvoices/real/punjabi_121.wav,0,indicvoices
/Volumes/KIOXIA/voxdata/indicvoices/real/telugu_9.wav,0,indicvoices
/Volumes/KIOXIA/voxdata/indicvoices/real/bengali_224.wav,0,indicvoices
/Volumes/KIOXIA/voxdata/indicvoices/real/punjabi_135.wav,0,indicvoices
/Volumes/KIOXIA/voxdata/indicvoices/real/hindi_148.wav,0,indicvoices
/Volumes/KIOXIA/voxdata/indicvoices/real/marathi_154.wav,0,indicvoices
/Volumes/KIOXIA/voxdata/indicvoices/real/telugu_300.wav,0,indicvoices
/Volumes/KIOXIA/voxdata/indicvoices/real/kannada_61.wav,0,indicvoices
/Volumes/KIOXIA/voxdata/indicvoices/real/hindi_95.wav,0,indicvoices
/Volumes/KIOXIA/voxdata/indicvoices/real/kannada_75.wav,0,indicvoices
/Volumes/KIOXIA/voxdata/indicvoices/real/hindi_81.wav,0,indicvoices
/Volumes/KIOXIA/voxdata/indicvoices/real/assamese_113.wav,0,indicvoices
/Volumes/KIOXIA/voxdata/indicvoices/real/marathi_183.wav,0,indicvoices
/Volumes/KIOXIA/voxdata/indicvoices/real/kannada_272.wav,0,indicvoices
/Volumes/KIOXIA/voxdata/indicvoices/real/kannada_49.wav,0,indicvoices
/Volumes/KIOXIA/voxdata/indicvoices/real/kannada_266.wav,0,indicvoices
/Volumes/KIOXIA/voxdata/indicvoices/real/assamese_107.wav,0,indicvoices
/Volumes/KIOXIA/voxdata/indicvoices/real/malayalam_289.wav,0,indicvoices
/Volumes/KIOXIA/voxdata/indicvoices/real/marathi_197.wav,0,indicvoices
/Volumes/KIOXIA/voxdata/indicvoices/real/tamil_229.wav,0,indicvoices
/Volumes/KIOXIA/voxdata/indicvoices/real/hindi_362.wav,0,indicvoices
/Volumes/KIOXIA/voxdata/indicvoices/real/hindi_376.wav,0,indicvoices
/Volumes/KIOXIA/voxdata/indicvoices/real/malayalam_69.wav,0,indicvoices
/Volumes/KIOXIA/voxdata/indicvoices/real/tamil_215.wav,0,indicvoices
/Volumes/KIOXIA/voxdata/indicvoices/real/punjabi_323.wav,0,indicvoices
/Volumes/KIOXIA/voxdata/indicvoices/real/telugu_116.wav,0,indicvoices
/Volumes/KIOXIA/voxdata/indicvoices/real/malayalam_41.wav,0,indicvoices
/Volumes/KIOXIA/voxdata/indicvoices/real/marathi_342.wav,0,indicvoices
/Volumes/KIOXIA/voxdata/indicvoices/real/telugu_102.wav,0,indicvoices
/Volumes/KIOXIA/voxdata/indicvoices/real/malayalam_55.wav,0,indicvoices
/Volumes/KIOXIA/voxdata/indicvoices/real/marathi_356.wav,0,indicvoices
/Volumes/KIOXIA/voxdata/indicvoices/real/punjabi_337.wav,0,indicvoices
/Volumes/KIOXIA/voxdata/indicvoices/real/tamil_201.wav,0,indicvoices
/Volumes/KIOXIA/voxdata/indicvoices/real/marathi_14.wav,0,indicvoices
/Volumes/KIOXIA/voxdata/indicvoices/real/punjabi_38.wav,0,indicvoices
/Volumes/KIOXIA/voxdata/indicvoices/real/assamese_339.wav,0,indicvoices
/Volumes/KIOXIA/voxdata/indicvoices/real/marathi_381.wav,0,indicvoices
/Volumes/KIOXIA/voxdata/indicvoices/real/malayalam_82.wav,0,indicvoices
/Volumes/KIOXIA/voxdata/indicvoices/real/assamese_311.wav,0,indicvoices
/Volumes/KIOXIA/voxdata/indicvoices/real/marathi_28.wav,0,indicvoices
/Volumes/KIOXIA/voxdata/indicvoices/real/hindi_389.wav,0,indicvoices
/Volumes/KIOXIA/voxdata/indicvoices/real/marathi_395.wav,0,indicvoices
/Volumes/KIOXIA/voxdata/indicvoices/real/malayalam_96.wav,0,indicvoices
/Volumes/KIOXIA/voxdata/indicvoices/real/assamese_305.wav,0,indicvoices
/Volumes/KIOXIA/voxdata/indicvoices/real/punjabi_10.wav,0,indicvoices
/Volumes/KIOXIA/voxdata/indicvoices/real/assamese_304.wav,0,indicvoices
/Volumes/KIOXIA/voxdata/indicvoices/real/punjabi_11.wav,0,indicvoices
/Volumes/KIOXIA/voxdata/indicvoices/real/malayalam_97.wav,0,indicvoices
/Volumes/KIOXIA/voxdata/indicvoices/real/marathi_394.wav,0,indicvoices
/Volumes/KIOXIA/voxdata/indicvoices/real/hindi_388.wav,0,indicvoices
/Volumes/KIOXIA/voxdata/indicvoices/real/marathi_29.wav,0,indicvoices
/Volumes/KIOXIA/voxdata/indicvoices/real/assamese_310.wav,0,indicvoices
/Volumes/KIOXIA/voxdata/indicvoices/real/malayalam_83.wav,0,indicvoices
/Volumes/KIOXIA/voxdata/indicvoices/real/marathi_380.wav,0,indicvoices
/Volumes/KIOXIA/voxdata/indicvoices/real/assamese_338.wav,0,indicvoices
/Volumes/KIOXIA/voxdata/indicvoices/real/punjabi_39.wav,0,indicvoices
/Volumes/KIOXIA/voxdata/indicvoices/real/marathi_15.wav,0,indicvoices
/Volumes/KIOXIA/voxdata/indicvoices/real/punjabi_336.wav,0,indicvoices
/Volumes/KIOXIA/voxdata/indicvoices/real/marathi_357.wav,0,indicvoices
/Volumes/KIOXIA/voxdata/indicvoices/real/malayalam_54.wav,0,indicvoices
/Volumes/KIOXIA/voxdata/indicvoices/real/telugu_103.wav,0,indicvoices
/Volumes/KIOXIA/voxdata/indicvoices/real/tamil_200.wav,0,indicvoices
/Volumes/KIOXIA/voxdata/indicvoices/real/tamil_214.wav,0,indicvoices
/Volumes/KIOXIA/voxdata/indicvoices/real/marathi_343.wav,0,indicvoices
/Volumes/KIOXIA/voxdata/indicvoices/real/malayalam_40.wav,0,indicvoices
/Volumes/KIOXIA/voxdata/indicvoices/real/telugu_117.wav,0,indicvoices
/Volumes/KIOXIA/voxdata/indicvoices/real/punjabi_322.wav,0,indicvoices
/Volumes/KIOXIA/voxdata/indicvoices/real/malayalam_68.wav,0,indicvoices
/Volumes/KIOXIA/voxdata/indicvoices/real/hindi_377.wav,0,indicvoices
/Volumes/KIOXIA/voxdata/indicvoices/real/tamil_228.wav,0,indicvoices
/Volumes/KIOXIA/voxdata/indicvoices/real/hindi_363.wav,0,indicvoices
/Volumes/KIOXIA/voxdata/indicvoices/real/kannada_267.wav,0,indicvoices
/Volumes/KIOXIA/voxdata/indicvoices/real/kannada_48.wav,0,indicvoices
/Volumes/KIOXIA/voxdata/indicvoices/real/malayalam_288.wav,0,indicvoices
/Volumes/KIOXIA/voxdata/indicvoices/real/marathi_196.wav,0,indicvoices
/Volumes/KIOXIA/voxdata/indicvoices/real/assamese_106.wav,0,indicvoices
/Volumes/KIOXIA/voxdata/indicvoices/real/marathi_182.wav,0,indicvoices
/Volumes/KIOXIA/voxdata/indicvoices/real/assamese_112.wav,0,indicvoices
/Volumes/KIOXIA/voxdata/indicvoices/real/kannada_273.wav,0,indicvoices
/Volumes/KIOXIA/voxdata/indicvoices/real/hindi_80.wav,0,indicvoices
/Volumes/KIOXIA/voxdata/indicvoices/real/kannada_74.wav,0,indicvoices
/Volumes/KIOXIA/voxdata/indicvoices/real/hindi_94.wav,0,indicvoices
/Volumes/KIOXIA/voxdata/indicvoices/real/kannada_60.wav,0,indicvoices
/Volumes/KIOXIA/voxdata/indicvoices/real/telugu_301.wav,0,indicvoices
/Volumes/KIOXIA/voxdata/indicvoices/real/marathi_155.wav,0,indicvoices
/Volumes/KIOXIA/voxdata/indicvoices/real/hindi_149.wav,0,indicvoices
/Volumes/KIOXIA/voxdata/indicvoices/real/punjabi_134.wav,0,indicvoices
/Volumes/KIOXIA/voxdata/indicvoices/real/bengali_225.wav,0,indicvoices
/Volumes/KIOXIA/voxdata/indicvoices/real/telugu_8.wav,0,indicvoices
/Volumes/KIOXIA/voxdata/indicvoices/real/punjabi_120.wav,0,indicvoices
/Volumes/KIOXIA/voxdata/indicvoices/real/bengali_231.wav,0,indicvoices
/Volumes/KIOXIA/voxdata/indicvoices/real/telugu_315.wav,0,indicvoices
/Volumes/KIOXIA/voxdata/indicvoices/real/marathi_141.wav,0,indicvoices
/Volumes/KIOXIA/voxdata/indicvoices/real/bengali_1.wav,0,indicvoices
/Volumes/KIOXIA/voxdata/indicvoices/real/kannada_298.wav,0,indicvoices
/Volumes/KIOXIA/voxdata/indicvoices/real/hindi_43.wav,0,indicvoices
/Volumes/KIOXIA/voxdata/indicvoices/real/gujarati_207.wav,0,indicvoices
/Volumes/KIOXIA/voxdata/indicvoices/real/hindi_175.wav,0,indicvoices
/Volumes/KIOXIA/voxdata/indicvoices/real/bengali_219.wav,0,indicvoices
/Volumes/KIOXIA/voxdata/indicvoices/real/punjabi_108.wav,0,indicvoices
/Volumes/KIOXIA/voxdata/indicvoices/real/marathi_169.wav,0,indicvoices
/Volumes/KIOXIA/voxdata/indicvoices/real/malayalam_277.wav,0,indicvoices
/Volumes/KIOXIA/voxdata/indicvoices/real/telugu_329.wav,0,indicvoices
/Volumes/KIOXIA/voxdata/indicvoices/real/malayalam_263.wav,0,indicvoices
/Volumes/KIOXIA/voxdata/indicvoices/real/hindi_161.wav,0,indicvoices
/Volumes/KIOXIA/voxdata/indicvoices/real/gujarati_213.wav,0,indicvoices
/Volumes/KIOXIA/voxdata/indicvoices/real/hindi_57.wav,0,indicvoices
/Volumes/KIOXIA/voxdata/indicvoices/real/kannada_313.wav,0,indicvoices
/Volumes/KIOXIA/voxdata/indicvoices/real/bengali_392.wav,0,indicvoices
/Volumes/KIOXIA/voxdata/indicvoices/real/bengali_386.wav,0,indicvoices
/Volumes/KIOXIA/voxdata/indicvoices/real/gujarati_398.wav,0,indicvoices
/Volumes/KIOXIA/voxdata/indicvoices/real/kannada_307.wav,0,indicvoices
/Volumes/KIOXIA/voxdata/indicvoices/real/tamil_189.wav,0,indicvoices
/Volumes/KIOXIA/voxdata/indicvoices/real/tamil_176.wav,0,indicvoices
/Volumes/KIOXIA/voxdata/indicvoices/real/telugu_275.wav,0,indicvoices
/Volumes/KIOXIA/voxdata/indicvoices/real/bengali_351.wav,0,indicvoices
/Volumes/KIOXIA/voxdata/indicvoices/real/bengali_345.wav,0,indicvoices
/Volumes/KIOXIA/voxdata/indicvoices/real/telugu_261.wav,0,indicvoices
/Volumes/KIOXIA/voxdata/indicvoices/real/tamil_162.wav,0,indicvoices
/Volumes/KIOXIA/voxdata/indicvoices/real/gujarati_373.wav,0,indicvoices
/Volumes/KIOXIA/voxdata/indicvoices/real/malayalam_303.wav,0,indicvoices
/Volumes/KIOXIA/voxdata/indicvoices/real/telugu_249.wav,0,indicvoices
/Volumes/KIOXIA/voxdata/indicvoices/real/malayalam_317.wav,0,indicvoices
/Volumes/KIOXIA/voxdata/indicvoices/real/bengali_379.wav,0,indicvoices
/Volumes/KIOXIA/voxdata/indicvoices/real/gujarati_367.wav,0,indicvoices
/Volumes/KIOXIA/voxdata/indicvoices/real/tamil_44.wav,0,indicvoices
/Volumes/KIOXIA/voxdata/indicvoices/real/assamese_270.wav,0,indicvoices
/Volumes/KIOXIA/voxdata/indicvoices/real/bengali_190.wav,0,indicvoices
/Volumes/KIOXIA/voxdata/indicvoices/real/punjabi_281.wav,0,indicvoices
/Volumes/KIOXIA/voxdata/indicvoices/real/assamese_25.wav,0,indicvoices
/Volumes/KIOXIA/voxdata/indicvoices/real/kannada_111.wav,0,indicvoices
/Volumes/KIOXIA/voxdata/indicvoices/real/gujarati_67.wav,0,indicvoices
/Volumes/KIOXIA/voxdata/indicvoices/real/gujarati_73.wav,0,indicvoices
/Volumes/KIOXIA/voxdata/indicvoices/real/kannada_105.wav,0,indicvoices
/Volumes/KIOXIA/voxdata/indicvoices/real/bengali_69.wav,0,indicvoices
/Volumes/KIOXIA/voxdata/indicvoices/real/assamese_31.wav,0,indicvoices
/Volumes/KIOXIA/voxdata/indicvoices/real/bengali_184.wav,0,indicvoices
/Volumes/KIOXIA/voxdata/indicvoices/real/punjabi_295.wav,0,indicvoices
/Volumes/KIOXIA/voxdata/indicvoices/real/tamil_50.wav,0,indicvoices
/Volumes/KIOXIA/voxdata/indicvoices/real/assamese_264.wav,0,indicvoices
/Volumes/KIOXIA/voxdata/indicvoices/real/tamil_78.wav,0,indicvoices
/Volumes/KIOXIA/voxdata/indicvoices/real/telugu_42.wav,0,indicvoices
/Volumes/KIOXIA/voxdata/indicvoices/real/bengali_41.wav,0,indicvoices
/Volumes/KIOXIA/voxdata/indicvoices/real/assamese_19.wav,0,indicvoices
/Volumes/KIOXIA/voxdata/indicvoices/real/punjabi_7.wav,0,indicvoices
/Volumes/KIOXIA/voxdata/indicvoices/real/bengali_55.wav,0,indicvoices
/Volumes/KIOXIA/voxdata/indicvoices/real/kannada_139.wav,0,indicvoices
/Volumes/KIOXIA/voxdata/indicvoices/real/telugu_56.wav,0,indicvoices
/Volumes/KIOXIA/voxdata/indicvoices/real/assamese_258.wav,0,indicvoices
/Volumes/KIOXIA/voxdata/indicvoices/real/bengali_153.wav,0,indicvoices
/Volumes/KIOXIA/voxdata/indicvoices/real/punjabi_242.wav,0,indicvoices
/Volumes/KIOXIA/voxdata/indicvoices/real/marathi_223.wav,0,indicvoices
/Volumes/KIOXIA/voxdata/indicvoices/real/tamil_87.wav,0,indicvoices
/Volumes/KIOXIA/voxdata/indicvoices/real/tamil_374.wav,0,indicvoices
/Volumes/KIOXIA/voxdata/indicvoices/real/gujarati_159.wav,0,indicvoices
/Volumes/KIOXIA/voxdata/indicvoices/real/tamil_360.wav,0,indicvoices
/Volumes/KIOXIA/voxdata/indicvoices/real/malayalam_129.wav,0,indicvoices
/Volumes/KIOXIA/voxdata/indicvoices/real/marathi_237.wav,0,indicvoices
/Volumes/KIOXIA/voxdata/indicvoices/real/tamil_93.wav,0,indicvoices
/Volumes/KIOXIA/voxdata/indicvoices/real/bengali_147.wav,0,indicvoices
/Volumes/KIOXIA/voxdata/indicvoices/real/punjabi_256.wav,0,indicvoices
/Volumes/KIOXIA/voxdata/indicvoices/real/malayalam_101.wav,0,indicvoices
/Volumes/KIOXIA/voxdata/indicvoices/real/hindi_203.wav,0,indicvoices
/Volumes/KIOXIA/voxdata/indicvoices/real/tamil_348.wav,0,indicvoices
/Volumes/KIOXIA/voxdata/indicvoices/real/gujarati_171.wav,0,indicvoices
/Volumes/KIOXIA/voxdata/indicvoices/real/bengali_82.wav,0,indicvoices
/Volumes/KIOXIA/voxdata/indicvoices/real/telugu_81.wav,0,indicvoices
/Volumes/KIOXIA/voxdata/indicvoices/real/gujarati_98.wav,0,indicvoices
/Volumes/KIOXIA/voxdata/indicvoices/real/telugu_95.wav,0,indicvoices
/Volumes/KIOXIA/voxdata/indicvoices/real/gujarati_165.wav,0,indicvoices
/Volumes/KIOXIA/voxdata/indicvoices/real/bengali_96.wav,0,indicvoices
/Volumes/KIOXIA/voxdata/indicvoices/real/hindi_217.wav,0,indicvoices
/Volumes/KIOXIA/voxdata/indicvoices/real/malayalam_115.wav,0,indicvoices
/Volumes/KIOXIA/voxdata/indicvoices/real/telugu_83.wav,0,indicvoices
/Volumes/KIOXIA/voxdata/indicvoices/real/bengali_80.wav,0,indicvoices
/Volumes/KIOXIA/voxdata/indicvoices/real/gujarati_173.wav,0,indicvoices
/Volumes/KIOXIA/voxdata/indicvoices/real/hindi_201.wav,0,indicvoices
/Volumes/KIOXIA/voxdata/indicvoices/real/malayalam_103.wav,0,indicvoices
/Volumes/KIOXIA/voxdata/indicvoices/real/marathi_209.wav,0,indicvoices
/Volumes/KIOXIA/voxdata/indicvoices/real/malayalam_117.wav,0,indicvoices
/Volumes/KIOXIA/voxdata/indicvoices/real/assamese_299.wav,0,indicvoices
/Volumes/KIOXIA/voxdata/indicvoices/real/punjabi_268.wav,0,indicvoices
/Volumes/KIOXIA/voxdata/indicvoices/real/bengali_179.wav,0,indicvoices
/Volumes/KIOXIA/voxdata/indicvoices/real/hindi_215.wav,0,indicvoices
/Volumes/KIOXIA/voxdata/indicvoices/real/bengali_94.wav,0,indicvoices
/Volumes/KIOXIA/voxdata/indicvoices/real/gujarati_167.wav,0,indicvoices
/Volumes/KIOXIA/voxdata/indicvoices/real/telugu_97.wav,0,indicvoices
/Volumes/KIOXIA/voxdata/indicvoices/real/tamil_376.wav,0,indicvoices
/Volumes/KIOXIA/voxdata/indicvoices/real/marathi_221.wav,0,indicvoices
/Volumes/KIOXIA/voxdata/indicvoices/real/tamil_85.wav,0,indicvoices
/Volumes/KIOXIA/voxdata/indicvoices/real/bengali_151.wav,0,indicvoices
/Volumes/KIOXIA/voxdata/indicvoices/real/punjabi_240.wav,0,indicvoices
/Volumes/KIOXIA/voxdata/indicvoices/real/bengali_145.wav,0,indicvoices
/Volumes/KIOXIA/voxdata/indicvoices/real/punjabi_254.wav,0,indicvoices
/Volumes/KIOXIA/voxdata/indicvoices/real/hindi_229.wav,0,indicvoices
/Volumes/KIOXIA/voxdata/indicvoices/real/marathi_235.wav,0,indicvoices
/Volumes/KIOXIA/voxdata/indicvoices/real/tamil_91.wav,0,indicvoices
/Volumes/KIOXIA/voxdata/indicvoices/real/tamil_362.wav,0,indicvoices
/Volumes/KIOXIA/voxdata/indicvoices/real/punjabi_5.wav,0,indicvoices
/Volumes/KIOXIA/voxdata/indicvoices/real/bengali_43.wav,0,indicvoices
/Volumes/KIOXIA/voxdata/indicvoices/real/tamil_389.wav,0,indicvoices
/Volumes/KIOXIA/voxdata/indicvoices/real/telugu_40.wav,0,indicvoices
/Volumes/KIOXIA/voxdata/indicvoices/real/gujarati_59.wav,0,indicvoices
/Volumes/KIOXIA/voxdata/indicvoices/real/telugu_54.wav,0,indicvoices
/Volumes/KIOXIA/voxdata/indicvoices/real/bengali_57.wav,0,indicvoices
/Volumes/KIOXIA/voxdata/indicvoices/real/gujarati_65.wav,0,indicvoices
/Volumes/KIOXIA/voxdata/indicvoices/real/kannada_113.wav,0,indicvoices
/Volumes/KIOXIA/voxdata/indicvoices/real/assamese_27.wav,0,indicvoices
/Volumes/KIOXIA/voxdata/indicvoices/real/bengali_192.wav,0,indicvoices
/Volumes/KIOXIA/voxdata/indicvoices/real/punjabi_283.wav,0,indicvoices
/Volumes/KIOXIA/voxdata/indicvoices/real/assamese_272.wav,0,indicvoices
/Volumes/KIOXIA/voxdata/indicvoices/real/tamil_46.wav,0,indicvoices
/Volumes/KIOXIA/voxdata/indicvoices/real/assamese_266.wav,0,indicvoices
/Volumes/KIOXIA/voxdata/indicvoices/real/tamil_52.wav,0,indicvoices
/Volumes/KIOXIA/voxdata/indicvoices/real/bengali_186.wav,0,indicvoices
/Volumes/KIOXIA/voxdata/indicvoices/real/punjabi_297.wav,0,indicvoices
/Volumes/KIOXIA/voxdata/indicvoices/real/assamese_33.wav,0,indicvoices
/Volumes/KIOXIA/voxdata/indicvoices/real/gujarati_198.wav,0,indicvoices
/Volumes/KIOXIA/voxdata/indicvoices/real/telugu_68.wav,0,indicvoices
/Volumes/KIOXIA/voxdata/indicvoices/real/kannada_107.wav,0,indicvoices
/Volumes/KIOXIA/voxdata/indicvoices/real/gujarati_71.wav,0,indicvoices
/Volumes/KIOXIA/voxdata/indicvoices/real/malayalam_301.wav,0,indicvoices
/Volumes/KIOXIA/voxdata/indicvoices/real/gujarati_371.wav,0,indicvoices
/Volumes/KIOXIA/voxdata/indicvoices/real/tamil_148.wav,0,indicvoices
/Volumes/KIOXIA/voxdata/indicvoices/real/gujarati_365.wav,0,indicvoices
/Volumes/KIOXIA/voxdata/indicvoices/real/malayalam_315.wav,0,indicvoices
/Volumes/KIOXIA/voxdata/indicvoices/real/bengali_353.wav,0,indicvoices
/Volumes/KIOXIA/voxdata/indicvoices/real/telugu_277.wav,0,indicvoices
/Volumes/KIOXIA/voxdata/indicvoices/real/tamil_174.wav,0,indicvoices
/Volumes/KIOXIA/voxdata/indicvoices/real/tamil_160.wav,0,indicvoices
/Volumes/KIOXIA/voxdata/indicvoices/real/gujarati_359.wav,0,indicvoices
/Volumes/KIOXIA/voxdata/indicvoices/real/telugu_263.wav,0,indicvoices
/Volumes/KIOXIA/voxdata/indicvoices/real/malayalam_329.wav,0,indicvoices
/Volumes/KIOXIA/voxdata/indicvoices/real/bengali_347.wav,0,indicvoices
/Volumes/KIOXIA/voxdata/indicvoices/real/telugu_288.wav,0,indicvoices
/Volumes/KIOXIA/voxdata/indicvoices/real/kannada_339.wav,0,indicvoices
/Volumes/KIOXIA/voxdata/indicvoices/real/bengali_390.wav,0,indicvoices
/Volumes/KIOXIA/voxdata/indicvoices/real/kannada_311.wav,0,indicvoices
/Volumes/KIOXIA/voxdata/indicvoices/real/kannada_305.wav,0,indicvoices
/Volumes/KIOXIA/voxdata/indicvoices/real/bengali_384.wav,0,indicvoices
/Volumes/KIOXIA/voxdata/indicvoices/real/malayalam_275.wav,0,indicvoices
/Volumes/KIOXIA/voxdata/indicvoices/real/hindi_177.wav,0,indicvoices
/Volumes/KIOXIA/voxdata/indicvoices/real/gujarati_205.wav,0,indicvoices
/Volumes/KIOXIA/voxdata/indicvoices/real/hindi_41.wav,0,indicvoices
/Volumes/KIOXIA/voxdata/indicvoices/real/bengali_3.wav,0,indicvoices
/Volumes/KIOXIA/voxdata/indicvoices/real/hindi_55.wav,0,indicvoices
/Volumes/KIOXIA/voxdata/indicvoices/real/gujarati_211.wav,0,indicvoices
/Volumes/KIOXIA/voxdata/indicvoices/real/hindi_163.wav,0,indicvoices
/Volumes/KIOXIA/voxdata/indicvoices/real/malayalam_261.wav,0,indicvoices
/Volumes/KIOXIA/voxdata/indicvoices/real/punjabi_136.wav,0,indicvoices
/Volumes/KIOXIA/voxdata/indicvoices/real/bengali_227.wav,0,indicvoices
/Volumes/KIOXIA/voxdata/indicvoices/real/malayalam_249.wav,0,indicvoices
/Volumes/KIOXIA/voxdata/indicvoices/real/marathi_157.wav,0,indicvoices
/Volumes/KIOXIA/voxdata/indicvoices/real/telugu_303.wav,0,indicvoices
/Volumes/KIOXIA/voxdata/indicvoices/real/kannada_89.wav,0,indicvoices
/Volumes/KIOXIA/voxdata/indicvoices/real/gujarati_239.wav,0,indicvoices
/Volumes/KIOXIA/voxdata/indicvoices/real/hindi_69.wav,0,indicvoices
/Volumes/KIOXIA/voxdata/indicvoices/real/marathi_143.wav,0,indicvoices
/Volumes/KIOXIA/voxdata/indicvoices/real/telugu_317.wav,0,indicvoices
/Volumes/KIOXIA/voxdata/indicvoices/real/punjabi_122.wav,0,indicvoices
/Volumes/KIOXIA/voxdata/indicvoices/real/bengali_233.wav,0,indicvoices
/Volumes/KIOXIA/voxdata/indicvoices/real/assamese_138.wav,0,indicvoices
/Volumes/KIOXIA/voxdata/indicvoices/real/kannada_76.wav,0,indicvoices
/Volumes/KIOXIA/voxdata/indicvoices/real/kannada_259.wav,0,indicvoices
/Volumes/KIOXIA/voxdata/indicvoices/real/hindi_82.wav,0,indicvoices
/Volumes/KIOXIA/voxdata/indicvoices/real/kannada_62.wav,0,indicvoices
/Volumes/KIOXIA/voxdata/indicvoices/real/hindi_96.wav,0,indicvoices
/Volumes/KIOXIA/voxdata/indicvoices/real/malayalam_8.wav,0,indicvoices
/Volumes/KIOXIA/voxdata/indicvoices/real/assamese_104.wav,0,indicvoices
/Volumes/KIOXIA/voxdata/indicvoices/real/marathi_194.wav,0,indicvoices
/Volumes/KIOXIA/voxdata/indicvoices/real/hindi_188.wav,0,indicvoices
/Volumes/KIOXIA/voxdata/indicvoices/real/kannada_265.wav,0,indicvoices
/Volumes/KIOXIA/voxdata/indicvoices/real/kannada_271.wav,0,indicvoices
/Volumes/KIOXIA/voxdata/indicvoices/real/assamese_110.wav,0,indicvoices
/Volumes/KIOXIA/voxdata/indicvoices/real/marathi_180.wav,0,indicvoices
/Volumes/KIOXIA/voxdata/indicvoices/real/hindi_375.wav,0,indicvoices
/Volumes/KIOXIA/voxdata/indicvoices/real/punjabi_308.wav,0,indicvoices
/Volumes/KIOXIA/voxdata/indicvoices/real/marathi_369.wav,0,indicvoices
/Volumes/KIOXIA/voxdata/indicvoices/real/telugu_129.wav,0,indicvoices
/Volumes/KIOXIA/voxdata/indicvoices/real/hindi_361.wav,0,indicvoices
/Volumes/KIOXIA/voxdata/indicvoices/real/tamil_202.wav,0,indicvoices
/Volumes/KIOXIA/voxdata/indicvoices/real/malayalam_56.wav,0,indicvoices
/Volumes/KIOXIA/voxdata/indicvoices/real/telugu_101.wav,0,indicvoices
/Volumes/KIOXIA/voxdata/indicvoices/real/marathi_355.wav,0,indicvoices
/Volumes/KIOXIA/voxdata/indicvoices/real/hindi_349.wav,0,indicvoices
/Volumes/KIOXIA/voxdata/indicvoices/real/punjabi_334.wav,0,indicvoices
/Volumes/KIOXIA/voxdata/indicvoices/real/punjabi_320.wav,0,indicvoices
/Volumes/KIOXIA/voxdata/indicvoices/real/malayalam_42.wav,0,indicvoices
/Volumes/KIOXIA/voxdata/indicvoices/real/telugu_115.wav,0,indicvoices
/Volumes/KIOXIA/voxdata/indicvoices/real/marathi_341.wav,0,indicvoices
/Volumes/KIOXIA/voxdata/indicvoices/real/tamil_216.wav,0,indicvoices
/Volumes/KIOXIA/voxdata/indicvoices/real/marathi_17.wav,0,indicvoices
/Volumes/KIOXIA/voxdata/indicvoices/real/marathi_396.wav,0,indicvoices
/Volumes/KIOXIA/voxdata/indicvoices/real/punjabi_13.wav,0,indicvoices
/Volumes/KIOXIA/voxdata/indicvoices/real/assamese_306.wav,0,indicvoices
/Volumes/KIOXIA/voxdata/indicvoices/real/malayalam_95.wav,0,indicvoices
/Volumes/KIOXIA/voxdata/indicvoices/real/marathi_382.wav,0,indicvoices
/Volumes/KIOXIA/voxdata/indicvoices/real/assamese_312.wav,0,indicvoices
/Volumes/KIOXIA/voxdata/indicvoices/real/malayalam_81.wav,0,indicvoices
/Volumes/KIOXIA/voxdata/indicvoices/real/malayalam_80.wav,0,indicvoices
/Volumes/KIOXIA/voxdata/indicvoices/real/assamese_313.wav,0,indicvoices
/Volumes/KIOXIA/voxdata/indicvoices/real/marathi_383.wav,0,indicvoices
/Volumes/KIOXIA/voxdata/indicvoices/real/malayalam_94.wav,0,indicvoices
/Volumes/KIOXIA/voxdata/indicvoices/real/punjabi_12.wav,0,indicvoices
/Volumes/KIOXIA/voxdata/indicvoices/real/assamese_307.wav,0,indicvoices
/Volumes/KIOXIA/voxdata/indicvoices/real/marathi_397.wav,0,indicvoices
/Volumes/KIOXIA/voxdata/indicvoices/real/marathi_16.wav,0,indicvoices
/Volumes/KIOXIA/voxdata/indicvoices/real/marathi_340.wav,0,indicvoices
/Volumes/KIOXIA/voxdata/indicvoices/real/telugu_114.wav,0,indicvoices
/Volumes/KIOXIA/voxdata/indicvoices/real/malayalam_43.wav,0,indicvoices
/Volumes/KIOXIA/voxdata/indicvoices/real/punjabi_321.wav,0,indicvoices
/Volumes/KIOXIA/voxdata/indicvoices/real/tamil_217.wav,0,indicvoices
/Volumes/KIOXIA/voxdata/indicvoices/real/tamil_203.wav,0,indicvoices
/Volumes/KIOXIA/voxdata/indicvoices/real/punjabi_335.wav,0,indicvoices
/Volumes/KIOXIA/voxdata/indicvoices/real/hindi_348.wav,0,indicvoices
/Volumes/KIOXIA/voxdata/indicvoices/real/marathi_354.wav,0,indicvoices
/Volumes/KIOXIA/voxdata/indicvoices/real/telugu_100.wav,0,indicvoices
/Volumes/KIOXIA/voxdata/indicvoices/real/malayalam_57.wav,0,indicvoices
/Volumes/KIOXIA/voxdata/indicvoices/real/hindi_360.wav,0,indicvoices
/Volumes/KIOXIA/voxdata/indicvoices/real/telugu_128.wav,0,indicvoices
/Volumes/KIOXIA/voxdata/indicvoices/real/marathi_368.wav,0,indicvoices
/Volumes/KIOXIA/voxdata/indicvoices/real/punjabi_309.wav,0,indicvoices
/Volumes/KIOXIA/voxdata/indicvoices/real/hindi_374.wav,0,indicvoices
/Volumes/KIOXIA/voxdata/indicvoices/real/kannada_270.wav,0,indicvoices
/Volumes/KIOXIA/voxdata/indicvoices/real/marathi_181.wav,0,indicvoices
/Volumes/KIOXIA/voxdata/indicvoices/real/assamese_111.wav,0,indicvoices
/Volumes/KIOXIA/voxdata/indicvoices/real/hindi_189.wav,0,indicvoices
/Volumes/KIOXIA/voxdata/indicvoices/real/marathi_195.wav,0,indicvoices
/Volumes/KIOXIA/voxdata/indicvoices/real/assamese_105.wav,0,indicvoices
/Volumes/KIOXIA/voxdata/indicvoices/real/kannada_264.wav,0,indicvoices
/Volumes/KIOXIA/voxdata/indicvoices/real/hindi_97.wav,0,indicvoices
/Volumes/KIOXIA/voxdata/indicvoices/real/kannada_63.wav,0,indicvoices
/Volumes/KIOXIA/voxdata/indicvoices/real/malayalam_9.wav,0,indicvoices
/Volumes/KIOXIA/voxdata/indicvoices/real/assamese_139.wav,0,indicvoices
/Volumes/KIOXIA/voxdata/indicvoices/real/hindi_83.wav,0,indicvoices
/Volumes/KIOXIA/voxdata/indicvoices/real/kannada_258.wav,0,indicvoices
/Volumes/KIOXIA/voxdata/indicvoices/real/kannada_77.wav,0,indicvoices
/Volumes/KIOXIA/voxdata/indicvoices/real/hindi_68.wav,0,indicvoices
/Volumes/KIOXIA/voxdata/indicvoices/real/bengali_232.wav,0,indicvoices
/Volumes/KIOXIA/voxdata/indicvoices/real/punjabi_123.wav,0,indicvoices
/Volumes/KIOXIA/voxdata/indicvoices/real/telugu_316.wav,0,indicvoices
/Volumes/KIOXIA/voxdata/indicvoices/real/marathi_142.wav,0,indicvoices
/Volumes/KIOXIA/voxdata/indicvoices/real/telugu_302.wav,0,indicvoices
/Volumes/KIOXIA/voxdata/indicvoices/real/malayalam_248.wav,0,indicvoices
/Volumes/KIOXIA/voxdata/indicvoices/real/marathi_156.wav,0,indicvoices
/Volumes/KIOXIA/voxdata/indicvoices/real/bengali_226.wav,0,indicvoices
/Volumes/KIOXIA/voxdata/indicvoices/real/punjabi_137.wav,0,indicvoices
/Volumes/KIOXIA/voxdata/indicvoices/real/gujarati_238.wav,0,indicvoices
/Volumes/KIOXIA/voxdata/indicvoices/real/kannada_88.wav,0,indicvoices
/Volumes/KIOXIA/voxdata/indicvoices/real/gujarati_210.wav,0,indicvoices
/Volumes/KIOXIA/voxdata/indicvoices/real/hindi_54.wav,0,indicvoices
/Volumes/KIOXIA/voxdata/indicvoices/real/malayalam_260.wav,0,indicvoices
/Volumes/KIOXIA/voxdata/indicvoices/real/hindi_162.wav,0,indicvoices
/Volumes/KIOXIA/voxdata/indicvoices/real/hindi_176.wav,0,indicvoices
/Volumes/KIOXIA/voxdata/indicvoices/real/malayalam_274.wav,0,indicvoices
/Volumes/KIOXIA/voxdata/indicvoices/real/bengali_2.wav,0,indicvoices
/Volumes/KIOXIA/voxdata/indicvoices/real/hindi_40.wav,0,indicvoices
/Volumes/KIOXIA/voxdata/indicvoices/real/gujarati_204.wav,0,indicvoices
/Volumes/KIOXIA/voxdata/indicvoices/real/kannada_304.wav,0,indicvoices
/Volumes/KIOXIA/voxdata/indicvoices/real/bengali_385.wav,0,indicvoices
/Volumes/KIOXIA/voxdata/indicvoices/real/bengali_391.wav,0,indicvoices
/Volumes/KIOXIA/voxdata/indicvoices/real/kannada_310.wav,0,indicvoices
/Volumes/KIOXIA/voxdata/indicvoices/real/kannada_338.wav,0,indicvoices
/Volumes/KIOXIA/voxdata/indicvoices/real/telugu_289.wav,0,indicvoices
/Volumes/KIOXIA/voxdata/indicvoices/real/gujarati_358.wav,0,indicvoices
/Volumes/KIOXIA/voxdata/indicvoices/real/tamil_161.wav,0,indicvoices
/Volumes/KIOXIA/voxdata/indicvoices/real/bengali_346.wav,0,indicvoices
/Volumes/KIOXIA/voxdata/indicvoices/real/malayalam_328.wav,0,indicvoices
/Volumes/KIOXIA/voxdata/indicvoices/real/telugu_262.wav,0,indicvoices
/Volumes/KIOXIA/voxdata/indicvoices/real/telugu_276.wav,0,indicvoices
/Volumes/KIOXIA/voxdata/indicvoices/real/bengali_352.wav,0,indicvoices
/Volumes/KIOXIA/voxdata/indicvoices/real/tamil_175.wav,0,indicvoices
/Volumes/KIOXIA/voxdata/indicvoices/real/gujarati_364.wav,0,indicvoices
/Volumes/KIOXIA/voxdata/indicvoices/real/malayalam_314.wav,0,indicvoices
/Volumes/KIOXIA/voxdata/indicvoices/real/malayalam_300.wav,0,indicvoices
/Volumes/KIOXIA/voxdata/indicvoices/real/tamil_149.wav,0,indicvoices
/Volumes/KIOXIA/voxdata/indicvoices/real/gujarati_370.wav,0,indicvoices
/Volumes/KIOXIA/voxdata/indicvoices/real/punjabi_296.wav,0,indicvoices
/Volumes/KIOXIA/voxdata/indicvoices/real/bengali_187.wav,0,indicvoices
/Volumes/KIOXIA/voxdata/indicvoices/real/tamil_53.wav,0,indicvoices
/Volumes/KIOXIA/voxdata/indicvoices/real/assamese_267.wav,0,indicvoices
/Volumes/KIOXIA/voxdata/indicvoices/real/gujarati_70.wav,0,indicvoices
/Volumes/KIOXIA/voxdata/indicvoices/real/kannada_106.wav,0,indicvoices
/Volumes/KIOXIA/voxdata/indicvoices/real/telugu_69.wav,0,indicvoices
/Volumes/KIOXIA/voxdata/indicvoices/real/gujarati_199.wav,0,indicvoices
/Volumes/KIOXIA/voxdata/indicvoices/real/assamese_32.wav,0,indicvoices
/Volumes/KIOXIA/voxdata/indicvoices/real/assamese_26.wav,0,indicvoices
/Volumes/KIOXIA/voxdata/indicvoices/real/kannada_112.wav,0,indicvoices
/Volumes/KIOXIA/voxdata/indicvoices/real/gujarati_64.wav,0,indicvoices
/Volumes/KIOXIA/voxdata/indicvoices/real/tamil_47.wav,0,indicvoices
/Volumes/KIOXIA/voxdata/indicvoices/real/assamese_273.wav,0,indicvoices
/Volumes/KIOXIA/voxdata/indicvoices/real/punjabi_282.wav,0,indicvoices
/Volumes/KIOXIA/voxdata/indicvoices/real/bengali_193.wav,0,indicvoices
/Volumes/KIOXIA/voxdata/indicvoices/real/bengali_56.wav,0,indicvoices
/Volumes/KIOXIA/voxdata/indicvoices/real/telugu_55.wav,0,indicvoices
/Volumes/KIOXIA/voxdata/indicvoices/real/gujarati_58.wav,0,indicvoices
/Volumes/KIOXIA/voxdata/indicvoices/real/telugu_41.wav,0,indicvoices
/Volumes/KIOXIA/voxdata/indicvoices/real/tamil_388.wav,0,indicvoices
/Volumes/KIOXIA/voxdata/indicvoices/real/bengali_42.wav,0,indicvoices
/Volumes/KIOXIA/voxdata/indicvoices/real/punjabi_4.wav,0,indicvoices
/Volumes/KIOXIA/voxdata/indicvoices/real/tamil_90.wav,0,indicvoices
/Volumes/KIOXIA/voxdata/indicvoices/real/marathi_234.wav,0,indicvoices
/Volumes/KIOXIA/voxdata/indicvoices/real/hindi_228.wav,0,indicvoices
/Volumes/KIOXIA/voxdata/indicvoices/real/punjabi_255.wav,0,indicvoices
/Volumes/KIOXIA/voxdata/indicvoices/real/bengali_144.wav,0,indicvoices
/Volumes/KIOXIA/voxdata/indicvoices/real/tamil_363.wav,0,indicvoices
/Volumes/KIOXIA/voxdata/indicvoices/real/tamil_377.wav,0,indicvoices
/Volumes/KIOXIA/voxdata/indicvoices/real/punjabi_241.wav,0,indicvoices
/Volumes/KIOXIA/voxdata/indicvoices/real/bengali_150.wav,0,indicvoices
/Volumes/KIOXIA/voxdata/indicvoices/real/tamil_84.wav,0,indicvoices
/Volumes/KIOXIA/voxdata/indicvoices/real/marathi_220.wav,0,indicvoices
/Volumes/KIOXIA/voxdata/indicvoices/real/hindi_214.wav,0,indicvoices
/Volumes/KIOXIA/voxdata/indicvoices/real/bengali_178.wav,0,indicvoices
/Volumes/KIOXIA/voxdata/indicvoices/real/punjabi_269.wav,0,indicvoices
/Volumes/KIOXIA/voxdata/indicvoices/real/assamese_298.wav,0,indicvoices
/Volumes/KIOXIA/voxdata/indicvoices/real/marathi_208.wav,0,indicvoices
/Volumes/KIOXIA/voxdata/indicvoices/real/malayalam_116.wav,0,indicvoices
/Volumes/KIOXIA/voxdata/indicvoices/real/telugu_96.wav,0,indicvoices
/Volumes/KIOXIA/voxdata/indicvoices/real/gujarati_166.wav,0,indicvoices
/Volumes/KIOXIA/voxdata/indicvoices/real/bengali_95.wav,0,indicvoices
/Volumes/KIOXIA/voxdata/indicvoices/real/gujarati_172.wav,0,indicvoices
/Volumes/KIOXIA/voxdata/indicvoices/real/bengali_81.wav,0,indicvoices
/Volumes/KIOXIA/voxdata/indicvoices/real/telugu_82.wav,0,indicvoices
/Volumes/KIOXIA/voxdata/indicvoices/real/malayalam_102.wav,0,indicvoices
/Volumes/KIOXIA/voxdata/indicvoices/real/hindi_200.wav,0,indicvoices
/Volumes/KIOXIA/voxdata/indicvoices/real/marathi_224.wav,0,indicvoices
/Volumes/KIOXIA/voxdata/indicvoices/real/tamil_80.wav,0,indicvoices
/Volumes/KIOXIA/voxdata/indicvoices/real/hindi_238.wav,0,indicvoices
/Volumes/KIOXIA/voxdata/indicvoices/real/bengali_154.wav,0,indicvoices
/Volumes/KIOXIA/voxdata/indicvoices/real/punjabi_245.wav,0,indicvoices
/Volumes/KIOXIA/voxdata/indicvoices/real/tamil_373.wav,0,indicvoices
/Volumes/KIOXIA/voxdata/indicvoices/real/tamil_367.wav,0,indicvoices
/Volumes/KIOXIA/voxdata/indicvoices/real/bengali_140.wav,0,indicvoices
/Volumes/KIOXIA/voxdata/indicvoices/real/punjabi_251.wav,0,indicvoices
/Volumes/KIOXIA/voxdata/indicvoices/real/marathi_230.wav,0,indicvoices
/Volumes/KIOXIA/voxdata/indicvoices/real/tamil_94.wav,0,indicvoices
/Volumes/KIOXIA/voxdata/indicvoices/real/hindi_204.wav,0,indicvoices
/Volumes/KIOXIA/voxdata/indicvoices/real/punjabi_279.wav,0,indicvoices
/Volumes/KIOXIA/voxdata/indicvoices/real/bengali_168.wav,0,indicvoices
/Volumes/KIOXIA/voxdata/indicvoices/real/marathi_218.wav,0,indicvoices
/Volumes/KIOXIA/voxdata/indicvoices/real/malayalam_106.wav,0,indicvoices
/Volumes/KIOXIA/voxdata/indicvoices/real/assamese_288.wav,0,indicvoices
/Volumes/KIOXIA/voxdata/indicvoices/real/telugu_86.wav,0,indicvoices
/Volumes/KIOXIA/voxdata/indicvoices/real/gujarati_176.wav,0,indicvoices
/Volumes/KIOXIA/voxdata/indicvoices/real/bengali_85.wav,0,indicvoices
/Volumes/KIOXIA/voxdata/indicvoices/real/gujarati_162.wav,0,indicvoices
/Volumes/KIOXIA/voxdata/indicvoices/real/bengali_91.wav,0,indicvoices
/Volumes/KIOXIA/voxdata/indicvoices/real/telugu_92.wav,0,indicvoices
/Volumes/KIOXIA/voxdata/indicvoices/real/malayalam_112.wav,0,indicvoices
/Volumes/KIOXIA/voxdata/indicvoices/real/hindi_210.wav,0,indicvoices
/Volumes/KIOXIA/voxdata/indicvoices/real/bengali_197.wav,0,indicvoices
/Volumes/KIOXIA/voxdata/indicvoices/real/punjabi_286.wav,0,indicvoices
/Volumes/KIOXIA/voxdata/indicvoices/real/assamese_277.wav,0,indicvoices
/Volumes/KIOXIA/voxdata/indicvoices/real/tamil_43.wav,0,indicvoices
/Volumes/KIOXIA/voxdata/indicvoices/real/telugu_79.wav,0,indicvoices
/Volumes/KIOXIA/voxdata/indicvoices/real/gujarati_60.wav,0,indicvoices
/Volumes/KIOXIA/voxdata/indicvoices/real/kannada_116.wav,0,indicvoices
/Volumes/KIOXIA/voxdata/indicvoices/real/assamese_22.wav,0,indicvoices
/Volumes/KIOXIA/voxdata/indicvoices/real/gujarati_189.wav,0,indicvoices
/Volumes/KIOXIA/voxdata/indicvoices/real/assamese_36.wav,0,indicvoices
/Volumes/KIOXIA/voxdata/indicvoices/real/kannada_102.wav,0,indicvoices
/Volumes/KIOXIA/voxdata/indicvoices/real/gujarati_74.wav,0,indicvoices
/Volumes/KIOXIA/voxdata/indicvoices/real/assamese_263.wav,0,indicvoices
/Volumes/KIOXIA/voxdata/indicvoices/real/tamil_57.wav,0,indicvoices
/Volumes/KIOXIA/voxdata/indicvoices/real/bengali_183.wav,0,indicvoices
/Volumes/KIOXIA/voxdata/indicvoices/real/punjabi_292.wav,0,indicvoices
/Volumes/KIOXIA/voxdata/indicvoices/real/punjabi_0.wav,0,indicvoices
/Volumes/KIOXIA/voxdata/indicvoices/real/bengali_46.wav,0,indicvoices
/Volumes/KIOXIA/voxdata/indicvoices/real/telugu_45.wav,0,indicvoices
/Volumes/KIOXIA/voxdata/indicvoices/real/telugu_51.wav,0,indicvoices
/Volumes/KIOXIA/voxdata/indicvoices/real/gujarati_48.wav,0,indicvoices
/Volumes/KIOXIA/voxdata/indicvoices/real/tamil_398.wav,0,indicvoices
/Volumes/KIOXIA/voxdata/indicvoices/real/bengali_52.wav,0,indicvoices
/Volumes/KIOXIA/voxdata/indicvoices/real/tamil_171.wav,0,indicvoices
/Volumes/KIOXIA/voxdata/indicvoices/real/gujarati_348.wav,0,indicvoices
/Volumes/KIOXIA/voxdata/indicvoices/real/bengali_356.wav,0,indicvoices
/Volumes/KIOXIA/voxdata/indicvoices/real/telugu_272.wav,0,indicvoices
/Volumes/KIOXIA/voxdata/indicvoices/real/malayalam_338.wav,0,indicvoices
/Volumes/KIOXIA/voxdata/indicvoices/real/telugu_266.wav,0,indicvoices
/Volumes/KIOXIA/voxdata/indicvoices/real/bengali_342.wav,0,indicvoices
/Volumes/KIOXIA/voxdata/indicvoices/real/tamil_165.wav,0,indicvoices
/Volumes/KIOXIA/voxdata/indicvoices/real/gujarati_374.wav,0,indicvoices
/Volumes/KIOXIA/voxdata/indicvoices/real/malayalam_304.wav,0,indicvoices
/Volumes/KIOXIA/voxdata/indicvoices/real/malayalam_310.wav,0,indicvoices
/Volumes/KIOXIA/voxdata/indicvoices/real/gujarati_360.wav,0,indicvoices
/Volumes/KIOXIA/voxdata/indicvoices/real/tamil_159.wav,0,indicvoices
/Volumes/KIOXIA/voxdata/indicvoices/real/kannada_314.wav,0,indicvoices
/Volumes/KIOXIA/voxdata/indicvoices/real/bengali_395.wav,0,indicvoices
/Volumes/KIOXIA/voxdata/indicvoices/real/bengali_381.wav,0,indicvoices
/Volumes/KIOXIA/voxdata/indicvoices/real/kannada_300.wav,0,indicvoices
/Volumes/KIOXIA/voxdata/indicvoices/real/kannada_328.wav,0,indicvoices
/Volumes/KIOXIA/voxdata/indicvoices/real/telugu_299.wav,0,indicvoices
/Volumes/KIOXIA/voxdata/indicvoices/real/hindi_78.wav,0,indicvoices
/Volumes/KIOXIA/voxdata/indicvoices/real/punjabi_133.wav,0,indicvoices
/Volumes/KIOXIA/voxdata/indicvoices/real/bengali_222.wav,0,indicvoices
/Volumes/KIOXIA/voxdata/indicvoices/real/marathi_152.wav,0,indicvoices
/Volumes/KIOXIA/voxdata/indicvoices/real/telugu_306.wav,0,indicvoices
/Volumes/KIOXIA/voxdata/indicvoices/real/malayalam_258.wav,0,indicvoices
/Volumes/KIOXIA/voxdata/indicvoices/real/marathi_146.wav,0,indicvoices
/Volumes/KIOXIA/voxdata/indicvoices/real/telugu_312.wav,0,indicvoices
/Volumes/KIOXIA/voxdata/indicvoices/real/punjabi_127.wav,0,indicvoices
/Volumes/KIOXIA/voxdata/indicvoices/real/bengali_236.wav,0,indicvoices
/Volumes/KIOXIA/voxdata/indicvoices/real/gujarati_228.wav,0,indicvoices
/Volumes/KIOXIA/voxdata/indicvoices/real/kannada_98.wav,0,indicvoices
/Volumes/KIOXIA/voxdata/indicvoices/real/gujarati_200.wav,0,indicvoices
/Volumes/KIOXIA/voxdata/indicvoices/real/hindi_44.wav,0,indicvoices
/Volumes/KIOXIA/voxdata/indicvoices/real/bengali_6.wav,0,indicvoices
/Volumes/KIOXIA/voxdata/indicvoices/real/malayalam_270.wav,0,indicvoices
/Volumes/KIOXIA/voxdata/indicvoices/real/hindi_172.wav,0,indicvoices
/Volumes/KIOXIA/voxdata/indicvoices/real/hindi_166.wav,0,indicvoices
/Volumes/KIOXIA/voxdata/indicvoices/real/malayalam_264.wav,0,indicvoices
/Volumes/KIOXIA/voxdata/indicvoices/real/hindi_50.wav,0,indicvoices
/Volumes/KIOXIA/voxdata/indicvoices/real/gujarati_214.wav,0,indicvoices
/Volumes/KIOXIA/voxdata/indicvoices/real/kannada_260.wav,0,indicvoices
/Volumes/KIOXIA/voxdata/indicvoices/real/assamese_101.wav,0,indicvoices
/Volumes/KIOXIA/voxdata/indicvoices/real/marathi_191.wav,0,indicvoices
/Volumes/KIOXIA/voxdata/indicvoices/real/hindi_199.wav,0,indicvoices
/Volumes/KIOXIA/voxdata/indicvoices/real/assamese_115.wav,0,indicvoices
/Volumes/KIOXIA/voxdata/indicvoices/real/marathi_185.wav,0,indicvoices
/Volumes/KIOXIA/voxdata/indicvoices/real/kannada_274.wav,0,indicvoices
/Volumes/KIOXIA/voxdata/indicvoices/real/kannada_73.wav,0,indicvoices
/Volumes/KIOXIA/voxdata/indicvoices/real/hindi_87.wav,0,indicvoices
/Volumes/KIOXIA/voxdata/indicvoices/real/assamese_129.wav,0,indicvoices
/Volumes/KIOXIA/voxdata/indicvoices/real/kannada_67.wav,0,indicvoices
/Volumes/KIOXIA/voxdata/indicvoices/real/kannada_248.wav,0,indicvoices
/Volumes/KIOXIA/voxdata/indicvoices/real/hindi_93.wav,0,indicvoices
/Volumes/KIOXIA/voxdata/indicvoices/real/malayalam_53.wav,0,indicvoices
/Volumes/KIOXIA/voxdata/indicvoices/real/telugu_104.wav,0,indicvoices
/Volumes/KIOXIA/voxdata/indicvoices/real/marathi_350.wav,0,indicvoices
/Volumes/KIOXIA/voxdata/indicvoices/real/punjabi_331.wav,0,indicvoices
/Volumes/KIOXIA/voxdata/indicvoices/real/tamil_207.wav,0,indicvoices
/Volumes/KIOXIA/voxdata/indicvoices/real/tamil_213.wav,0,indicvoices
/Volumes/KIOXIA/voxdata/indicvoices/real/punjabi_325.wav,0,indicvoices
/Volumes/KIOXIA/voxdata/indicvoices/real/hindi_358.wav,0,indicvoices
/Volumes/KIOXIA/voxdata/indicvoices/real/malayalam_47.wav,0,indicvoices
/Volumes/KIOXIA/voxdata/indicvoices/real/telugu_110.wav,0,indicvoices
/Volumes/KIOXIA/voxdata/indicvoices/real/marathi_344.wav,0,indicvoices
/Volumes/KIOXIA/voxdata/indicvoices/real/hindi_370.wav,0,indicvoices
/Volumes/KIOXIA/voxdata/indicvoices/real/telugu_138.wav,0,indicvoices
/Volumes/KIOXIA/voxdata/indicvoices/real/marathi_378.wav,0,indicvoices
/Volumes/KIOXIA/voxdata/indicvoices/real/punjabi_319.wav,0,indicvoices
/Volumes/KIOXIA/voxdata/indicvoices/real/hindi_364.wav,0,indicvoices
/Volumes/KIOXIA/voxdata/indicvoices/real/marathi_393.wav,0,indicvoices
/Volumes/KIOXIA/voxdata/indicvoices/real/assamese_303.wav,0,indicvoices
/Volumes/KIOXIA/voxdata/indicvoices/real/punjabi_16.wav,0,indicvoices
/Volumes/KIOXIA/voxdata/indicvoices/real/malayalam_90.wav,0,indicvoices
/Volumes/KIOXIA/voxdata/indicvoices/real/marathi_387.wav,0,indicvoices
/Volumes/KIOXIA/voxdata/indicvoices/real/assamese_317.wav,0,indicvoices
/Volumes/KIOXIA/voxdata/indicvoices/real/malayalam_84.wav,0,indicvoices
/Volumes/KIOXIA/voxdata/indicvoices/real/marathi_12.wav,0,indicvoices
/Volumes/KIOXIA/voxdata/indicvoices/real/marathi_13.wav,0,indicvoices
/Volumes/KIOXIA/voxdata/indicvoices/real/malayalam_85.wav,0,indicvoices
/Volumes/KIOXIA/voxdata/indicvoices/real/assamese_316.wav,0,indicvoices
/Volumes/KIOXIA/voxdata/indicvoices/real/marathi_386.wav,0,indicvoices
/Volumes/KIOXIA/voxdata/indicvoices/real/malayalam_91.wav,0,indicvoices
/Volumes/KIOXIA/voxdata/indicvoices/real/assamese_302.wav,0,indicvoices
/Volumes/KIOXIA/voxdata/indicvoices/real/punjabi_17.wav,0,indicvoices
/Volumes/KIOXIA/voxdata/indicvoices/real/marathi_392.wav,0,indicvoices
/Volumes/KIOXIA/voxdata/indicvoices/real/hindi_365.wav,0,indicvoices
/Volumes/KIOXIA/voxdata/indicvoices/real/punjabi_318.wav,0,indicvoices
/Volumes/KIOXIA/voxdata/indicvoices/real/marathi_379.wav,0,indicvoices
/Volumes/KIOXIA/voxdata/indicvoices/real/telugu_139.wav,0,indicvoices
/Volumes/KIOXIA/voxdata/indicvoices/real/hindi_371.wav,0,indicvoices
/Volumes/KIOXIA/voxdata/indicvoices/real/tamil_212.wav,0,indicvoices
/Volumes/KIOXIA/voxdata/indicvoices/real/marathi_345.wav,0,indicvoices
/Volumes/KIOXIA/voxdata/indicvoices/real/telugu_111.wav,0,indicvoices
/Volumes/KIOXIA/voxdata/indicvoices/real/malayalam_46.wav,0,indicvoices
/Volumes/KIOXIA/voxdata/indicvoices/real/hindi_359.wav,0,indicvoices
/Volumes/KIOXIA/voxdata/indicvoices/real/punjabi_324.wav,0,indicvoices
/Volumes/KIOXIA/voxdata/indicvoices/real/punjabi_330.wav,0,indicvoices
/Volumes/KIOXIA/voxdata/indicvoices/real/marathi_351.wav,0,indicvoices
/Volumes/KIOXIA/voxdata/indicvoices/real/telugu_105.wav,0,indicvoices
/Volumes/KIOXIA/voxdata/indicvoices/real/malayalam_52.wav,0,indicvoices
/Volumes/KIOXIA/voxdata/indicvoices/real/tamil_206.wav,0,indicvoices
/Volumes/KIOXIA/voxdata/indicvoices/real/assamese_128.wav,0,indicvoices
/Volumes/KIOXIA/voxdata/indicvoices/real/hindi_92.wav,0,indicvoices
/Volumes/KIOXIA/voxdata/indicvoices/real/kannada_249.wav,0,indicvoices
/Volumes/KIOXIA/voxdata/indicvoices/real/kannada_66.wav,0,indicvoices
/Volumes/KIOXIA/voxdata/indicvoices/real/hindi_86.wav,0,indicvoices
/Volumes/KIOXIA/voxdata/indicvoices/real/kannada_72.wav,0,indicvoices
/Volumes/KIOXIA/voxdata/indicvoices/real/marathi_184.wav,0,indicvoices
/Volumes/KIOXIA/voxdata/indicvoices/real/assamese_114.wav,0,indicvoices
/Volumes/KIOXIA/voxdata/indicvoices/real/hindi_198.wav,0,indicvoices
/Volumes/KIOXIA/voxdata/indicvoices/real/kannada_275.wav,0,indicvoices
/Volumes/KIOXIA/voxdata/indicvoices/real/kannada_261.wav,0,indicvoices
/Volumes/KIOXIA/voxdata/indicvoices/real/marathi_190.wav,0,indicvoices
/Volumes/KIOXIA/voxdata/indicvoices/real/assamese_100.wav,0,indicvoices
/Volumes/KIOXIA/voxdata/indicvoices/real/malayalam_265.wav,0,indicvoices
/Volumes/KIOXIA/voxdata/indicvoices/real/hindi_167.wav,0,indicvoices
/Volumes/KIOXIA/voxdata/indicvoices/real/gujarati_215.wav,0,indicvoices
/Volumes/KIOXIA/voxdata/indicvoices/real/hindi_51.wav,0,indicvoices
/Volumes/KIOXIA/voxdata/indicvoices/real/bengali_7.wav,0,indicvoices
/Volumes/KIOXIA/voxdata/indicvoices/real/hindi_45.wav,0,indicvoices
/Volumes/KIOXIA/voxdata/indicvoices/real/gujarati_201.wav,0,indicvoices
/Volumes/KIOXIA/voxdata/indicvoices/real/hindi_173.wav,0,indicvoices
/Volumes/KIOXIA/voxdata/indicvoices/real/malayalam_271.wav,0,indicvoices
/Volumes/KIOXIA/voxdata/indicvoices/real/bengali_237.wav,0,indicvoices
/Volumes/KIOXIA/voxdata/indicvoices/real/punjabi_126.wav,0,indicvoices
/Volumes/KIOXIA/voxdata/indicvoices/real/telugu_313.wav,0,indicvoices
/Volumes/KIOXIA/voxdata/indicvoices/real/malayalam_259.wav,0,indicvoices
/Volumes/KIOXIA/voxdata/indicvoices/real/marathi_147.wav,0,indicvoices
/Volumes/KIOXIA/voxdata/indicvoices/real/kannada_99.wav,0,indicvoices
/Volumes/KIOXIA/voxdata/indicvoices/real/gujarati_229.wav,0,indicvoices
/Volumes/KIOXIA/voxdata/indicvoices/real/hindi_79.wav,0,indicvoices
/Volumes/KIOXIA/voxdata/indicvoices/real/telugu_307.wav,0,indicvoices
/Volumes/KIOXIA/voxdata/indicvoices/real/marathi_153.wav,0,indicvoices
/Volumes/KIOXIA/voxdata/indicvoices/real/bengali_223.wav,0,indicvoices
/Volumes/KIOXIA/voxdata/indicvoices/real/punjabi_132.wav,0,indicvoices
/Volumes/KIOXIA/voxdata/indicvoices/real/telugu_298.wav,0,indicvoices
/Volumes/KIOXIA/voxdata/indicvoices/real/kannada_329.wav,0,indicvoices
/Volumes/KIOXIA/voxdata/indicvoices/real/bengali_380.wav,0,indicvoices
/Volumes/KIOXIA/voxdata/indicvoices/real/kannada_301.wav,0,indicvoices
/Volumes/KIOXIA/voxdata/indicvoices/real/kannada_315.wav,0,indicvoices
/Volumes/KIOXIA/voxdata/indicvoices/real/bengali_394.wav,0,indicvoices
/Volumes/KIOXIA/voxdata/indicvoices/real/malayalam_311.wav,0,indicvoices
/Volumes/KIOXIA/voxdata/indicvoices/real/tamil_158.wav,0,indicvoices
/Volumes/KIOXIA/voxdata/indicvoices/real/gujarati_361.wav,0,indicvoices
/Volumes/KIOXIA/voxdata/indicvoices/real/gujarati_375.wav,0,indicvoices
/Volumes/KIOXIA/voxdata/indicvoices/real/malayalam_305.wav,0,indicvoices
/Volumes/KIOXIA/voxdata/indicvoices/real/bengali_343.wav,0,indicvoices
/Volumes/KIOXIA/voxdata/indicvoices/real/telugu_267.wav,0,indicvoices
/Volumes/KIOXIA/voxdata/indicvoices/real/tamil_164.wav,0,indicvoices
/Volumes/KIOXIA/voxdata/indicvoices/real/gujarati_349.wav,0,indicvoices
/Volumes/KIOXIA/voxdata/indicvoices/real/tamil_170.wav,0,indicvoices
/Volumes/KIOXIA/voxdata/indicvoices/real/malayalam_339.wav,0,indicvoices
/Volumes/KIOXIA/voxdata/indicvoices/real/telugu_273.wav,0,indicvoices
/Volumes/KIOXIA/voxdata/indicvoices/real/bengali_357.wav,0,indicvoices
/Volumes/KIOXIA/voxdata/indicvoices/real/bengali_53.wav,0,indicvoices
/Volumes/KIOXIA/voxdata/indicvoices/real/tamil_399.wav,0,indicvoices
/Volumes/KIOXIA/voxdata/indicvoices/real/gujarati_49.wav,0,indicvoices
/Volumes/KIOXIA/voxdata/indicvoices/real/telugu_50.wav,0,indicvoices
/Volumes/KIOXIA/voxdata/indicvoices/real/telugu_44.wav,0,indicvoices
/Volumes/KIOXIA/voxdata/indicvoices/real/bengali_47.wav,0,indicvoices
/Volumes/KIOXIA/voxdata/indicvoices/real/punjabi_1.wav,0,indicvoices
/Volumes/KIOXIA/voxdata/indicvoices/real/gujarati_75.wav,0,indicvoices
/Volumes/KIOXIA/voxdata/indicvoices/real/kannada_103.wav,0,indicvoices
/Volumes/KIOXIA/voxdata/indicvoices/real/assamese_37.wav,0,indicvoices
/Volumes/KIOXIA/voxdata/indicvoices/real/punjabi_293.wav,0,indicvoices
/Volumes/KIOXIA/voxdata/indicvoices/real/bengali_182.wav,0,indicvoices
/Volumes/KIOXIA/voxdata/indicvoices/real/tamil_56.wav,0,indicvoices
/Volumes/KIOXIA/voxdata/indicvoices/real/assamese_262.wav,0,indicvoices
/Volumes/KIOXIA/voxdata/indicvoices/real/tamil_42.wav,0,indicvoices
/Volumes/KIOXIA/voxdata/indicvoices/real/assamese_276.wav,0,indicvoices
/Volumes/KIOXIA/voxdata/indicvoices/real/punjabi_287.wav,0,indicvoices
/Volumes/KIOXIA/voxdata/indicvoices/real/bengali_196.wav,0,indicvoices
/Volumes/KIOXIA/voxdata/indicvoices/real/gujarati_188.wav,0,indicvoices
/Volumes/KIOXIA/voxdata/indicvoices/real/assamese_23.wav,0,indicvoices
/Volumes/KIOXIA/voxdata/indicvoices/real/kannada_117.wav,0,indicvoices
/Volumes/KIOXIA/voxdata/indicvoices/real/gujarati_61.wav,0,indicvoices
/Volumes/KIOXIA/voxdata/indicvoices/real/telugu_78.wav,0,indicvoices
/Volumes/KIOXIA/voxdata/indicvoices/real/telugu_93.wav,0,indicvoices
/Volumes/KIOXIA/voxdata/indicvoices/real/bengali_90.wav,0,indicvoices
/Volumes/KIOXIA/voxdata/indicvoices/real/gujarati_163.wav,0,indicvoices
/Volumes/KIOXIA/voxdata/indicvoices/real/hindi_211.wav,0,indicvoices
/Volumes/KIOXIA/voxdata/indicvoices/real/malayalam_113.wav,0,indicvoices
/Volumes/KIOXIA/voxdata/indicvoices/real/assamese_289.wav,0,indicvoices
/Volumes/KIOXIA/voxdata/indicvoices/real/marathi_219.wav,0,indicvoices
/Volumes/KIOXIA/voxdata/indicvoices/real/malayalam_107.wav,0,indicvoices
/Volumes/KIOXIA/voxdata/indicvoices/real/bengali_169.wav,0,indicvoices
/Volumes/KIOXIA/voxdata/indicvoices/real/punjabi_278.wav,0,indicvoices
/Volumes/KIOXIA/voxdata/indicvoices/real/hindi_205.wav,0,indicvoices
/Volumes/KIOXIA/voxdata/indicvoices/real/bengali_84.wav,0,indicvoices
/Volumes/KIOXIA/voxdata/indicvoices/real/gujarati_177.wav,0,indicvoices
/Volumes/KIOXIA/voxdata/indicvoices/real/telugu_87.wav,0,indicvoices
/Volumes/KIOXIA/voxdata/indicvoices/real/tamil_366.wav,0,indicvoices
/Volumes/KIOXIA/voxdata/indicvoices/real/tamil_95.wav,0,indicvoices
/Volumes/KIOXIA/voxdata/indicvoices/real/marathi_231.wav,0,indicvoices
/Volumes/KIOXIA/voxdata/indicvoices/real/punjabi_250.wav,0,indicvoices
/Volumes/KIOXIA/voxdata/indicvoices/real/bengali_141.wav,0,indicvoices
/Volumes/KIOXIA/voxdata/indicvoices/real/punjabi_244.wav,0,indicvoices
/Volumes/KIOXIA/voxdata/indicvoices/real/bengali_155.wav,0,indicvoices
/Volumes/KIOXIA/voxdata/indicvoices/real/hindi_239.wav,0,indicvoices
/Volumes/KIOXIA/voxdata/indicvoices/real/tamil_81.wav,0,indicvoices
/Volumes/KIOXIA/voxdata/indicvoices/real/marathi_225.wav,0,indicvoices
/Volumes/KIOXIA/voxdata/indicvoices/real/tamil_372.wav,0,indicvoices
/Volumes/KIOXIA/voxdata/indicvoices/real/punjabi_252.wav,0,indicvoices
/Volumes/KIOXIA/voxdata/indicvoices/real/bengali_143.wav,0,indicvoices
/Volumes/KIOXIA/voxdata/indicvoices/real/tamil_97.wav,0,indicvoices
/Volumes/KIOXIA/voxdata/indicvoices/real/marathi_233.wav,0,indicvoices
/Volumes/KIOXIA/voxdata/indicvoices/real/tamil_364.wav,0,indicvoices
/Volumes/KIOXIA/voxdata/indicvoices/real/tamil_370.wav,0,indicvoices
/Volumes/KIOXIA/voxdata/indicvoices/real/gujarati_149.wav,0,indicvoices
/Volumes/KIOXIA/voxdata/indicvoices/real/tamil_83.wav,0,indicvoices
/Volumes/KIOXIA/voxdata/indicvoices/real/malayalam_139.wav,0,indicvoices
/Volumes/KIOXIA/voxdata/indicvoices/real/marathi_227.wav,0,indicvoices
/Volumes/KIOXIA/voxdata/indicvoices/real/punjabi_246.wav,0,indicvoices
/Volumes/KIOXIA/voxdata/indicvoices/real/bengali_157.wav,0,indicvoices
/Volumes/KIOXIA/voxdata/indicvoices/real/malayalam_111.wav,0,indicvoices
/Volumes/KIOXIA/voxdata/indicvoices/real/hindi_213.wav,0,indicvoices
/Volumes/KIOXIA/voxdata/indicvoices/real/gujarati_161.wav,0,indicvoices
/Volumes/KIOXIA/voxdata/indicvoices/real/tamil_358.wav,0,indicvoices
/Volumes/KIOXIA/voxdata/indicvoices/real/bengali_92.wav,0,indicvoices
/Volumes/KIOXIA/voxdata/indicvoices/real/gujarati_88.wav,0,indicvoices
/Volumes/KIOXIA/voxdata/indicvoices/real/telugu_91.wav,0,indicvoices
/Volumes/KIOXIA/voxdata/indicvoices/real/telugu_85.wav,0,indicvoices
/Volumes/KIOXIA/voxdata/indicvoices/real/gujarati_175.wav,0,indicvoices
/Volumes/KIOXIA/voxdata/indicvoices/real/bengali_86.wav,0,indicvoices
/Volumes/KIOXIA/voxdata/indicvoices/real/hindi_207.wav,0,indicvoices
/Volumes/KIOXIA/voxdata/indicvoices/real/malayalam_105.wav,0,indicvoices
/Volumes/KIOXIA/voxdata/indicvoices/real/assamese_260.wav,0,indicvoices
/Volumes/KIOXIA/voxdata/indicvoices/real/tamil_54.wav,0,indicvoices
/Volumes/KIOXIA/voxdata/indicvoices/real/punjabi_291.wav,0,indicvoices
/Volumes/KIOXIA/voxdata/indicvoices/real/bengali_180.wav,0,indicvoices
/Volumes/KIOXIA/voxdata/indicvoices/real/assamese_35.wav,0,indicvoices
/Volumes/KIOXIA/voxdata/indicvoices/real/kannada_101.wav,0,indicvoices
/Volumes/KIOXIA/voxdata/indicvoices/real/gujarati_77.wav,0,indicvoices
/Volumes/KIOXIA/voxdata/indicvoices/real/gujarati_63.wav,0,indicvoices
/Volumes/KIOXIA/voxdata/indicvoices/real/kannada_115.wav,0,indicvoices
/Volumes/KIOXIA/voxdata/indicvoices/real/assamese_21.wav,0,indicvoices
/Volumes/KIOXIA/voxdata/indicvoices/real/bengali_79.wav,0,indicvoices
/Volumes/KIOXIA/voxdata/indicvoices/real/punjabi_285.wav,0,indicvoices
/Volumes/KIOXIA/voxdata/indicvoices/real/bengali_194.wav,0,indicvoices
/Volumes/KIOXIA/voxdata/indicvoices/real/assamese_274.wav,0,indicvoices
/Volumes/KIOXIA/voxdata/indicvoices/real/tamil_40.wav,0,indicvoices
/Volumes/KIOXIA/voxdata/indicvoices/real/tamil_68.wav,0,indicvoices
/Volumes/KIOXIA/voxdata/indicvoices/real/telugu_52.wav,0,indicvoices
/Volumes/KIOXIA/voxdata/indicvoices/real/bengali_51.wav,0,indicvoices
/Volumes/KIOXIA/voxdata/indicvoices/real/punjabi_3.wav,0,indicvoices
/Volumes/KIOXIA/voxdata/indicvoices/real/bengali_45.wav,0,indicvoices
/Volumes/KIOXIA/voxdata/indicvoices/real/telugu_46.wav,0,indicvoices
/Volumes/KIOXIA/voxdata/indicvoices/real/kannada_129.wav,0,indicvoices
/Volumes/KIOXIA/voxdata/indicvoices/real/assamese_248.wav,0,indicvoices
/Volumes/KIOXIA/voxdata/indicvoices/real/tamil_166.wav,0,indicvoices
/Volumes/KIOXIA/voxdata/indicvoices/real/telugu_265.wav,0,indicvoices
/Volumes/KIOXIA/voxdata/indicvoices/real/bengali_341.wav,0,indicvoices
/Volumes/KIOXIA/voxdata/indicvoices/real/bengali_355.wav,0,indicvoices
/Volumes/KIOXIA/voxdata/indicvoices/real/telugu_271.wav,0,indicvoices
/Volumes/KIOXIA/voxdata/indicvoices/real/tamil_172.wav,0,indicvoices
/Volumes/KIOXIA/voxdata/indicvoices/real/gujarati_363.wav,0,indicvoices
/Volumes/KIOXIA/voxdata/indicvoices/real/telugu_259.wav,0,indicvoices
/Volumes/KIOXIA/voxdata/indicvoices/real/malayalam_313.wav,0,indicvoices
/Volumes/KIOXIA/voxdata/indicvoices/real/malayalam_307.wav,0,indicvoices
/Volumes/KIOXIA/voxdata/indicvoices/real/bengali_369.wav,0,indicvoices
/Volumes/KIOXIA/voxdata/indicvoices/real/gujarati_377.wav,0,indicvoices
/Volumes/KIOXIA/voxdata/indicvoices/real/kannada_303.wav,0,indicvoices
/Volumes/KIOXIA/voxdata/indicvoices/real/bengali_382.wav,0,indicvoices
/Volumes/KIOXIA/voxdata/indicvoices/real/bengali_396.wav,0,indicvoices
/Volumes/KIOXIA/voxdata/indicvoices/real/gujarati_388.wav,0,indicvoices
/Volumes/KIOXIA/voxdata/indicvoices/real/kannada_317.wav,0,indicvoices
/Volumes/KIOXIA/voxdata/indicvoices/real/tamil_199.wav,0,indicvoices
/Volumes/KIOXIA/voxdata/indicvoices/real/marathi_145.wav,0,indicvoices
/Volumes/KIOXIA/voxdata/indicvoices/real/telugu_311.wav,0,indicvoices
/Volumes/KIOXIA/voxdata/indicvoices/real/hindi_159.wav,0,indicvoices
/Volumes/KIOXIA/voxdata/indicvoices/real/bengali_235.wav,0,indicvoices
/Volumes/KIOXIA/voxdata/indicvoices/real/punjabi_124.wav,0,indicvoices
/Volumes/KIOXIA/voxdata/indicvoices/real/bengali_221.wav,0,indicvoices
/Volumes/KIOXIA/voxdata/indicvoices/real/punjabi_130.wav,0,indicvoices
/Volumes/KIOXIA/voxdata/indicvoices/real/marathi_151.wav,0,indicvoices
/Volumes/KIOXIA/voxdata/indicvoices/real/telugu_305.wav,0,indicvoices
/Volumes/KIOXIA/voxdata/indicvoices/real/hindi_53.wav,0,indicvoices
/Volumes/KIOXIA/voxdata/indicvoices/real/kannada_288.wav,0,indicvoices
/Volumes/KIOXIA/voxdata/indicvoices/real/gujarati_217.wav,0,indicvoices
/Volumes/KIOXIA/voxdata/indicvoices/real/hindi_165.wav,0,indicvoices
/Volumes/KIOXIA/voxdata/indicvoices/real/punjabi_118.wav,0,indicvoices
/Volumes/KIOXIA/voxdata/indicvoices/real/bengali_209.wav,0,indicvoices
/Volumes/KIOXIA/voxdata/indicvoices/real/marathi_179.wav,0,indicvoices
/Volumes/KIOXIA/voxdata/indicvoices/real/malayalam_267.wav,0,indicvoices
/Volumes/KIOXIA/voxdata/indicvoices/real/malayalam_273.wav,0,indicvoices
/Volumes/KIOXIA/voxdata/indicvoices/real/telugu_339.wav,0,indicvoices
/Volumes/KIOXIA/voxdata/indicvoices/real/hindi_171.wav,0,indicvoices
/Volumes/KIOXIA/voxdata/indicvoices/real/gujarati_203.wav,0,indicvoices
/Volumes/KIOXIA/voxdata/indicvoices/real/hindi_47.wav,0,indicvoices
/Volumes/KIOXIA/voxdata/indicvoices/real/bengali_5.wav,0,indicvoices
/Volumes/KIOXIA/voxdata/indicvoices/real/kannada_58.wav,0,indicvoices
/Volumes/KIOXIA/voxdata/indicvoices/real/kannada_277.wav,0,indicvoices
/Volumes/KIOXIA/voxdata/indicvoices/real/assamese_116.wav,0,indicvoices
/Volumes/KIOXIA/voxdata/indicvoices/real/malayalam_298.wav,0,indicvoices
/Volumes/KIOXIA/voxdata/indicvoices/real/marathi_186.wav,0,indicvoices
/Volumes/KIOXIA/voxdata/indicvoices/real/assamese_102.wav,0,indicvoices
/Volumes/KIOXIA/voxdata/indicvoices/real/marathi_192.wav,0,indicvoices
/Volumes/KIOXIA/voxdata/indicvoices/real/kannada_263.wav,0,indicvoices
/Volumes/KIOXIA/voxdata/indicvoices/real/kannada_64.wav,0,indicvoices
/Volumes/KIOXIA/voxdata/indicvoices/real/hindi_90.wav,0,indicvoices
/Volumes/KIOXIA/voxdata/indicvoices/real/hindi_8.wav,0,indicvoices
/Volumes/KIOXIA/voxdata/indicvoices/real/kannada_70.wav,0,indicvoices
/Volumes/KIOXIA/voxdata/indicvoices/real/hindi_84.wav,0,indicvoices
/Volumes/KIOXIA/voxdata/indicvoices/real/punjabi_326.wav,0,indicvoices
/Volumes/KIOXIA/voxdata/indicvoices/real/telugu_113.wav,0,indicvoices
/Volumes/KIOXIA/voxdata/indicvoices/real/malayalam_44.wav,0,indicvoices
/Volumes/KIOXIA/voxdata/indicvoices/real/marathi_347.wav,0,indicvoices
/Volumes/KIOXIA/voxdata/indicvoices/real/tamil_210.wav,0,indicvoices
/Volumes/KIOXIA/voxdata/indicvoices/real/tamil_204.wav,0,indicvoices
/Volumes/KIOXIA/voxdata/indicvoices/real/telugu_107.wav,0,indicvoices
/Volumes/KIOXIA/voxdata/indicvoices/real/malayalam_50.wav,0,indicvoices
/Volumes/KIOXIA/voxdata/indicvoices/real/marathi_353.wav,0,indicvoices
/Volumes/KIOXIA/voxdata/indicvoices/real/punjabi_332.wav,0,indicvoices
/Volumes/KIOXIA/voxdata/indicvoices/real/malayalam_78.wav,0,indicvoices
/Volumes/KIOXIA/voxdata/indicvoices/real/hindi_367.wav,0,indicvoices
/Volumes/KIOXIA/voxdata/indicvoices/real/tamil_238.wav,0,indicvoices
/Volumes/KIOXIA/voxdata/indicvoices/real/hindi_373.wav,0,indicvoices
/Volumes/KIOXIA/voxdata/indicvoices/real/marathi_384.wav,0,indicvoices
/Volumes/KIOXIA/voxdata/indicvoices/real/malayalam_87.wav,0,indicvoices
/Volumes/KIOXIA/voxdata/indicvoices/real/assamese_314.wav,0,indicvoices
/Volumes/KIOXIA/voxdata/indicvoices/real/hindi_398.wav,0,indicvoices
/Volumes/KIOXIA/voxdata/indicvoices/real/marathi_39.wav,0,indicvoices
/Volumes/KIOXIA/voxdata/indicvoices/real/marathi_390.wav,0,indicvoices
/Volumes/KIOXIA/voxdata/indicvoices/real/malayalam_93.wav,0,indicvoices
/Volumes/KIOXIA/voxdata/indicvoices/real/punjabi_15.wav,0,indicvoices
/Volumes/KIOXIA/voxdata/indicvoices/real/assamese_300.wav,0,indicvoices
/Volumes/KIOXIA/voxdata/indicvoices/real/marathi_11.wav,0,indicvoices
/Volumes/KIOXIA/voxdata/indicvoices/real/assamese_328.wav,0,indicvoices
/Volumes/KIOXIA/voxdata/indicvoices/real/punjabi_29.wav,0,indicvoices
/Volumes/KIOXIA/voxdata/indicvoices/real/punjabi_28.wav,0,indicvoices
/Volumes/KIOXIA/voxdata/indicvoices/real/assamese_329.wav,0,indicvoices
/Volumes/KIOXIA/voxdata/indicvoices/real/marathi_10.wav,0,indicvoices
/Volumes/KIOXIA/voxdata/indicvoices/real/punjabi_14.wav,0,indicvoices
/Volumes/KIOXIA/voxdata/indicvoices/real/assamese_301.wav,0,indicvoices
/Volumes/KIOXIA/voxdata/indicvoices/real/malayalam_92.wav,0,indicvoices
/Volumes/KIOXIA/voxdata/indicvoices/real/marathi_391.wav,0,indicvoices
/Volumes/KIOXIA/voxdata/indicvoices/real/marathi_38.wav,0,indicvoices
/Volumes/KIOXIA/voxdata/indicvoices/real/hindi_399.wav,0,indicvoices
/Volumes/KIOXIA/voxdata/indicvoices/real/assamese_315.wav,0,indicvoices
/Volumes/KIOXIA/voxdata/indicvoices/real/malayalam_86.wav,0,indicvoices
/Volumes/KIOXIA/voxdata/indicvoices/real/marathi_385.wav,0,indicvoices
/Volumes/KIOXIA/voxdata/indicvoices/real/tamil_239.wav,0,indicvoices
/Volumes/KIOXIA/voxdata/indicvoices/real/hindi_372.wav,0,indicvoices
/Volumes/KIOXIA/voxdata/indicvoices/real/hindi_366.wav,0,indicvoices
/Volumes/KIOXIA/voxdata/indicvoices/real/malayalam_79.wav,0,indicvoices
/Volumes/KIOXIA/voxdata/indicvoices/real/tamil_205.wav,0,indicvoices
/Volumes/KIOXIA/voxdata/indicvoices/real/punjabi_333.wav,0,indicvoices
/Volumes/KIOXIA/voxdata/indicvoices/real/marathi_352.wav,0,indicvoices
/Volumes/KIOXIA/voxdata/indicvoices/real/malayalam_51.wav,0,indicvoices
/Volumes/KIOXIA/voxdata/indicvoices/real/telugu_106.wav,0,indicvoices
/Volumes/KIOXIA/voxdata/indicvoices/real/marathi_346.wav,0,indicvoices
/Volumes/KIOXIA/voxdata/indicvoices/real/malayalam_45.wav,0,indicvoices
/Volumes/KIOXIA/voxdata/indicvoices/real/telugu_112.wav,0,indicvoices
/Volumes/KIOXIA/voxdata/indicvoices/real/punjabi_327.wav,0,indicvoices
/Volumes/KIOXIA/voxdata/indicvoices/real/tamil_211.wav,0,indicvoices
/Volumes/KIOXIA/voxdata/indicvoices/real/hindi_85.wav,0,indicvoices
/Volumes/KIOXIA/voxdata/indicvoices/real/kannada_71.wav,0,indicvoices
/Volumes/KIOXIA/voxdata/indicvoices/real/hindi_91.wav,0,indicvoices
/Volumes/KIOXIA/voxdata/indicvoices/real/kannada_65.wav,0,indicvoices
/Volumes/KIOXIA/voxdata/indicvoices/real/hindi_9.wav,0,indicvoices
/Volumes/KIOXIA/voxdata/indicvoices/real/marathi_193.wav,0,indicvoices
/Volumes/KIOXIA/voxdata/indicvoices/real/assamese_103.wav,0,indicvoices
/Volumes/KIOXIA/voxdata/indicvoices/real/kannada_262.wav,0,indicvoices
/Volumes/KIOXIA/voxdata/indicvoices/real/kannada_276.wav,0,indicvoices
/Volumes/KIOXIA/voxdata/indicvoices/real/kannada_59.wav,0,indicvoices
/Volumes/KIOXIA/voxdata/indicvoices/real/malayalam_299.wav,0,indicvoices
/Volumes/KIOXIA/voxdata/indicvoices/real/marathi_187.wav,0,indicvoices
/Volumes/KIOXIA/voxdata/indicvoices/real/assamese_117.wav,0,indicvoices
/Volumes/KIOXIA/voxdata/indicvoices/real/hindi_170.wav,0,indicvoices
/Volumes/KIOXIA/voxdata/indicvoices/real/telugu_338.wav,0,indicvoices
/Volumes/KIOXIA/voxdata/indicvoices/real/malayalam_272.wav,0,indicvoices
/Volumes/KIOXIA/voxdata/indicvoices/real/bengali_4.wav,0,indicvoices
/Volumes/KIOXIA/voxdata/indicvoices/real/hindi_46.wav,0,indicvoices
/Volumes/KIOXIA/voxdata/indicvoices/real/gujarati_202.wav,0,indicvoices
/Volumes/KIOXIA/voxdata/indicvoices/real/gujarati_216.wav,0,indicvoices
/Volumes/KIOXIA/voxdata/indicvoices/real/kannada_289.wav,0,indicvoices
/Volumes/KIOXIA/voxdata/indicvoices/real/hindi_52.wav,0,indicvoices
/Volumes/KIOXIA/voxdata/indicvoices/real/marathi_178.wav,0,indicvoices
/Volumes/KIOXIA/voxdata/indicvoices/real/malayalam_266.wav,0,indicvoices
/Volumes/KIOXIA/voxdata/indicvoices/real/bengali_208.wav,0,indicvoices
/Volumes/KIOXIA/voxdata/indicvoices/real/punjabi_119.wav,0,indicvoices
/Volumes/KIOXIA/voxdata/indicvoices/real/hindi_164.wav,0,indicvoices
/Volumes/KIOXIA/voxdata/indicvoices/real/telugu_304.wav,0,indicvoices
/Volumes/KIOXIA/voxdata/indicvoices/real/marathi_150.wav,0,indicvoices
/Volumes/KIOXIA/voxdata/indicvoices/real/punjabi_131.wav,0,indicvoices
/Volumes/KIOXIA/voxdata/indicvoices/real/bengali_220.wav,0,indicvoices
/Volumes/KIOXIA/voxdata/indicvoices/real/punjabi_125.wav,0,indicvoices
/Volumes/KIOXIA/voxdata/indicvoices/real/bengali_234.wav,0,indicvoices
/Volumes/KIOXIA/voxdata/indicvoices/real/hindi_158.wav,0,indicvoices
/Volumes/KIOXIA/voxdata/indicvoices/real/telugu_310.wav,0,indicvoices
/Volumes/KIOXIA/voxdata/indicvoices/real/marathi_144.wav,0,indicvoices
/Volumes/KIOXIA/voxdata/indicvoices/real/tamil_198.wav,0,indicvoices
/Volumes/KIOXIA/voxdata/indicvoices/real/bengali_397.wav,0,indicvoices
/Volumes/KIOXIA/voxdata/indicvoices/real/kannada_316.wav,0,indicvoices
/Volumes/KIOXIA/voxdata/indicvoices/real/gujarati_389.wav,0,indicvoices
/Volumes/KIOXIA/voxdata/indicvoices/real/kannada_302.wav,0,indicvoices
/Volumes/KIOXIA/voxdata/indicvoices/real/bengali_383.wav,0,indicvoices
/Volumes/KIOXIA/voxdata/indicvoices/real/bengali_368.wav,0,indicvoices
/Volumes/KIOXIA/voxdata/indicvoices/real/malayalam_306.wav,0,indicvoices
/Volumes/KIOXIA/voxdata/indicvoices/real/gujarati_376.wav,0,indicvoices
/Volumes/KIOXIA/voxdata/indicvoices/real/gujarati_362.wav,0,indicvoices
/Volumes/KIOXIA/voxdata/indicvoices/real/malayalam_312.wav,0,indicvoices
/Volumes/KIOXIA/voxdata/indicvoices/real/telugu_258.wav,0,indicvoices
/Volumes/KIOXIA/voxdata/indicvoices/real/telugu_270.wav,0,indicvoices
/Volumes/KIOXIA/voxdata/indicvoices/real/bengali_354.wav,0,indicvoices
/Volumes/KIOXIA/voxdata/indicvoices/real/tamil_173.wav,0,indicvoices
/Volumes/KIOXIA/voxdata/indicvoices/real/tamil_167.wav,0,indicvoices
/Volumes/KIOXIA/voxdata/indicvoices/real/bengali_340.wav,0,indicvoices
/Volumes/KIOXIA/voxdata/indicvoices/real/telugu_264.wav,0,indicvoices
/Volumes/KIOXIA/voxdata/indicvoices/real/kannada_128.wav,0,indicvoices
/Volumes/KIOXIA/voxdata/indicvoices/real/telugu_47.wav,0,indicvoices
/Volumes/KIOXIA/voxdata/indicvoices/real/bengali_44.wav,0,indicvoices
/Volumes/KIOXIA/voxdata/indicvoices/real/punjabi_2.wav,0,indicvoices
/Volumes/KIOXIA/voxdata/indicvoices/real/assamese_249.wav,0,indicvoices
/Volumes/KIOXIA/voxdata/indicvoices/real/tamil_69.wav,0,indicvoices
/Volumes/KIOXIA/voxdata/indicvoices/real/bengali_50.wav,0,indicvoices
/Volumes/KIOXIA/voxdata/indicvoices/real/telugu_53.wav,0,indicvoices
/Volumes/KIOXIA/voxdata/indicvoices/real/bengali_78.wav,0,indicvoices
/Volumes/KIOXIA/voxdata/indicvoices/real/assamese_20.wav,0,indicvoices
/Volumes/KIOXIA/voxdata/indicvoices/real/kannada_114.wav,0,indicvoices
/Volumes/KIOXIA/voxdata/indicvoices/real/gujarati_62.wav,0,indicvoices
/Volumes/KIOXIA/voxdata/indicvoices/real/tamil_41.wav,0,indicvoices
/Volumes/KIOXIA/voxdata/indicvoices/real/assamese_275.wav,0,indicvoices
/Volumes/KIOXIA/voxdata/indicvoices/real/bengali_195.wav,0,indicvoices
/Volumes/KIOXIA/voxdata/indicvoices/real/punjabi_284.wav,0,indicvoices
/Volumes/KIOXIA/voxdata/indicvoices/real/bengali_181.wav,0,indicvoices
/Volumes/KIOXIA/voxdata/indicvoices/real/punjabi_290.wav,0,indicvoices
/Volumes/KIOXIA/voxdata/indicvoices/real/tamil_55.wav,0,indicvoices
/Volumes/KIOXIA/voxdata/indicvoices/real/assamese_261.wav,0,indicvoices
/Volumes/KIOXIA/voxdata/indicvoices/real/gujarati_76.wav,0,indicvoices
/Volumes/KIOXIA/voxdata/indicvoices/real/kannada_100.wav,0,indicvoices
/Volumes/KIOXIA/voxdata/indicvoices/real/assamese_34.wav,0,indicvoices
/Volumes/KIOXIA/voxdata/indicvoices/real/bengali_87.wav,0,indicvoices
/Volumes/KIOXIA/voxdata/indicvoices/real/gujarati_174.wav,0,indicvoices
/Volumes/KIOXIA/voxdata/indicvoices/real/telugu_84.wav,0,indicvoices
/Volumes/KIOXIA/voxdata/indicvoices/real/malayalam_104.wav,0,indicvoices
/Volumes/KIOXIA/voxdata/indicvoices/real/hindi_206.wav,0,indicvoices
/Volumes/KIOXIA/voxdata/indicvoices/real/hindi_212.wav,0,indicvoices
/Volumes/KIOXIA/voxdata/indicvoices/real/malayalam_110.wav,0,indicvoices
/Volumes/KIOXIA/voxdata/indicvoices/real/telugu_90.wav,0,indicvoices
/Volumes/KIOXIA/voxdata/indicvoices/real/gujarati_89.wav,0,indicvoices
/Volumes/KIOXIA/voxdata/indicvoices/real/bengali_93.wav,0,indicvoices
/Volumes/KIOXIA/voxdata/indicvoices/real/tamil_359.wav,0,indicvoices
/Volumes/KIOXIA/voxdata/indicvoices/real/gujarati_160.wav,0,indicvoices
/Volumes/KIOXIA/voxdata/indicvoices/real/gujarati_148.wav,0,indicvoices
/Volumes/KIOXIA/voxdata/indicvoices/real/tamil_371.wav,0,indicvoices
/Volumes/KIOXIA/voxdata/indicvoices/real/bengali_156.wav,0,indicvoices
/Volumes/KIOXIA/voxdata/indicvoices/real/punjabi_247.wav,0,indicvoices
/Volumes/KIOXIA/voxdata/indicvoices/real/malayalam_138.wav,0,indicvoices
/Volumes/KIOXIA/voxdata/indicvoices/real/marathi_226.wav,0,indicvoices
/Volumes/KIOXIA/voxdata/indicvoices/real/tamil_82.wav,0,indicvoices
/Volumes/KIOXIA/voxdata/indicvoices/real/marathi_232.wav,0,indicvoices
/Volumes/KIOXIA/voxdata/indicvoices/real/tamil_96.wav,0,indicvoices
/Volumes/KIOXIA/voxdata/indicvoices/real/bengali_142.wav,0,indicvoices
/Volumes/KIOXIA/voxdata/indicvoices/real/punjabi_253.wav,0,indicvoices
/Volumes/KIOXIA/voxdata/indicvoices/real/tamil_365.wav,0,indicvoices
/Volumes/KIOXIA/voxdata/indicvoices/real/gujarati_145.wav,0,indicvoices
/Volumes/KIOXIA/voxdata/indicvoices/real/hindi_237.wav,0,indicvoices
/Volumes/KIOXIA/voxdata/indicvoices/real/malayalam_135.wav,0,indicvoices
/Volumes/KIOXIA/voxdata/indicvoices/real/malayalam_121.wav,0,indicvoices
/Volumes/KIOXIA/voxdata/indicvoices/real/hindi_223.wav,0,indicvoices
/Volumes/KIOXIA/voxdata/indicvoices/real/gujarati_151.wav,0,indicvoices
/Volumes/KIOXIA/voxdata/indicvoices/real/tamil_368.wav,0,indicvoices
/Volumes/KIOXIA/voxdata/indicvoices/real/tamil_340.wav,0,indicvoices
/Volumes/KIOXIA/voxdata/indicvoices/real/gujarati_179.wav,0,indicvoices
/Volumes/KIOXIA/voxdata/indicvoices/real/gujarati_90.wav,0,indicvoices
/Volumes/KIOXIA/voxdata/indicvoices/real/telugu_89.wav,0,indicvoices
/Volumes/KIOXIA/voxdata/indicvoices/real/marathi_217.wav,0,indicvoices
/Volumes/KIOXIA/voxdata/indicvoices/real/malayalam_109.wav,0,indicvoices
/Volumes/KIOXIA/voxdata/indicvoices/real/assamese_287.wav,0,indicvoices
/Volumes/KIOXIA/voxdata/indicvoices/real/punjabi_276.wav,0,indicvoices
/Volumes/KIOXIA/voxdata/indicvoices/real/bengali_167.wav,0,indicvoices
/Volumes/KIOXIA/voxdata/indicvoices/real/punjabi_262.wav,0,indicvoices
/Volumes/KIOXIA/voxdata/indicvoices/real/bengali_173.wav,0,indicvoices
/Volumes/KIOXIA/voxdata/indicvoices/real/marathi_203.wav,0,indicvoices
/Volumes/KIOXIA/voxdata/indicvoices/real/assamese_293.wav,0,indicvoices
/Volumes/KIOXIA/voxdata/indicvoices/real/gujarati_84.wav,0,indicvoices
/Volumes/KIOXIA/voxdata/indicvoices/real/tamil_354.wav,0,indicvoices
/Volumes/KIOXIA/voxdata/indicvoices/real/bengali_75.wav,0,indicvoices
/Volumes/KIOXIA/voxdata/indicvoices/real/gujarati_186.wav,0,indicvoices
/Volumes/KIOXIA/voxdata/indicvoices/real/telugu_76.wav,0,indicvoices
/Volumes/KIOXIA/voxdata/indicvoices/real/kannada_119.wav,0,indicvoices
/Volumes/KIOXIA/voxdata/indicvoices/real/assamese_278.wav,0,indicvoices
/Volumes/KIOXIA/voxdata/indicvoices/real/bengali_198.wav,0,indicvoices
/Volumes/KIOXIA/voxdata/indicvoices/real/punjabi_289.wav,0,indicvoices
/Volumes/KIOXIA/voxdata/indicvoices/real/tamil_58.wav,0,indicvoices
/Volumes/KIOXIA/voxdata/indicvoices/real/telugu_62.wav,0,indicvoices
/Volumes/KIOXIA/voxdata/indicvoices/real/assamese_39.wav,0,indicvoices
/Volumes/KIOXIA/voxdata/indicvoices/real/bengali_61.wav,0,indicvoices
/Volumes/KIOXIA/voxdata/indicvoices/real/gujarati_192.wav,0,indicvoices
/Volumes/KIOXIA/voxdata/indicvoices/real/gujarati_53.wav,0,indicvoices
/Volumes/KIOXIA/voxdata/indicvoices/real/kannada_125.wav,0,indicvoices
/Volumes/KIOXIA/voxdata/indicvoices/real/assamese_11.wav,0,indicvoices
/Volumes/KIOXIA/voxdata/indicvoices/real/bengali_49.wav,0,indicvoices
/Volumes/KIOXIA/voxdata/indicvoices/real/tamil_383.wav,0,indicvoices
/Volumes/KIOXIA/voxdata/indicvoices/real/assamese_244.wav,0,indicvoices
/Volumes/KIOXIA/voxdata/indicvoices/real/tamil_70.wav,0,indicvoices
/Volumes/KIOXIA/voxdata/indicvoices/real/assamese_250.wav,0,indicvoices
/Volumes/KIOXIA/voxdata/indicvoices/real/tamil_64.wav,0,indicvoices
/Volumes/KIOXIA/voxdata/indicvoices/real/tamil_397.wav,0,indicvoices
/Volumes/KIOXIA/voxdata/indicvoices/real/kannada_131.wav,0,indicvoices
/Volumes/KIOXIA/voxdata/indicvoices/real/gujarati_47.wav,0,indicvoices
/Volumes/KIOXIA/voxdata/indicvoices/real/malayalam_337.wav,0,indicvoices
/Volumes/KIOXIA/voxdata/indicvoices/real/bengali_359.wav,0,indicvoices
/Volumes/KIOXIA/voxdata/indicvoices/real/gujarati_347.wav,0,indicvoices
/Volumes/KIOXIA/voxdata/indicvoices/real/gujarati_353.wav,0,indicvoices
/Volumes/KIOXIA/voxdata/indicvoices/real/telugu_269.wav,0,indicvoices
/Volumes/KIOXIA/voxdata/indicvoices/real/malayalam_323.wav,0,indicvoices
/Volumes/KIOXIA/voxdata/indicvoices/real/bengali_365.wav,0,indicvoices
/Volumes/KIOXIA/voxdata/indicvoices/real/telugu_241.wav,0,indicvoices
/Volumes/KIOXIA/voxdata/indicvoices/real/tamil_142.wav,0,indicvoices
/Volumes/KIOXIA/voxdata/indicvoices/real/tamil_156.wav,0,indicvoices
/Volumes/KIOXIA/voxdata/indicvoices/real/telugu_255.wav,0,indicvoices
/Volumes/KIOXIA/voxdata/indicvoices/real/bengali_371.wav,0,indicvoices
/Volumes/KIOXIA/voxdata/indicvoices/real/gujarati_384.wav,0,indicvoices
/Volumes/KIOXIA/voxdata/indicvoices/real/gujarati_390.wav,0,indicvoices
/Volumes/KIOXIA/voxdata/indicvoices/real/telugu_282.wav,0,indicvoices
/Volumes/KIOXIA/voxdata/indicvoices/real/tamil_181.wav,0,indicvoices
/Volumes/KIOXIA/voxdata/indicvoices/real/kannada_327.wav,0,indicvoices
/Volumes/KIOXIA/voxdata/indicvoices/real/kannada_333.wav,0,indicvoices
/Volumes/KIOXIA/voxdata/indicvoices/real/tamil_195.wav,0,indicvoices
/Volumes/KIOXIA/voxdata/indicvoices/real/telugu_296.wav,0,indicvoices
/Volumes/KIOXIA/voxdata/indicvoices/real/malayalam_243.wav,0,indicvoices
/Volumes/KIOXIA/voxdata/indicvoices/real/telugu_309.wav,0,indicvoices
/Volumes/KIOXIA/voxdata/indicvoices/real/telugu_0.wav,0,indicvoices
/Volumes/KIOXIA/voxdata/indicvoices/real/hindi_141.wav,0,indicvoices
/Volumes/KIOXIA/voxdata/indicvoices/real/gujarati_233.wav,0,indicvoices
/Volumes/KIOXIA/voxdata/indicvoices/real/hindi_77.wav,0,indicvoices
/Volumes/KIOXIA/voxdata/indicvoices/real/kannada_83.wav,0,indicvoices
/Volumes/KIOXIA/voxdata/indicvoices/real/hindi_63.wav,0,indicvoices
/Volumes/KIOXIA/voxdata/indicvoices/real/kannada_97.wav,0,indicvoices
/Volumes/KIOXIA/voxdata/indicvoices/real/gujarati_227.wav,0,indicvoices
/Volumes/KIOXIA/voxdata/indicvoices/real/punjabi_128.wav,0,indicvoices
/Volumes/KIOXIA/voxdata/indicvoices/real/bengali_239.wav,0,indicvoices
/Volumes/KIOXIA/voxdata/indicvoices/real/hindi_155.wav,0,indicvoices
/Volumes/KIOXIA/voxdata/indicvoices/real/malayalam_257.wav,0,indicvoices
/Volumes/KIOXIA/voxdata/indicvoices/real/marathi_149.wav,0,indicvoices
/Volumes/KIOXIA/voxdata/indicvoices/real/bengali_211.wav,0,indicvoices
/Volumes/KIOXIA/voxdata/indicvoices/real/punjabi_100.wav,0,indicvoices
/Volumes/KIOXIA/voxdata/indicvoices/real/marathi_161.wav,0,indicvoices
/Volumes/KIOXIA/voxdata/indicvoices/real/telugu_335.wav,0,indicvoices
/Volumes/KIOXIA/voxdata/indicvoices/real/kannada_290.wav,0,indicvoices
/Volumes/KIOXIA/voxdata/indicvoices/real/bengali_9.wav,0,indicvoices
/Volumes/KIOXIA/voxdata/indicvoices/real/kannada_284.wav,0,indicvoices
/Volumes/KIOXIA/voxdata/indicvoices/real/marathi_175.wav,0,indicvoices
/Volumes/KIOXIA/voxdata/indicvoices/real/telugu_321.wav,0,indicvoices
/Volumes/KIOXIA/voxdata/indicvoices/real/bengali_205.wav,0,indicvoices
/Volumes/KIOXIA/voxdata/indicvoices/real/punjabi_114.wav,0,indicvoices
/Volumes/KIOXIA/voxdata/indicvoices/real/hindi_169.wav,0,indicvoices
/Volumes/KIOXIA/voxdata/indicvoices/real/hindi_182.wav,0,indicvoices
/Volumes/KIOXIA/voxdata/indicvoices/real/malayalam_280.wav,0,indicvoices
/Volumes/KIOXIA/voxdata/indicvoices/real/kannada_40.wav,0,indicvoices
/Volumes/KIOXIA/voxdata/indicvoices/real/kannada_54.wav,0,indicvoices
/Volumes/KIOXIA/voxdata/indicvoices/real/malayalam_294.wav,0,indicvoices
/Volumes/KIOXIA/voxdata/indicvoices/real/hindi_196.wav,0,indicvoices
/Volumes/KIOXIA/voxdata/indicvoices/real/assamese_132.wav,0,indicvoices
/Volumes/KIOXIA/voxdata/indicvoices/real/kannada_253.wav,0,indicvoices
/Volumes/KIOXIA/voxdata/indicvoices/real/hindi_88.wav,0,indicvoices
/Volumes/KIOXIA/voxdata/indicvoices/real/kannada_68.wav,0,indicvoices
/Volumes/KIOXIA/voxdata/indicvoices/real/kannada_247.wav,0,indicvoices
/Volumes/KIOXIA/voxdata/indicvoices/real/assamese_126.wav,0,indicvoices
/Volumes/KIOXIA/voxdata/indicvoices/real/hindi_4.wav,0,indicvoices
/Volumes/KIOXIA/voxdata/indicvoices/real/malayalam_2.wav,0,indicvoices
/Volumes/KIOXIA/voxdata/indicvoices/real/tamil_208.wav,0,indicvoices
/Volumes/KIOXIA/voxdata/indicvoices/real/hindi_343.wav,0,indicvoices
/Volumes/KIOXIA/voxdata/indicvoices/real/malayalam_48.wav,0,indicvoices
/Volumes/KIOXIA/voxdata/indicvoices/real/hindi_357.wav,0,indicvoices
/Volumes/KIOXIA/voxdata/indicvoices/real/tamil_234.wav,0,indicvoices
/Volumes/KIOXIA/voxdata/indicvoices/real/telugu_137.wav,0,indicvoices
/Volumes/KIOXIA/voxdata/indicvoices/real/malayalam_60.wav,0,indicvoices
/Volumes/KIOXIA/voxdata/indicvoices/real/marathi_363.wav,0,indicvoices
/Volumes/KIOXIA/voxdata/indicvoices/real/punjabi_302.wav,0,indicvoices
/Volumes/KIOXIA/voxdata/indicvoices/real/punjabi_316.wav,0,indicvoices
/Volumes/KIOXIA/voxdata/indicvoices/real/telugu_123.wav,0,indicvoices
/Volumes/KIOXIA/voxdata/indicvoices/real/malayalam_74.wav,0,indicvoices
/Volumes/KIOXIA/voxdata/indicvoices/real/marathi_377.wav,0,indicvoices
/Volumes/KIOXIA/voxdata/indicvoices/real/tamil_220.wav,0,indicvoices
/Volumes/KIOXIA/voxdata/indicvoices/real/punjabi_19.wav,0,indicvoices
/Volumes/KIOXIA/voxdata/indicvoices/real/marathi_35.wav,0,indicvoices
/Volumes/KIOXIA/voxdata/indicvoices/real/hindi_380.wav,0,indicvoices
/Volumes/KIOXIA/voxdata/indicvoices/real/marathi_21.wav,0,indicvoices
/Volumes/KIOXIA/voxdata/indicvoices/real/hindi_394.wav,0,indicvoices
/Volumes/KIOXIA/voxdata/indicvoices/real/marathi_388.wav,0,indicvoices
/Volumes/KIOXIA/voxdata/indicvoices/real/assamese_318.wav,0,indicvoices
/Volumes/KIOXIA/voxdata/indicvoices/real/assamese_330.wav,0,indicvoices
/Volumes/KIOXIA/voxdata/indicvoices/real/punjabi_25.wav,0,indicvoices
/Volumes/KIOXIA/voxdata/indicvoices/real/punjabi_31.wav,0,indicvoices
/Volumes/KIOXIA/voxdata/indicvoices/real/assamese_324.wav,0,indicvoices
/Volumes/KIOXIA/voxdata/indicvoices/real/punjabi_30.wav,0,indicvoices
/Volumes/KIOXIA/voxdata/indicvoices/real/assamese_325.wav,0,indicvoices
/Volumes/KIOXIA/voxdata/indicvoices/real/assamese_331.wav,0,indicvoices
/Volumes/KIOXIA/voxdata/indicvoices/real/punjabi_24.wav,0,indicvoices
/Volumes/KIOXIA/voxdata/indicvoices/real/assamese_319.wav,0,indicvoices
/Volumes/KIOXIA/voxdata/indicvoices/real/marathi_389.wav,0,indicvoices
/Volumes/KIOXIA/voxdata/indicvoices/real/hindi_395.wav,0,indicvoices
/Volumes/KIOXIA/voxdata/indicvoices/real/marathi_20.wav,0,indicvoices
/Volumes/KIOXIA/voxdata/indicvoices/real/hindi_381.wav,0,indicvoices
/Volumes/KIOXIA/voxdata/indicvoices/real/marathi_34.wav,0,indicvoices
/Volumes/KIOXIA/voxdata/indicvoices/real/punjabi_18.wav,0,indicvoices
/Volumes/KIOXIA/voxdata/indicvoices/real/marathi_376.wav,0,indicvoices
/Volumes/KIOXIA/voxdata/indicvoices/real/malayalam_75.wav,0,indicvoices
/Volumes/KIOXIA/voxdata/indicvoices/real/telugu_122.wav,0,indicvoices
/Volumes/KIOXIA/voxdata/indicvoices/real/punjabi_317.wav,0,indicvoices
/Volumes/KIOXIA/voxdata/indicvoices/real/tamil_221.wav,0,indicvoices
/Volumes/KIOXIA/voxdata/indicvoices/real/tamil_235.wav,0,indicvoices
/Volumes/KIOXIA/voxdata/indicvoices/real/punjabi_303.wav,0,indicvoices
/Volumes/KIOXIA/voxdata/indicvoices/real/marathi_362.wav,0,indicvoices
/Volumes/KIOXIA/voxdata/indicvoices/real/malayalam_61.wav,0,indicvoices
/Volumes/KIOXIA/voxdata/indicvoices/real/telugu_136.wav,0,indicvoices
/Volumes/KIOXIA/voxdata/indicvoices/real/hindi_356.wav,0,indicvoices
/Volumes/KIOXIA/voxdata/indicvoices/real/malayalam_49.wav,0,indicvoices
/Volumes/KIOXIA/voxdata/indicvoices/real/tamil_209.wav,0,indicvoices
/Volumes/KIOXIA/voxdata/indicvoices/real/hindi_342.wav,0,indicvoices
/Volumes/KIOXIA/voxdata/indicvoices/real/kannada_246.wav,0,indicvoices
/Volumes/KIOXIA/voxdata/indicvoices/real/kannada_69.wav,0,indicvoices
/Volumes/KIOXIA/voxdata/indicvoices/real/malayalam_3.wav,0,indicvoices
/Volumes/KIOXIA/voxdata/indicvoices/real/hindi_5.wav,0,indicvoices
/Volumes/KIOXIA/voxdata/indicvoices/real/assamese_127.wav,0,indicvoices
/Volumes/KIOXIA/voxdata/indicvoices/real/assamese_133.wav,0,indicvoices
/Volumes/KIOXIA/voxdata/indicvoices/real/hindi_89.wav,0,indicvoices
/Volumes/KIOXIA/voxdata/indicvoices/real/kannada_252.wav,0,indicvoices
/Volumes/KIOXIA/voxdata/indicvoices/real/kannada_55.wav,0,indicvoices
/Volumes/KIOXIA/voxdata/indicvoices/real/hindi_197.wav,0,indicvoices
/Volumes/KIOXIA/voxdata/indicvoices/real/malayalam_295.wav,0,indicvoices
/Volumes/KIOXIA/voxdata/indicvoices/real/malayalam_281.wav,0,indicvoices
/Volumes/KIOXIA/voxdata/indicvoices/real/hindi_183.wav,0,indicvoices
/Volumes/KIOXIA/voxdata/indicvoices/real/kannada_41.wav,0,indicvoices
/Volumes/KIOXIA/voxdata/indicvoices/real/kannada_285.wav,0,indicvoices
/Volumes/KIOXIA/voxdata/indicvoices/real/hindi_168.wav,0,indicvoices
/Volumes/KIOXIA/voxdata/indicvoices/real/punjabi_115.wav,0,indicvoices
/Volumes/KIOXIA/voxdata/indicvoices/real/bengali_204.wav,0,indicvoices
/Volumes/KIOXIA/voxdata/indicvoices/real/telugu_320.wav,0,indicvoices
/Volumes/KIOXIA/voxdata/indicvoices/real/marathi_174.wav,0,indicvoices
/Volumes/KIOXIA/voxdata/indicvoices/real/telugu_334.wav,0,indicvoices
/Volumes/KIOXIA/voxdata/indicvoices/real/marathi_160.wav,0,indicvoices
/Volumes/KIOXIA/voxdata/indicvoices/real/punjabi_101.wav,0,indicvoices
/Volumes/KIOXIA/voxdata/indicvoices/real/bengali_210.wav,0,indicvoices
/Volumes/KIOXIA/voxdata/indicvoices/real/bengali_8.wav,0,indicvoices
/Volumes/KIOXIA/voxdata/indicvoices/real/kannada_291.wav,0,indicvoices
/Volumes/KIOXIA/voxdata/indicvoices/real/gujarati_226.wav,0,indicvoices
/Volumes/KIOXIA/voxdata/indicvoices/real/kannada_96.wav,0,indicvoices
/Volumes/KIOXIA/voxdata/indicvoices/real/hindi_62.wav,0,indicvoices
/Volumes/KIOXIA/voxdata/indicvoices/real/malayalam_256.wav,0,indicvoices
/Volumes/KIOXIA/voxdata/indicvoices/real/marathi_148.wav,0,indicvoices
/Volumes/KIOXIA/voxdata/indicvoices/real/hindi_154.wav,0,indicvoices
/Volumes/KIOXIA/voxdata/indicvoices/real/bengali_238.wav,0,indicvoices
/Volumes/KIOXIA/voxdata/indicvoices/real/punjabi_129.wav,0,indicvoices
/Volumes/KIOXIA/voxdata/indicvoices/real/hindi_140.wav,0,indicvoices
/Volumes/KIOXIA/voxdata/indicvoices/real/telugu_1.wav,0,indicvoices
/Volumes/KIOXIA/voxdata/indicvoices/real/telugu_308.wav,0,indicvoices
/Volumes/KIOXIA/voxdata/indicvoices/real/malayalam_242.wav,0,indicvoices
/Volumes/KIOXIA/voxdata/indicvoices/real/kannada_82.wav,0,indicvoices
/Volumes/KIOXIA/voxdata/indicvoices/real/hindi_76.wav,0,indicvoices
/Volumes/KIOXIA/voxdata/indicvoices/real/gujarati_232.wav,0,indicvoices
/Volumes/KIOXIA/voxdata/indicvoices/real/tamil_194.wav,0,indicvoices
/Volumes/KIOXIA/voxdata/indicvoices/real/kannada_332.wav,0,indicvoices
/Volumes/KIOXIA/voxdata/indicvoices/real/telugu_297.wav,0,indicvoices
/Volumes/KIOXIA/voxdata/indicvoices/real/telugu_283.wav,0,indicvoices
/Volumes/KIOXIA/voxdata/indicvoices/real/kannada_326.wav,0,indicvoices
/Volumes/KIOXIA/voxdata/indicvoices/real/tamil_180.wav,0,indicvoices
/Volumes/KIOXIA/voxdata/indicvoices/real/gujarati_391.wav,0,indicvoices
/Volumes/KIOXIA/voxdata/indicvoices/real/gujarati_385.wav,0,indicvoices
/Volumes/KIOXIA/voxdata/indicvoices/real/tamil_157.wav,0,indicvoices
/Volumes/KIOXIA/voxdata/indicvoices/real/bengali_370.wav,0,indicvoices
/Volumes/KIOXIA/voxdata/indicvoices/real/telugu_254.wav,0,indicvoices
/Volumes/KIOXIA/voxdata/indicvoices/real/telugu_240.wav,0,indicvoices
/Volumes/KIOXIA/voxdata/indicvoices/real/bengali_364.wav,0,indicvoices
/Volumes/KIOXIA/voxdata/indicvoices/real/tamil_143.wav,0,indicvoices
/Volumes/KIOXIA/voxdata/indicvoices/real/gujarati_352.wav,0,indicvoices
/Volumes/KIOXIA/voxdata/indicvoices/real/malayalam_322.wav,0,indicvoices
/Volumes/KIOXIA/voxdata/indicvoices/real/telugu_268.wav,0,indicvoices
/Volumes/KIOXIA/voxdata/indicvoices/real/bengali_358.wav,0,indicvoices
/Volumes/KIOXIA/voxdata/indicvoices/real/malayalam_336.wav,0,indicvoices
/Volumes/KIOXIA/voxdata/indicvoices/real/gujarati_346.wav,0,indicvoices
/Volumes/KIOXIA/voxdata/indicvoices/real/tamil_65.wav,0,indicvoices
/Volumes/KIOXIA/voxdata/indicvoices/real/assamese_251.wav,0,indicvoices
/Volumes/KIOXIA/voxdata/indicvoices/real/gujarati_46.wav,0,indicvoices
/Volumes/KIOXIA/voxdata/indicvoices/real/kannada_130.wav,0,indicvoices
/Volumes/KIOXIA/voxdata/indicvoices/real/tamil_396.wav,0,indicvoices
/Volumes/KIOXIA/voxdata/indicvoices/real/tamil_382.wav,0,indicvoices
/Volumes/KIOXIA/voxdata/indicvoices/real/bengali_48.wav,0,indicvoices
/Volumes/KIOXIA/voxdata/indicvoices/real/assamese_10.wav,0,indicvoices
/Volumes/KIOXIA/voxdata/indicvoices/real/kannada_124.wav,0,indicvoices
/Volumes/KIOXIA/voxdata/indicvoices/real/gujarati_52.wav,0,indicvoices
/Volumes/KIOXIA/voxdata/indicvoices/real/tamil_71.wav,0,indicvoices
/Volumes/KIOXIA/voxdata/indicvoices/real/assamese_245.wav,0,indicvoices
/Volumes/KIOXIA/voxdata/indicvoices/real/tamil_59.wav,0,indicvoices
/Volumes/KIOXIA/voxdata/indicvoices/real/gujarati_193.wav,0,indicvoices
/Volumes/KIOXIA/voxdata/indicvoices/real/bengali_60.wav,0,indicvoices
/Volumes/KIOXIA/voxdata/indicvoices/real/assamese_38.wav,0,indicvoices
/Volumes/KIOXIA/voxdata/indicvoices/real/telugu_63.wav,0,indicvoices
/Volumes/KIOXIA/voxdata/indicvoices/real/kannada_118.wav,0,indicvoices
/Volumes/KIOXIA/voxdata/indicvoices/real/telugu_77.wav,0,indicvoices
/Volumes/KIOXIA/voxdata/indicvoices/real/gujarati_187.wav,0,indicvoices
/Volumes/KIOXIA/voxdata/indicvoices/real/bengali_74.wav,0,indicvoices
/Volumes/KIOXIA/voxdata/indicvoices/real/punjabi_288.wav,0,indicvoices
/Volumes/KIOXIA/voxdata/indicvoices/real/bengali_199.wav,0,indicvoices
/Volumes/KIOXIA/voxdata/indicvoices/real/assamese_279.wav,0,indicvoices
/Volumes/KIOXIA/voxdata/indicvoices/real/assamese_292.wav,0,indicvoices
/Volumes/KIOXIA/voxdata/indicvoices/real/marathi_202.wav,0,indicvoices
/Volumes/KIOXIA/voxdata/indicvoices/real/bengali_172.wav,0,indicvoices
/Volumes/KIOXIA/voxdata/indicvoices/real/punjabi_263.wav,0,indicvoices
/Volumes/KIOXIA/voxdata/indicvoices/real/tamil_355.wav,0,indicvoices
/Volumes/KIOXIA/voxdata/indicvoices/real/gujarati_85.wav,0,indicvoices
/Volumes/KIOXIA/voxdata/indicvoices/real/telugu_88.wav,0,indicvoices
/Volumes/KIOXIA/voxdata/indicvoices/real/gujarati_91.wav,0,indicvoices
/Volumes/KIOXIA/voxdata/indicvoices/real/gujarati_178.wav,0,indicvoices
/Volumes/KIOXIA/voxdata/indicvoices/real/tamil_341.wav,0,indicvoices
/Volumes/KIOXIA/voxdata/indicvoices/real/bengali_166.wav,0,indicvoices
/Volumes/KIOXIA/voxdata/indicvoices/real/punjabi_277.wav,0,indicvoices
/Volumes/KIOXIA/voxdata/indicvoices/real/assamese_286.wav,0,indicvoices
/Volumes/KIOXIA/voxdata/indicvoices/real/marathi_216.wav,0,indicvoices
/Volumes/KIOXIA/voxdata/indicvoices/real/malayalam_108.wav,0,indicvoices
/Volumes/KIOXIA/voxdata/indicvoices/real/hindi_222.wav,0,indicvoices
/Volumes/KIOXIA/voxdata/indicvoices/real/malayalam_120.wav,0,indicvoices
/Volumes/KIOXIA/voxdata/indicvoices/real/tamil_369.wav,0,indicvoices
/Volumes/KIOXIA/voxdata/indicvoices/real/gujarati_150.wav,0,indicvoices
/Volumes/KIOXIA/voxdata/indicvoices/real/gujarati_144.wav,0,indicvoices
/Volumes/KIOXIA/voxdata/indicvoices/real/malayalam_134.wav,0,indicvoices
/Volumes/KIOXIA/voxdata/indicvoices/real/hindi_236.wav,0,indicvoices
/Volumes/KIOXIA/voxdata/indicvoices/real/gujarati_152.wav,0,indicvoices
/Volumes/KIOXIA/voxdata/indicvoices/real/tamil_98.wav,0,indicvoices
/Volumes/KIOXIA/voxdata/indicvoices/real/malayalam_122.wav,0,indicvoices
/Volumes/KIOXIA/voxdata/indicvoices/real/hindi_220.wav,0,indicvoices
/Volumes/KIOXIA/voxdata/indicvoices/real/punjabi_249.wav,0,indicvoices
/Volumes/KIOXIA/voxdata/indicvoices/real/bengali_158.wav,0,indicvoices
/Volumes/KIOXIA/voxdata/indicvoices/real/hindi_234.wav,0,indicvoices
/Volumes/KIOXIA/voxdata/indicvoices/real/malayalam_136.wav,0,indicvoices
/Volumes/KIOXIA/voxdata/indicvoices/real/marathi_228.wav,0,indicvoices
/Volumes/KIOXIA/voxdata/indicvoices/real/gujarati_146.wav,0,indicvoices
/Volumes/KIOXIA/voxdata/indicvoices/real/gujarati_87.wav,0,indicvoices
/Volumes/KIOXIA/voxdata/indicvoices/real/tamil_357.wav,0,indicvoices
/Volumes/KIOXIA/voxdata/indicvoices/real/bengali_170.wav,0,indicvoices
/Volumes/KIOXIA/voxdata/indicvoices/real/punjabi_261.wav,0,indicvoices
/Volumes/KIOXIA/voxdata/indicvoices/real/marathi_200.wav,0,indicvoices
/Volumes/KIOXIA/voxdata/indicvoices/real/assamese_290.wav,0,indicvoices
/Volumes/KIOXIA/voxdata/indicvoices/real/marathi_214.wav,0,indicvoices
/Volumes/KIOXIA/voxdata/indicvoices/real/assamese_284.wav,0,indicvoices
/Volumes/KIOXIA/voxdata/indicvoices/real/bengali_164.wav,0,indicvoices
/Volumes/KIOXIA/voxdata/indicvoices/real/punjabi_275.wav,0,indicvoices
/Volumes/KIOXIA/voxdata/indicvoices/real/hindi_208.wav,0,indicvoices
/Volumes/KIOXIA/voxdata/indicvoices/real/bengali_89.wav,0,indicvoices
/Volumes/KIOXIA/voxdata/indicvoices/real/tamil_343.wav,0,indicvoices
/Volumes/KIOXIA/voxdata/indicvoices/real/gujarati_93.wav,0,indicvoices
/Volumes/KIOXIA/voxdata/indicvoices/real/telugu_61.wav,0,indicvoices
/Volumes/KIOXIA/voxdata/indicvoices/real/gujarati_78.wav,0,indicvoices
/Volumes/KIOXIA/voxdata/indicvoices/real/bengali_62.wav,0,indicvoices
/Volumes/KIOXIA/voxdata/indicvoices/real/gujarati_191.wav,0,indicvoices
/Volumes/KIOXIA/voxdata/indicvoices/real/bengali_76.wav,0,indicvoices
/Volumes/KIOXIA/voxdata/indicvoices/real/gujarati_185.wav,0,indicvoices
/Volumes/KIOXIA/voxdata/indicvoices/real/telugu_75.wav,0,indicvoices
/Volumes/KIOXIA/voxdata/indicvoices/real/tamil_394.wav,0,indicvoices
/Volumes/KIOXIA/voxdata/indicvoices/real/kannada_132.wav,0,indicvoices
/Volumes/KIOXIA/voxdata/indicvoices/real/gujarati_44.wav,0,indicvoices
/Volumes/KIOXIA/voxdata/indicvoices/real/assamese_253.wav,0,indicvoices
/Volumes/KIOXIA/voxdata/indicvoices/real/tamil_67.wav,0,indicvoices
/Volumes/KIOXIA/voxdata/indicvoices/real/assamese_247.wav,0,indicvoices
/Volumes/KIOXIA/voxdata/indicvoices/real/tamil_73.wav,0,indicvoices
/Volumes/KIOXIA/voxdata/indicvoices/real/telugu_49.wav,0,indicvoices
/Volumes/KIOXIA/voxdata/indicvoices/real/gujarati_50.wav,0,indicvoices
/Volumes/KIOXIA/voxdata/indicvoices/real/kannada_126.wav,0,indicvoices
/Volumes/KIOXIA/voxdata/indicvoices/real/assamese_12.wav,0,indicvoices
/Volumes/KIOXIA/voxdata/indicvoices/real/tamil_380.wav,0,indicvoices
/Volumes/KIOXIA/voxdata/indicvoices/real/malayalam_320.wav,0,indicvoices
/Volumes/KIOXIA/voxdata/indicvoices/real/gujarati_350.wav,0,indicvoices
/Volumes/KIOXIA/voxdata/indicvoices/real/tamil_169.wav,0,indicvoices
/Volumes/KIOXIA/voxdata/indicvoices/real/gujarati_344.wav,0,indicvoices
/Volumes/KIOXIA/voxdata/indicvoices/real/malayalam_334.wav,0,indicvoices
/Volumes/KIOXIA/voxdata/indicvoices/real/telugu_256.wav,0,indicvoices
/Volumes/KIOXIA/voxdata/indicvoices/real/bengali_372.wav,0,indicvoices
/Volumes/KIOXIA/voxdata/indicvoices/real/tamil_155.wav,0,indicvoices
/Volumes/KIOXIA/voxdata/indicvoices/real/tamil_141.wav,0,indicvoices
/Volumes/KIOXIA/voxdata/indicvoices/real/gujarati_378.wav,0,indicvoices
/Volumes/KIOXIA/voxdata/indicvoices/real/bengali_366.wav,0,indicvoices
/Volumes/KIOXIA/voxdata/indicvoices/real/telugu_242.wav,0,indicvoices
/Volumes/KIOXIA/voxdata/indicvoices/real/malayalam_308.wav,0,indicvoices
/Volumes/KIOXIA/voxdata/indicvoices/real/gujarati_393.wav,0,indicvoices
/Volumes/KIOXIA/voxdata/indicvoices/real/kannada_318.wav,0,indicvoices
/Volumes/KIOXIA/voxdata/indicvoices/real/gujarati_387.wav,0,indicvoices
/Volumes/KIOXIA/voxdata/indicvoices/real/bengali_399.wav,0,indicvoices
/Volumes/KIOXIA/voxdata/indicvoices/real/telugu_295.wav,0,indicvoices
/Volumes/KIOXIA/voxdata/indicvoices/real/kannada_330.wav,0,indicvoices
/Volumes/KIOXIA/voxdata/indicvoices/real/tamil_196.wav,0,indicvoices
/Volumes/KIOXIA/voxdata/indicvoices/real/tamil_182.wav,0,indicvoices
/Volumes/KIOXIA/voxdata/indicvoices/real/kannada_324.wav,0,indicvoices
/Volumes/KIOXIA/voxdata/indicvoices/real/telugu_281.wav,0,indicvoices
/Volumes/KIOXIA/voxdata/indicvoices/real/hindi_156.wav,0,indicvoices
/Volumes/KIOXIA/voxdata/indicvoices/real/malayalam_254.wav,0,indicvoices
/Volumes/KIOXIA/voxdata/indicvoices/real/hindi_60.wav,0,indicvoices
/Volumes/KIOXIA/voxdata/indicvoices/real/kannada_94.wav,0,indicvoices
/Volumes/KIOXIA/voxdata/indicvoices/real/gujarati_224.wav,0,indicvoices
/Volumes/KIOXIA/voxdata/indicvoices/real/gujarati_230.wav,0,indicvoices
/Volumes/KIOXIA/voxdata/indicvoices/real/hindi_74.wav,0,indicvoices
/Volumes/KIOXIA/voxdata/indicvoices/real/kannada_80.wav,0,indicvoices
/Volumes/KIOXIA/voxdata/indicvoices/real/malayalam_240.wav,0,indicvoices
/Volumes/KIOXIA/voxdata/indicvoices/real/telugu_3.wav,0,indicvoices
/Volumes/KIOXIA/voxdata/indicvoices/real/hindi_142.wav,0,indicvoices
/Volumes/KIOXIA/voxdata/indicvoices/real/marathi_176.wav,0,indicvoices
/Volumes/KIOXIA/voxdata/indicvoices/real/malayalam_268.wav,0,indicvoices
/Volumes/KIOXIA/voxdata/indicvoices/real/telugu_322.wav,0,indicvoices
/Volumes/KIOXIA/voxdata/indicvoices/real/punjabi_117.wav,0,indicvoices
/Volumes/KIOXIA/voxdata/indicvoices/real/bengali_206.wav,0,indicvoices
/Volumes/KIOXIA/voxdata/indicvoices/real/gujarati_218.wav,0,indicvoices
/Volumes/KIOXIA/voxdata/indicvoices/real/kannada_287.wav,0,indicvoices
/Volumes/KIOXIA/voxdata/indicvoices/real/hindi_48.wav,0,indicvoices
/Volumes/KIOXIA/voxdata/indicvoices/real/kannada_293.wav,0,indicvoices
/Volumes/KIOXIA/voxdata/indicvoices/real/punjabi_103.wav,0,indicvoices
/Volumes/KIOXIA/voxdata/indicvoices/real/bengali_212.wav,0,indicvoices
/Volumes/KIOXIA/voxdata/indicvoices/real/marathi_162.wav,0,indicvoices
/Volumes/KIOXIA/voxdata/indicvoices/real/telugu_336.wav,0,indicvoices
/Volumes/KIOXIA/voxdata/indicvoices/real/assamese_119.wav,0,indicvoices
/Volumes/KIOXIA/voxdata/indicvoices/real/malayalam_297.wav,0,indicvoices
/Volumes/KIOXIA/voxdata/indicvoices/real/marathi_189.wav,0,indicvoices
/Volumes/KIOXIA/voxdata/indicvoices/real/hindi_195.wav,0,indicvoices
/Volumes/KIOXIA/voxdata/indicvoices/real/kannada_57.wav,0,indicvoices
/Volumes/KIOXIA/voxdata/indicvoices/real/kannada_278.wav,0,indicvoices
/Volumes/KIOXIA/voxdata/indicvoices/real/kannada_43.wav,0,indicvoices
/Volumes/KIOXIA/voxdata/indicvoices/real/hindi_181.wav,0,indicvoices
/Volumes/KIOXIA/voxdata/indicvoices/real/malayalam_283.wav,0,indicvoices
/Volumes/KIOXIA/voxdata/indicvoices/real/hindi_7.wav,0,indicvoices
/Volumes/KIOXIA/voxdata/indicvoices/real/assamese_125.wav,0,indicvoices
/Volumes/KIOXIA/voxdata/indicvoices/real/malayalam_1.wav,0,indicvoices
/Volumes/KIOXIA/voxdata/indicvoices/real/kannada_244.wav,0,indicvoices
/Volumes/KIOXIA/voxdata/indicvoices/real/kannada_250.wav,0,indicvoices
/Volumes/KIOXIA/voxdata/indicvoices/real/assamese_131.wav,0,indicvoices
/Volumes/KIOXIA/voxdata/indicvoices/real/marathi_348.wav,0,indicvoices
/Volumes/KIOXIA/voxdata/indicvoices/real/hindi_354.wav,0,indicvoices
/Volumes/KIOXIA/voxdata/indicvoices/real/punjabi_329.wav,0,indicvoices
/Volumes/KIOXIA/voxdata/indicvoices/real/hindi_340.wav,0,indicvoices
/Volumes/KIOXIA/voxdata/indicvoices/real/telugu_108.wav,0,indicvoices
/Volumes/KIOXIA/voxdata/indicvoices/real/tamil_223.wav,0,indicvoices
/Volumes/KIOXIA/voxdata/indicvoices/real/hindi_368.wav,0,indicvoices
/Volumes/KIOXIA/voxdata/indicvoices/real/punjabi_315.wav,0,indicvoices
/Volumes/KIOXIA/voxdata/indicvoices/real/malayalam_77.wav,0,indicvoices
/Volumes/KIOXIA/voxdata/indicvoices/real/telugu_120.wav,0,indicvoices
/Volumes/KIOXIA/voxdata/indicvoices/real/marathi_374.wav,0,indicvoices
/Volumes/KIOXIA/voxdata/indicvoices/real/malayalam_63.wav,0,indicvoices
/Volumes/KIOXIA/voxdata/indicvoices/real/telugu_134.wav,0,indicvoices
/Volumes/KIOXIA/voxdata/indicvoices/real/marathi_360.wav,0,indicvoices
/Volumes/KIOXIA/voxdata/indicvoices/real/punjabi_301.wav,0,indicvoices
/Volumes/KIOXIA/voxdata/indicvoices/real/tamil_237.wav,0,indicvoices
/Volumes/KIOXIA/voxdata/indicvoices/real/hindi_397.wav,0,indicvoices
/Volumes/KIOXIA/voxdata/indicvoices/real/marathi_22.wav,0,indicvoices
/Volumes/KIOXIA/voxdata/indicvoices/real/malayalam_88.wav,0,indicvoices
/Volumes/KIOXIA/voxdata/indicvoices/real/hindi_383.wav,0,indicvoices
/Volumes/KIOXIA/voxdata/indicvoices/real/marathi_36.wav,0,indicvoices
/Volumes/KIOXIA/voxdata/indicvoices/real/assamese_327.wav,0,indicvoices
/Volumes/KIOXIA/voxdata/indicvoices/real/punjabi_32.wav,0,indicvoices
/Volumes/KIOXIA/voxdata/indicvoices/real/punjabi_26.wav,0,indicvoices
/Volumes/KIOXIA/voxdata/indicvoices/real/assamese_333.wav,0,indicvoices
/Volumes/KIOXIA/voxdata/indicvoices/real/punjabi_27.wav,0,indicvoices
/Volumes/KIOXIA/voxdata/indicvoices/real/assamese_332.wav,0,indicvoices
/Volumes/KIOXIA/voxdata/indicvoices/real/assamese_326.wav,0,indicvoices
/Volumes/KIOXIA/voxdata/indicvoices/real/punjabi_33.wav,0,indicvoices
/Volumes/KIOXIA/voxdata/indicvoices/real/marathi_37.wav,0,indicvoices
/Volumes/KIOXIA/voxdata/indicvoices/real/hindi_382.wav,0,indicvoices
/Volumes/KIOXIA/voxdata/indicvoices/real/malayalam_89.wav,0,indicvoices
/Volumes/KIOXIA/voxdata/indicvoices/real/marathi_23.wav,0,indicvoices
/Volumes/KIOXIA/voxdata/indicvoices/real/hindi_396.wav,0,indicvoices
/Volumes/KIOXIA/voxdata/indicvoices/real/punjabi_300.wav,0,indicvoices
/Volumes/KIOXIA/voxdata/indicvoices/real/marathi_361.wav,0,indicvoices
/Volumes/KIOXIA/voxdata/indicvoices/real/telugu_135.wav,0,indicvoices
/Volumes/KIOXIA/voxdata/indicvoices/real/malayalam_62.wav,0,indicvoices
/Volumes/KIOXIA/voxdata/indicvoices/real/tamil_236.wav,0,indicvoices
/Volumes/KIOXIA/voxdata/indicvoices/real/tamil_222.wav,0,indicvoices
/Volumes/KIOXIA/voxdata/indicvoices/real/marathi_375.wav,0,indicvoices
/Volumes/KIOXIA/voxdata/indicvoices/real/telugu_121.wav,0,indicvoices
/Volumes/KIOXIA/voxdata/indicvoices/real/malayalam_76.wav,0,indicvoices
/Volumes/KIOXIA/voxdata/indicvoices/real/punjabi_314.wav,0,indicvoices
/Volumes/KIOXIA/voxdata/indicvoices/real/hindi_369.wav,0,indicvoices
/Volumes/KIOXIA/voxdata/indicvoices/real/telugu_109.wav,0,indicvoices
/Volumes/KIOXIA/voxdata/indicvoices/real/hindi_341.wav,0,indicvoices
/Volumes/KIOXIA/voxdata/indicvoices/real/punjabi_328.wav,0,indicvoices
/Volumes/KIOXIA/voxdata/indicvoices/real/hindi_355.wav,0,indicvoices
/Volumes/KIOXIA/voxdata/indicvoices/real/marathi_349.wav,0,indicvoices
/Volumes/KIOXIA/voxdata/indicvoices/real/kannada_251.wav,0,indicvoices
/Volumes/KIOXIA/voxdata/indicvoices/real/assamese_130.wav,0,indicvoices
/Volumes/KIOXIA/voxdata/indicvoices/real/malayalam_0.wav,0,indicvoices
/Volumes/KIOXIA/voxdata/indicvoices/real/assamese_124.wav,0,indicvoices
/Volumes/KIOXIA/voxdata/indicvoices/real/hindi_6.wav,0,indicvoices
/Volumes/KIOXIA/voxdata/indicvoices/real/kannada_245.wav,0,indicvoices
/Volumes/KIOXIA/voxdata/indicvoices/real/kannada_42.wav,0,indicvoices
/Volumes/KIOXIA/voxdata/indicvoices/real/malayalam_282.wav,0,indicvoices
/Volumes/KIOXIA/voxdata/indicvoices/real/hindi_180.wav,0,indicvoices
/Volumes/KIOXIA/voxdata/indicvoices/real/hindi_194.wav,0,indicvoices
/Volumes/KIOXIA/voxdata/indicvoices/real/malayalam_296.wav,0,indicvoices
/Volumes/KIOXIA/voxdata/indicvoices/real/marathi_188.wav,0,indicvoices
/Volumes/KIOXIA/voxdata/indicvoices/real/assamese_118.wav,0,indicvoices
/Volumes/KIOXIA/voxdata/indicvoices/real/kannada_279.wav,0,indicvoices
/Volumes/KIOXIA/voxdata/indicvoices/real/kannada_56.wav,0,indicvoices
/Volumes/KIOXIA/voxdata/indicvoices/real/kannada_292.wav,0,indicvoices
/Volumes/KIOXIA/voxdata/indicvoices/real/hindi_49.wav,0,indicvoices
/Volumes/KIOXIA/voxdata/indicvoices/real/telugu_337.wav,0,indicvoices
/Volumes/KIOXIA/voxdata/indicvoices/real/marathi_163.wav,0,indicvoices
/Volumes/KIOXIA/voxdata/indicvoices/real/bengali_213.wav,0,indicvoices
/Volumes/KIOXIA/voxdata/indicvoices/real/punjabi_102.wav,0,indicvoices
/Volumes/KIOXIA/voxdata/indicvoices/real/bengali_207.wav,0,indicvoices
/Volumes/KIOXIA/voxdata/indicvoices/real/punjabi_116.wav,0,indicvoices
/Volumes/KIOXIA/voxdata/indicvoices/real/telugu_323.wav,0,indicvoices
/Volumes/KIOXIA/voxdata/indicvoices/real/marathi_177.wav,0,indicvoices
/Volumes/KIOXIA/voxdata/indicvoices/real/malayalam_269.wav,0,indicvoices
/Volumes/KIOXIA/voxdata/indicvoices/real/kannada_286.wav,0,indicvoices
/Volumes/KIOXIA/voxdata/indicvoices/real/gujarati_219.wav,0,indicvoices
/Volumes/KIOXIA/voxdata/indicvoices/real/kannada_81.wav,0,indicvoices
/Volumes/KIOXIA/voxdata/indicvoices/real/hindi_75.wav,0,indicvoices
/Volumes/KIOXIA/voxdata/indicvoices/real/gujarati_231.wav,0,indicvoices
/Volumes/KIOXIA/voxdata/indicvoices/real/hindi_143.wav,0,indicvoices
/Volumes/KIOXIA/voxdata/indicvoices/real/telugu_2.wav,0,indicvoices
/Volumes/KIOXIA/voxdata/indicvoices/real/malayalam_241.wav,0,indicvoices
/Volumes/KIOXIA/voxdata/indicvoices/real/malayalam_255.wav,0,indicvoices
/Volumes/KIOXIA/voxdata/indicvoices/real/hindi_157.wav,0,indicvoices
/Volumes/KIOXIA/voxdata/indicvoices/real/gujarati_225.wav,0,indicvoices
/Volumes/KIOXIA/voxdata/indicvoices/real/kannada_95.wav,0,indicvoices
/Volumes/KIOXIA/voxdata/indicvoices/real/hindi_61.wav,0,indicvoices
/Volumes/KIOXIA/voxdata/indicvoices/real/kannada_325.wav,0,indicvoices
/Volumes/KIOXIA/voxdata/indicvoices/real/tamil_183.wav,0,indicvoices
/Volumes/KIOXIA/voxdata/indicvoices/real/telugu_280.wav,0,indicvoices
/Volumes/KIOXIA/voxdata/indicvoices/real/telugu_294.wav,0,indicvoices
/Volumes/KIOXIA/voxdata/indicvoices/real/tamil_197.wav,0,indicvoices
/Volumes/KIOXIA/voxdata/indicvoices/real/kannada_331.wav,0,indicvoices
/Volumes/KIOXIA/voxdata/indicvoices/real/gujarati_386.wav,0,indicvoices
/Volumes/KIOXIA/voxdata/indicvoices/real/kannada_319.wav,0,indicvoices
/Volumes/KIOXIA/voxdata/indicvoices/real/bengali_398.wav,0,indicvoices
/Volumes/KIOXIA/voxdata/indicvoices/real/gujarati_392.wav,0,indicvoices
/Volumes/KIOXIA/voxdata/indicvoices/real/gujarati_379.wav,0,indicvoices
/Volumes/KIOXIA/voxdata/indicvoices/real/tamil_140.wav,0,indicvoices
/Volumes/KIOXIA/voxdata/indicvoices/real/malayalam_309.wav,0,indicvoices
/Volumes/KIOXIA/voxdata/indicvoices/real/telugu_243.wav,0,indicvoices
/Volumes/KIOXIA/voxdata/indicvoices/real/bengali_367.wav,0,indicvoices
/Volumes/KIOXIA/voxdata/indicvoices/real/bengali_373.wav,0,indicvoices
/Volumes/KIOXIA/voxdata/indicvoices/real/telugu_257.wav,0,indicvoices
/Volumes/KIOXIA/voxdata/indicvoices/real/tamil_154.wav,0,indicvoices
/Volumes/KIOXIA/voxdata/indicvoices/real/gujarati_345.wav,0,indicvoices
/Volumes/KIOXIA/voxdata/indicvoices/real/malayalam_335.wav,0,indicvoices
/Volumes/KIOXIA/voxdata/indicvoices/real/malayalam_321.wav,0,indicvoices
/Volumes/KIOXIA/voxdata/indicvoices/real/tamil_168.wav,0,indicvoices
/Volumes/KIOXIA/voxdata/indicvoices/real/gujarati_351.wav,0,indicvoices
/Volumes/KIOXIA/voxdata/indicvoices/real/tamil_72.wav,0,indicvoices
/Volumes/KIOXIA/voxdata/indicvoices/real/assamese_246.wav,0,indicvoices
/Volumes/KIOXIA/voxdata/indicvoices/real/tamil_381.wav,0,indicvoices
/Volumes/KIOXIA/voxdata/indicvoices/real/assamese_13.wav,0,indicvoices
/Volumes/KIOXIA/voxdata/indicvoices/real/kannada_127.wav,0,indicvoices
/Volumes/KIOXIA/voxdata/indicvoices/real/gujarati_51.wav,0,indicvoices
/Volumes/KIOXIA/voxdata/indicvoices/real/telugu_48.wav,0,indicvoices
/Volumes/KIOXIA/voxdata/indicvoices/real/gujarati_45.wav,0,indicvoices
/Volumes/KIOXIA/voxdata/indicvoices/real/kannada_133.wav,0,indicvoices
/Volumes/KIOXIA/voxdata/indicvoices/real/tamil_395.wav,0,indicvoices
/Volumes/KIOXIA/voxdata/indicvoices/real/tamil_66.wav,0,indicvoices
/Volumes/KIOXIA/voxdata/indicvoices/real/assamese_252.wav,0,indicvoices
/Volumes/KIOXIA/voxdata/indicvoices/real/telugu_74.wav,0,indicvoices
/Volumes/KIOXIA/voxdata/indicvoices/real/gujarati_184.wav,0,indicvoices
/Volumes/KIOXIA/voxdata/indicvoices/real/bengali_77.wav,0,indicvoices
/Volumes/KIOXIA/voxdata/indicvoices/real/gujarati_190.wav,0,indicvoices
/Volumes/KIOXIA/voxdata/indicvoices/real/bengali_63.wav,0,indicvoices
/Volumes/KIOXIA/voxdata/indicvoices/real/gujarati_79.wav,0,indicvoices
/Volumes/KIOXIA/voxdata/indicvoices/real/telugu_60.wav,0,indicvoices
/Volumes/KIOXIA/voxdata/indicvoices/real/hindi_209.wav,0,indicvoices
/Volumes/KIOXIA/voxdata/indicvoices/real/punjabi_274.wav,0,indicvoices
/Volumes/KIOXIA/voxdata/indicvoices/real/bengali_165.wav,0,indicvoices
/Volumes/KIOXIA/voxdata/indicvoices/real/assamese_285.wav,0,indicvoices
/Volumes/KIOXIA/voxdata/indicvoices/real/marathi_215.wav,0,indicvoices
/Volumes/KIOXIA/voxdata/indicvoices/real/gujarati_92.wav,0,indicvoices
/Volumes/KIOXIA/voxdata/indicvoices/real/tamil_342.wav,0,indicvoices
/Volumes/KIOXIA/voxdata/indicvoices/real/bengali_88.wav,0,indicvoices
/Volumes/KIOXIA/voxdata/indicvoices/real/tamil_356.wav,0,indicvoices
/Volumes/KIOXIA/voxdata/indicvoices/real/gujarati_86.wav,0,indicvoices
/Volumes/KIOXIA/voxdata/indicvoices/real/assamese_291.wav,0,indicvoices
/Volumes/KIOXIA/voxdata/indicvoices/real/marathi_201.wav,0,indicvoices
/Volumes/KIOXIA/voxdata/indicvoices/real/punjabi_260.wav,0,indicvoices
/Volumes/KIOXIA/voxdata/indicvoices/real/bengali_171.wav,0,indicvoices
/Volumes/KIOXIA/voxdata/indicvoices/real/malayalam_137.wav,0,indicvoices
/Volumes/KIOXIA/voxdata/indicvoices/real/marathi_229.wav,0,indicvoices
/Volumes/KIOXIA/voxdata/indicvoices/real/hindi_235.wav,0,indicvoices
/Volumes/KIOXIA/voxdata/indicvoices/real/bengali_159.wav,0,indicvoices
/Volumes/KIOXIA/voxdata/indicvoices/real/punjabi_248.wav,0,indicvoices
/Volumes/KIOXIA/voxdata/indicvoices/real/gujarati_147.wav,0,indicvoices
/Volumes/KIOXIA/voxdata/indicvoices/real/gujarati_153.wav,0,indicvoices
/Volumes/KIOXIA/voxdata/indicvoices/real/hindi_221.wav,0,indicvoices
/Volumes/KIOXIA/voxdata/indicvoices/real/malayalam_123.wav,0,indicvoices
/Volumes/KIOXIA/voxdata/indicvoices/real/tamil_99.wav,0,indicvoices
/Volumes/KIOXIA/voxdata/indicvoices/real/hindi_219.wav,0,indicvoices
/Volumes/KIOXIA/voxdata/indicvoices/real/bengali_175.wav,0,indicvoices
/Volumes/KIOXIA/voxdata/indicvoices/real/punjabi_264.wav,0,indicvoices
/Volumes/KIOXIA/voxdata/indicvoices/real/marathi_205.wav,0,indicvoices
/Volumes/KIOXIA/voxdata/indicvoices/real/assamese_295.wav,0,indicvoices
/Volumes/KIOXIA/voxdata/indicvoices/real/gujarati_82.wav,0,indicvoices
/Volumes/KIOXIA/voxdata/indicvoices/real/tamil_352.wav,0,indicvoices
/Volumes/KIOXIA/voxdata/indicvoices/real/bengali_98.wav,0,indicvoices
/Volumes/KIOXIA/voxdata/indicvoices/real/tamil_346.wav,0,indicvoices
/Volumes/KIOXIA/voxdata/indicvoices/real/gujarati_96.wav,0,indicvoices
/Volumes/KIOXIA/voxdata/indicvoices/real/marathi_211.wav,0,indicvoices
/Volumes/KIOXIA/voxdata/indicvoices/real/assamese_281.wav,0,indicvoices
/Volumes/KIOXIA/voxdata/indicvoices/real/bengali_161.wav,0,indicvoices
/Volumes/KIOXIA/voxdata/indicvoices/real/punjabi_270.wav,0,indicvoices
/Volumes/KIOXIA/voxdata/indicvoices/real/malayalam_127.wav,0,indicvoices
/Volumes/KIOXIA/voxdata/indicvoices/real/marathi_239.wav,0,indicvoices
/Volumes/KIOXIA/voxdata/indicvoices/real/hindi_225.wav,0,indicvoices
/Volumes/KIOXIA/voxdata/indicvoices/real/punjabi_258.wav,0,indicvoices
/Volumes/KIOXIA/voxdata/indicvoices/real/bengali_149.wav,0,indicvoices
/Volumes/KIOXIA/voxdata/indicvoices/real/gujarati_157.wav,0,indicvoices
/Volumes/KIOXIA/voxdata/indicvoices/real/gujarati_143.wav,0,indicvoices
/Volumes/KIOXIA/voxdata/indicvoices/real/hindi_231.wav,0,indicvoices
/Volumes/KIOXIA/voxdata/indicvoices/real/tamil_89.wav,0,indicvoices
/Volumes/KIOXIA/voxdata/indicvoices/real/malayalam_133.wav,0,indicvoices
/Volumes/KIOXIA/voxdata/indicvoices/real/assamese_256.wav,0,indicvoices
/Volumes/KIOXIA/voxdata/indicvoices/real/tamil_62.wav,0,indicvoices
/Volumes/KIOXIA/voxdata/indicvoices/real/tamil_391.wav,0,indicvoices
/Volumes/KIOXIA/voxdata/indicvoices/real/telugu_58.wav,0,indicvoices
/Volumes/KIOXIA/voxdata/indicvoices/real/kannada_137.wav,0,indicvoices
/Volumes/KIOXIA/voxdata/indicvoices/real/gujarati_41.wav,0,indicvoices
/Volumes/KIOXIA/voxdata/indicvoices/real/gujarati_55.wav,0,indicvoices
/Volumes/KIOXIA/voxdata/indicvoices/real/kannada_123.wav,0,indicvoices
/Volumes/KIOXIA/voxdata/indicvoices/real/assamese_17.wav,0,indicvoices
/Volumes/KIOXIA/voxdata/indicvoices/real/punjabi_9.wav,0,indicvoices
/Volumes/KIOXIA/voxdata/indicvoices/real/tamil_385.wav,0,indicvoices
/Volumes/KIOXIA/voxdata/indicvoices/real/assamese_242.wav,0,indicvoices
/Volumes/KIOXIA/voxdata/indicvoices/real/tamil_76.wav,0,indicvoices
/Volumes/KIOXIA/voxdata/indicvoices/real/telugu_64.wav,0,indicvoices
/Volumes/KIOXIA/voxdata/indicvoices/real/gujarati_194.wav,0,indicvoices
/Volumes/KIOXIA/voxdata/indicvoices/real/bengali_67.wav,0,indicvoices
/Volumes/KIOXIA/voxdata/indicvoices/real/gujarati_180.wav,0,indicvoices
/Volumes/KIOXIA/voxdata/indicvoices/real/bengali_73.wav,0,indicvoices
/Volumes/KIOXIA/voxdata/indicvoices/real/telugu_70.wav,0,indicvoices
/Volumes/KIOXIA/voxdata/indicvoices/real/gujarati_69.wav,0,indicvoices
/Volumes/KIOXIA/voxdata/indicvoices/real/tamil_150.wav,0,indicvoices
/Volumes/KIOXIA/voxdata/indicvoices/real/gujarati_369.wav,0,indicvoices
/Volumes/KIOXIA/voxdata/indicvoices/real/telugu_253.wav,0,indicvoices
/Volumes/KIOXIA/voxdata/indicvoices/real/malayalam_319.wav,0,indicvoices
/Volumes/KIOXIA/voxdata/indicvoices/real/bengali_377.wav,0,indicvoices
/Volumes/KIOXIA/voxdata/indicvoices/real/bengali_363.wav,0,indicvoices
/Volumes/KIOXIA/voxdata/indicvoices/real/telugu_247.wav,0,indicvoices
/Volumes/KIOXIA/voxdata/indicvoices/real/tamil_144.wav,0,indicvoices
/Volumes/KIOXIA/voxdata/indicvoices/real/gujarati_355.wav,0,indicvoices
/Volumes/KIOXIA/voxdata/indicvoices/real/malayalam_325.wav,0,indicvoices
/Volumes/KIOXIA/voxdata/indicvoices/real/malayalam_331.wav,0,indicvoices
/Volumes/KIOXIA/voxdata/indicvoices/real/gujarati_341.wav,0,indicvoices
/Volumes/KIOXIA/voxdata/indicvoices/real/tamil_178.wav,0,indicvoices
/Volumes/KIOXIA/voxdata/indicvoices/real/kannada_335.wav,0,indicvoices
/Volumes/KIOXIA/voxdata/indicvoices/real/tamil_193.wav,0,indicvoices
/Volumes/KIOXIA/voxdata/indicvoices/real/telugu_290.wav,0,indicvoices
/Volumes/KIOXIA/voxdata/indicvoices/real/telugu_284.wav,0,indicvoices
/Volumes/KIOXIA/voxdata/indicvoices/real/tamil_187.wav,0,indicvoices
/Volumes/KIOXIA/voxdata/indicvoices/real/kannada_321.wav,0,indicvoices
/Volumes/KIOXIA/voxdata/indicvoices/real/gujarati_396.wav,0,indicvoices
/Volumes/KIOXIA/voxdata/indicvoices/real/kannada_309.wav,0,indicvoices
/Volumes/KIOXIA/voxdata/indicvoices/real/bengali_388.wav,0,indicvoices
/Volumes/KIOXIA/voxdata/indicvoices/real/gujarati_382.wav,0,indicvoices
/Volumes/KIOXIA/voxdata/indicvoices/real/hindi_59.wav,0,indicvoices
/Volumes/KIOXIA/voxdata/indicvoices/real/kannada_282.wav,0,indicvoices
/Volumes/KIOXIA/voxdata/indicvoices/real/marathi_173.wav,0,indicvoices
/Volumes/KIOXIA/voxdata/indicvoices/real/telugu_327.wav,0,indicvoices
/Volumes/KIOXIA/voxdata/indicvoices/real/punjabi_112.wav,0,indicvoices
/Volumes/KIOXIA/voxdata/indicvoices/real/bengali_203.wav,0,indicvoices
/Volumes/KIOXIA/voxdata/indicvoices/real/punjabi_106.wav,0,indicvoices
/Volumes/KIOXIA/voxdata/indicvoices/real/bengali_217.wav,0,indicvoices
/Volumes/KIOXIA/voxdata/indicvoices/real/marathi_167.wav,0,indicvoices
/Volumes/KIOXIA/voxdata/indicvoices/real/malayalam_279.wav,0,indicvoices
/Volumes/KIOXIA/voxdata/indicvoices/real/telugu_333.wav,0,indicvoices
/Volumes/KIOXIA/voxdata/indicvoices/real/kannada_296.wav,0,indicvoices
/Volumes/KIOXIA/voxdata/indicvoices/real/gujarati_209.wav,0,indicvoices
/Volumes/KIOXIA/voxdata/indicvoices/real/hindi_65.wav,0,indicvoices
/Volumes/KIOXIA/voxdata/indicvoices/real/kannada_91.wav,0,indicvoices
/Volumes/KIOXIA/voxdata/indicvoices/real/gujarati_221.wav,0,indicvoices
/Volumes/KIOXIA/voxdata/indicvoices/real/hindi_153.wav,0,indicvoices
/Volumes/KIOXIA/voxdata/indicvoices/real/malayalam_251.wav,0,indicvoices
/Volumes/KIOXIA/voxdata/indicvoices/real/malayalam_245.wav,0,indicvoices
/Volumes/KIOXIA/voxdata/indicvoices/real/hindi_147.wav,0,indicvoices
/Volumes/KIOXIA/voxdata/indicvoices/real/telugu_6.wav,0,indicvoices
/Volumes/KIOXIA/voxdata/indicvoices/real/gujarati_235.wav,0,indicvoices
/Volumes/KIOXIA/voxdata/indicvoices/real/hindi_71.wav,0,indicvoices
/Volumes/KIOXIA/voxdata/indicvoices/real/kannada_85.wav,0,indicvoices
/Volumes/KIOXIA/voxdata/indicvoices/real/kannada_241.wav,0,indicvoices
/Volumes/KIOXIA/voxdata/indicvoices/real/hindi_2.wav,0,indicvoices
/Volumes/KIOXIA/voxdata/indicvoices/real/assamese_120.wav,0,indicvoices
/Volumes/KIOXIA/voxdata/indicvoices/real/malayalam_4.wav,0,indicvoices
/Volumes/KIOXIA/voxdata/indicvoices/real/assamese_134.wav,0,indicvoices
/Volumes/KIOXIA/voxdata/indicvoices/real/kannada_255.wav,0,indicvoices
/Volumes/KIOXIA/voxdata/indicvoices/real/kannada_52.wav,0,indicvoices
/Volumes/KIOXIA/voxdata/indicvoices/real/malayalam_292.wav,0,indicvoices
/Volumes/KIOXIA/voxdata/indicvoices/real/hindi_190.wav,0,indicvoices
/Volumes/KIOXIA/voxdata/indicvoices/real/hindi_184.wav,0,indicvoices
/Volumes/KIOXIA/voxdata/indicvoices/real/assamese_108.wav,0,indicvoices
/Volumes/KIOXIA/voxdata/indicvoices/real/malayalam_286.wav,0,indicvoices
/Volumes/KIOXIA/voxdata/indicvoices/real/marathi_198.wav,0,indicvoices
/Volumes/KIOXIA/voxdata/indicvoices/real/kannada_46.wav,0,indicvoices
/Volumes/KIOXIA/voxdata/indicvoices/real/kannada_269.wav,0,indicvoices
/Volumes/KIOXIA/voxdata/indicvoices/real/punjabi_310.wav,0,indicvoices
/Volumes/KIOXIA/voxdata/indicvoices/real/malayalam_72.wav,0,indicvoices
/Volumes/KIOXIA/voxdata/indicvoices/real/telugu_125.wav,0,indicvoices
/Volumes/KIOXIA/voxdata/indicvoices/real/marathi_371.wav,0,indicvoices
/Volumes/KIOXIA/voxdata/indicvoices/real/tamil_226.wav,0,indicvoices
/Volumes/KIOXIA/voxdata/indicvoices/real/tamil_232.wav,0,indicvoices
/Volumes/KIOXIA/voxdata/indicvoices/real/malayalam_66.wav,0,indicvoices
/Volumes/KIOXIA/voxdata/indicvoices/real/telugu_131.wav,0,indicvoices
/Volumes/KIOXIA/voxdata/indicvoices/real/marathi_365.wav,0,indicvoices
/Volumes/KIOXIA/voxdata/indicvoices/real/punjabi_304.wav,0,indicvoices
/Volumes/KIOXIA/voxdata/indicvoices/real/hindi_379.wav,0,indicvoices
/Volumes/KIOXIA/voxdata/indicvoices/real/telugu_119.wav,0,indicvoices
/Volumes/KIOXIA/voxdata/indicvoices/real/hindi_351.wav,0,indicvoices
/Volumes/KIOXIA/voxdata/indicvoices/real/punjabi_338.wav,0,indicvoices
/Volumes/KIOXIA/voxdata/indicvoices/real/hindi_345.wav,0,indicvoices
/Volumes/KIOXIA/voxdata/indicvoices/real/marathi_359.wav,0,indicvoices
/Volumes/KIOXIA/voxdata/indicvoices/real/punjabi_37.wav,0,indicvoices
/Volumes/KIOXIA/voxdata/indicvoices/real/assamese_322.wav,0,indicvoices
/Volumes/KIOXIA/voxdata/indicvoices/real/assamese_336.wav,0,indicvoices
/Volumes/KIOXIA/voxdata/indicvoices/real/punjabi_23.wav,0,indicvoices
/Volumes/KIOXIA/voxdata/indicvoices/real/hindi_392.wav,0,indicvoices
/Volumes/KIOXIA/voxdata/indicvoices/real/marathi_27.wav,0,indicvoices
/Volumes/KIOXIA/voxdata/indicvoices/real/malayalam_99.wav,0,indicvoices
/Volumes/KIOXIA/voxdata/indicvoices/real/hindi_386.wav,0,indicvoices
/Volumes/KIOXIA/voxdata/indicvoices/real/marathi_33.wav,0,indicvoices
/Volumes/KIOXIA/voxdata/indicvoices/real/marathi_32.wav,0,indicvoices
/Volumes/KIOXIA/voxdata/indicvoices/real/hindi_387.wav,0,indicvoices
/Volumes/KIOXIA/voxdata/indicvoices/real/malayalam_98.wav,0,indicvoices
/Volumes/KIOXIA/voxdata/indicvoices/real/marathi_26.wav,0,indicvoices
/Volumes/KIOXIA/voxdata/indicvoices/real/hindi_393.wav,0,indicvoices
/Volumes/KIOXIA/voxdata/indicvoices/real/assamese_337.wav,0,indicvoices
/Volumes/KIOXIA/voxdata/indicvoices/real/punjabi_22.wav,0,indicvoices
/Volumes/KIOXIA/voxdata/indicvoices/real/punjabi_36.wav,0,indicvoices
/Volumes/KIOXIA/voxdata/indicvoices/real/assamese_323.wav,0,indicvoices
/Volumes/KIOXIA/voxdata/indicvoices/real/marathi_358.wav,0,indicvoices
/Volumes/KIOXIA/voxdata/indicvoices/real/hindi_344.wav,0,indicvoices
/Volumes/KIOXIA/voxdata/indicvoices/real/punjabi_339.wav,0,indicvoices
/Volumes/KIOXIA/voxdata/indicvoices/real/hindi_350.wav,0,indicvoices
/Volumes/KIOXIA/voxdata/indicvoices/real/telugu_118.wav,0,indicvoices
/Volumes/KIOXIA/voxdata/indicvoices/real/tamil_233.wav,0,indicvoices
/Volumes/KIOXIA/voxdata/indicvoices/real/hindi_378.wav,0,indicvoices
/Volumes/KIOXIA/voxdata/indicvoices/real/punjabi_305.wav,0,indicvoices
/Volumes/KIOXIA/voxdata/indicvoices/real/marathi_364.wav,0,indicvoices
/Volumes/KIOXIA/voxdata/indicvoices/real/telugu_130.wav,0,indicvoices
/Volumes/KIOXIA/voxdata/indicvoices/real/malayalam_67.wav,0,indicvoices
/Volumes/KIOXIA/voxdata/indicvoices/real/marathi_370.wav,0,indicvoices
/Volumes/KIOXIA/voxdata/indicvoices/real/telugu_124.wav,0,indicvoices
/Volumes/KIOXIA/voxdata/indicvoices/real/malayalam_73.wav,0,indicvoices
/Volumes/KIOXIA/voxdata/indicvoices/real/punjabi_311.wav,0,indicvoices
/Volumes/KIOXIA/voxdata/indicvoices/real/tamil_227.wav,0,indicvoices
/Volumes/KIOXIA/voxdata/indicvoices/real/malayalam_287.wav,0,indicvoices
/Volumes/KIOXIA/voxdata/indicvoices/real/marathi_199.wav,0,indicvoices
/Volumes/KIOXIA/voxdata/indicvoices/real/assamese_109.wav,0,indicvoices
/Volumes/KIOXIA/voxdata/indicvoices/real/hindi_185.wav,0,indicvoices
/Volumes/KIOXIA/voxdata/indicvoices/real/kannada_268.wav,0,indicvoices
/Volumes/KIOXIA/voxdata/indicvoices/real/kannada_47.wav,0,indicvoices
/Volumes/KIOXIA/voxdata/indicvoices/real/kannada_53.wav,0,indicvoices
/Volumes/KIOXIA/voxdata/indicvoices/real/hindi_191.wav,0,indicvoices
/Volumes/KIOXIA/voxdata/indicvoices/real/malayalam_293.wav,0,indicvoices
/Volumes/KIOXIA/voxdata/indicvoices/real/assamese_135.wav,0,indicvoices
/Volumes/KIOXIA/voxdata/indicvoices/real/kannada_254.wav,0,indicvoices
/Volumes/KIOXIA/voxdata/indicvoices/real/kannada_240.wav,0,indicvoices
/Volumes/KIOXIA/voxdata/indicvoices/real/malayalam_5.wav,0,indicvoices
/Volumes/KIOXIA/voxdata/indicvoices/real/assamese_121.wav,0,indicvoices
/Volumes/KIOXIA/voxdata/indicvoices/real/hindi_3.wav,0,indicvoices
/Volumes/KIOXIA/voxdata/indicvoices/real/telugu_7.wav,0,indicvoices
/Volumes/KIOXIA/voxdata/indicvoices/real/hindi_146.wav,0,indicvoices
/Volumes/KIOXIA/voxdata/indicvoices/real/malayalam_244.wav,0,indicvoices
/Volumes/KIOXIA/voxdata/indicvoices/real/kannada_84.wav,0,indicvoices
/Volumes/KIOXIA/voxdata/indicvoices/real/hindi_70.wav,0,indicvoices
/Volumes/KIOXIA/voxdata/indicvoices/real/gujarati_234.wav,0,indicvoices
/Volumes/KIOXIA/voxdata/indicvoices/real/gujarati_220.wav,0,indicvoices
/Volumes/KIOXIA/voxdata/indicvoices/real/kannada_90.wav,0,indicvoices
/Volumes/KIOXIA/voxdata/indicvoices/real/hindi_64.wav,0,indicvoices
/Volumes/KIOXIA/voxdata/indicvoices/real/malayalam_250.wav,0,indicvoices
/Volumes/KIOXIA/voxdata/indicvoices/real/hindi_152.wav,0,indicvoices
/Volumes/KIOXIA/voxdata/indicvoices/real/telugu_332.wav,0,indicvoices
/Volumes/KIOXIA/voxdata/indicvoices/real/marathi_166.wav,0,indicvoices
/Volumes/KIOXIA/voxdata/indicvoices/real/malayalam_278.wav,0,indicvoices
/Volumes/KIOXIA/voxdata/indicvoices/real/bengali_216.wav,0,indicvoices
/Volumes/KIOXIA/voxdata/indicvoices/real/punjabi_107.wav,0,indicvoices
/Volumes/KIOXIA/voxdata/indicvoices/real/gujarati_208.wav,0,indicvoices
/Volumes/KIOXIA/voxdata/indicvoices/real/kannada_297.wav,0,indicvoices
/Volumes/KIOXIA/voxdata/indicvoices/real/kannada_283.wav,0,indicvoices
/Volumes/KIOXIA/voxdata/indicvoices/real/hindi_58.wav,0,indicvoices
/Volumes/KIOXIA/voxdata/indicvoices/real/bengali_202.wav,0,indicvoices
/Volumes/KIOXIA/voxdata/indicvoices/real/punjabi_113.wav,0,indicvoices
/Volumes/KIOXIA/voxdata/indicvoices/real/telugu_326.wav,0,indicvoices
/Volumes/KIOXIA/voxdata/indicvoices/real/marathi_172.wav,0,indicvoices
/Volumes/KIOXIA/voxdata/indicvoices/real/gujarati_383.wav,0,indicvoices
/Volumes/KIOXIA/voxdata/indicvoices/real/kannada_308.wav,0,indicvoices
/Volumes/KIOXIA/voxdata/indicvoices/real/gujarati_397.wav,0,indicvoices
/Volumes/KIOXIA/voxdata/indicvoices/real/bengali_389.wav,0,indicvoices
/Volumes/KIOXIA/voxdata/indicvoices/real/telugu_285.wav,0,indicvoices
/Volumes/KIOXIA/voxdata/indicvoices/real/kannada_320.wav,0,indicvoices
/Volumes/KIOXIA/voxdata/indicvoices/real/tamil_186.wav,0,indicvoices
/Volumes/KIOXIA/voxdata/indicvoices/real/tamil_192.wav,0,indicvoices
/Volumes/KIOXIA/voxdata/indicvoices/real/kannada_334.wav,0,indicvoices
/Volumes/KIOXIA/voxdata/indicvoices/real/telugu_291.wav,0,indicvoices
/Volumes/KIOXIA/voxdata/indicvoices/real/malayalam_330.wav,0,indicvoices
/Volumes/KIOXIA/voxdata/indicvoices/real/tamil_179.wav,0,indicvoices
/Volumes/KIOXIA/voxdata/indicvoices/real/gujarati_340.wav,0,indicvoices
/Volumes/KIOXIA/voxdata/indicvoices/real/gujarati_354.wav,0,indicvoices
/Volumes/KIOXIA/voxdata/indicvoices/real/malayalam_324.wav,0,indicvoices
/Volumes/KIOXIA/voxdata/indicvoices/real/telugu_246.wav,0,indicvoices
/Volumes/KIOXIA/voxdata/indicvoices/real/bengali_362.wav,0,indicvoices
/Volumes/KIOXIA/voxdata/indicvoices/real/tamil_145.wav,0,indicvoices
/Volumes/KIOXIA/voxdata/indicvoices/real/gujarati_368.wav,0,indicvoices
/Volumes/KIOXIA/voxdata/indicvoices/real/tamil_151.wav,0,indicvoices
/Volumes/KIOXIA/voxdata/indicvoices/real/bengali_376.wav,0,indicvoices
/Volumes/KIOXIA/voxdata/indicvoices/real/malayalam_318.wav,0,indicvoices
/Volumes/KIOXIA/voxdata/indicvoices/real/telugu_252.wav,0,indicvoices
/Volumes/KIOXIA/voxdata/indicvoices/real/gujarati_68.wav,0,indicvoices
/Volumes/KIOXIA/voxdata/indicvoices/real/telugu_71.wav,0,indicvoices
/Volumes/KIOXIA/voxdata/indicvoices/real/bengali_72.wav,0,indicvoices
/Volumes/KIOXIA/voxdata/indicvoices/real/gujarati_181.wav,0,indicvoices
/Volumes/KIOXIA/voxdata/indicvoices/real/bengali_66.wav,0,indicvoices
/Volumes/KIOXIA/voxdata/indicvoices/real/gujarati_195.wav,0,indicvoices
/Volumes/KIOXIA/voxdata/indicvoices/real/telugu_65.wav,0,indicvoices
/Volumes/KIOXIA/voxdata/indicvoices/real/tamil_384.wav,0,indicvoices
/Volumes/KIOXIA/voxdata/indicvoices/real/punjabi_8.wav,0,indicvoices
/Volumes/KIOXIA/voxdata/indicvoices/real/assamese_16.wav,0,indicvoices
/Volumes/KIOXIA/voxdata/indicvoices/real/kannada_122.wav,0,indicvoices
/Volumes/KIOXIA/voxdata/indicvoices/real/gujarati_54.wav,0,indicvoices
/Volumes/KIOXIA/voxdata/indicvoices/real/tamil_77.wav,0,indicvoices
/Volumes/KIOXIA/voxdata/indicvoices/real/assamese_243.wav,0,indicvoices
/Volumes/KIOXIA/voxdata/indicvoices/real/tamil_63.wav,0,indicvoices
/Volumes/KIOXIA/voxdata/indicvoices/real/assamese_257.wav,0,indicvoices
/Volumes/KIOXIA/voxdata/indicvoices/real/gujarati_40.wav,0,indicvoices
/Volumes/KIOXIA/voxdata/indicvoices/real/kannada_136.wav,0,indicvoices
/Volumes/KIOXIA/voxdata/indicvoices/real/telugu_59.wav,0,indicvoices
/Volumes/KIOXIA/voxdata/indicvoices/real/tamil_390.wav,0,indicvoices
/Volumes/KIOXIA/voxdata/indicvoices/real/gujarati_142.wav,0,indicvoices
/Volumes/KIOXIA/voxdata/indicvoices/real/malayalam_132.wav,0,indicvoices
/Volumes/KIOXIA/voxdata/indicvoices/real/tamil_88.wav,0,indicvoices
/Volumes/KIOXIA/voxdata/indicvoices/real/hindi_230.wav,0,indicvoices
/Volumes/KIOXIA/voxdata/indicvoices/real/bengali_148.wav,0,indicvoices
/Volumes/KIOXIA/voxdata/indicvoices/real/punjabi_259.wav,0,indicvoices
/Volumes/KIOXIA/voxdata/indicvoices/real/hindi_224.wav,0,indicvoices
/Volumes/KIOXIA/voxdata/indicvoices/real/malayalam_126.wav,0,indicvoices
/Volumes/KIOXIA/voxdata/indicvoices/real/marathi_238.wav,0,indicvoices
/Volumes/KIOXIA/voxdata/indicvoices/real/gujarati_156.wav,0,indicvoices
/Volumes/KIOXIA/voxdata/indicvoices/real/gujarati_97.wav,0,indicvoices
/Volumes/KIOXIA/voxdata/indicvoices/real/tamil_347.wav,0,indicvoices
/Volumes/KIOXIA/voxdata/indicvoices/real/punjabi_271.wav,0,indicvoices
/Volumes/KIOXIA/voxdata/indicvoices/real/bengali_160.wav,0,indicvoices
/Volumes/KIOXIA/voxdata/indicvoices/real/assamese_280.wav,0,indicvoices
/Volumes/KIOXIA/voxdata/indicvoices/real/marathi_210.wav,0,indicvoices
/Volumes/KIOXIA/voxdata/indicvoices/real/assamese_294.wav,0,indicvoices
/Volumes/KIOXIA/voxdata/indicvoices/real/marathi_204.wav,0,indicvoices
/Volumes/KIOXIA/voxdata/indicvoices/real/punjabi_265.wav,0,indicvoices
/Volumes/KIOXIA/voxdata/indicvoices/real/bengali_174.wav,0,indicvoices
/Volumes/KIOXIA/voxdata/indicvoices/real/hindi_218.wav,0,indicvoices
/Volumes/KIOXIA/voxdata/indicvoices/real/bengali_99.wav,0,indicvoices
/Volumes/KIOXIA/voxdata/indicvoices/real/tamil_353.wav,0,indicvoices
/Volumes/KIOXIA/voxdata/indicvoices/real/gujarati_83.wav,0,indicvoices
/Volumes/KIOXIA/voxdata/indicvoices/real/marathi_212.wav,0,indicvoices
/Volumes/KIOXIA/voxdata/indicvoices/real/assamese_282.wav,0,indicvoices
/Volumes/KIOXIA/voxdata/indicvoices/real/punjabi_273.wav,0,indicvoices
/Volumes/KIOXIA/voxdata/indicvoices/real/bengali_162.wav,0,indicvoices
/Volumes/KIOXIA/voxdata/indicvoices/real/tamil_345.wav,0,indicvoices
/Volumes/KIOXIA/voxdata/indicvoices/real/gujarati_95.wav,0,indicvoices
/Volumes/KIOXIA/voxdata/indicvoices/real/gujarati_81.wav,0,indicvoices
/Volumes/KIOXIA/voxdata/indicvoices/real/telugu_98.wav,0,indicvoices
/Volumes/KIOXIA/voxdata/indicvoices/real/tamil_351.wav,0,indicvoices
/Volumes/KIOXIA/voxdata/indicvoices/real/gujarati_168.wav,0,indicvoices
/Volumes/KIOXIA/voxdata/indicvoices/real/punjabi_267.wav,0,indicvoices
/Volumes/KIOXIA/voxdata/indicvoices/real/bengali_176.wav,0,indicvoices
/Volumes/KIOXIA/voxdata/indicvoices/real/marathi_206.wav,0,indicvoices
/Volumes/KIOXIA/voxdata/indicvoices/real/malayalam_118.wav,0,indicvoices
/Volumes/KIOXIA/voxdata/indicvoices/real/assamese_296.wav,0,indicvoices
/Volumes/KIOXIA/voxdata/indicvoices/real/hindi_232.wav,0,indicvoices
/Volumes/KIOXIA/voxdata/indicvoices/real/malayalam_130.wav,0,indicvoices
/Volumes/KIOXIA/voxdata/indicvoices/real/gujarati_140.wav,0,indicvoices
/Volumes/KIOXIA/voxdata/indicvoices/real/tamil_379.wav,0,indicvoices
/Volumes/KIOXIA/voxdata/indicvoices/real/gujarati_154.wav,0,indicvoices
/Volumes/KIOXIA/voxdata/indicvoices/real/malayalam_124.wav,0,indicvoices
/Volumes/KIOXIA/voxdata/indicvoices/real/hindi_226.wav,0,indicvoices
/Volumes/KIOXIA/voxdata/indicvoices/real/assamese_241.wav,0,indicvoices
/Volumes/KIOXIA/voxdata/indicvoices/real/tamil_75.wav,0,indicvoices
/Volumes/KIOXIA/voxdata/indicvoices/real/gujarati_56.wav,0,indicvoices
/Volumes/KIOXIA/voxdata/indicvoices/real/kannada_120.wav,0,indicvoices
/Volumes/KIOXIA/voxdata/indicvoices/real/assamese_14.wav,0,indicvoices
/Volumes/KIOXIA/voxdata/indicvoices/real/tamil_386.wav,0,indicvoices
/Volumes/KIOXIA/voxdata/indicvoices/real/tamil_392.wav,0,indicvoices
/Volumes/KIOXIA/voxdata/indicvoices/real/bengali_58.wav,0,indicvoices
/Volumes/KIOXIA/voxdata/indicvoices/real/kannada_134.wav,0,indicvoices
/Volumes/KIOXIA/voxdata/indicvoices/real/gujarati_42.wav,0,indicvoices
/Volumes/KIOXIA/voxdata/indicvoices/real/assamese_255.wav,0,indicvoices
/Volumes/KIOXIA/voxdata/indicvoices/real/tamil_61.wav,0,indicvoices
/Volumes/KIOXIA/voxdata/indicvoices/real/tamil_49.wav,0,indicvoices
/Volumes/KIOXIA/voxdata/indicvoices/real/assamese_28.wav,0,indicvoices
/Volumes/KIOXIA/voxdata/indicvoices/real/gujarati_183.wav,0,indicvoices
/Volumes/KIOXIA/voxdata/indicvoices/real/bengali_70.wav,0,indicvoices
/Volumes/KIOXIA/voxdata/indicvoices/real/telugu_73.wav,0,indicvoices
/Volumes/KIOXIA/voxdata/indicvoices/real/telugu_67.wav,0,indicvoices
/Volumes/KIOXIA/voxdata/indicvoices/real/kannada_108.wav,0,indicvoices
/Volumes/KIOXIA/voxdata/indicvoices/real/gujarati_197.wav,0,indicvoices
/Volumes/KIOXIA/voxdata/indicvoices/real/bengali_64.wav,0,indicvoices
/Volumes/KIOXIA/voxdata/indicvoices/real/bengali_189.wav,0,indicvoices
/Volumes/KIOXIA/voxdata/indicvoices/real/punjabi_298.wav,0,indicvoices
/Volumes/KIOXIA/voxdata/indicvoices/real/assamese_269.wav,0,indicvoices
/Volumes/KIOXIA/voxdata/indicvoices/real/tamil_147.wav,0,indicvoices
/Volumes/KIOXIA/voxdata/indicvoices/real/bengali_360.wav,0,indicvoices
/Volumes/KIOXIA/voxdata/indicvoices/real/telugu_244.wav,0,indicvoices
/Volumes/KIOXIA/voxdata/indicvoices/real/telugu_250.wav,0,indicvoices
/Volumes/KIOXIA/voxdata/indicvoices/real/bengali_374.wav,0,indicvoices
/Volumes/KIOXIA/voxdata/indicvoices/real/tamil_153.wav,0,indicvoices
/Volumes/KIOXIA/voxdata/indicvoices/real/gujarati_342.wav,0,indicvoices
/Volumes/KIOXIA/voxdata/indicvoices/real/telugu_278.wav,0,indicvoices
/Volumes/KIOXIA/voxdata/indicvoices/real/malayalam_332.wav,0,indicvoices
/Volumes/KIOXIA/voxdata/indicvoices/real/bengali_348.wav,0,indicvoices
/Volumes/KIOXIA/voxdata/indicvoices/real/malayalam_326.wav,0,indicvoices
/Volumes/KIOXIA/voxdata/indicvoices/real/gujarati_356.wav,0,indicvoices
/Volumes/KIOXIA/voxdata/indicvoices/real/tamil_184.wav,0,indicvoices
/Volumes/KIOXIA/voxdata/indicvoices/real/kannada_322.wav,0,indicvoices
/Volumes/KIOXIA/voxdata/indicvoices/real/telugu_287.wav,0,indicvoices
/Volumes/KIOXIA/voxdata/indicvoices/real/telugu_293.wav,0,indicvoices
/Volumes/KIOXIA/voxdata/indicvoices/real/kannada_336.wav,0,indicvoices
/Volumes/KIOXIA/voxdata/indicvoices/real/tamil_190.wav,0,indicvoices
/Volumes/KIOXIA/voxdata/indicvoices/real/gujarati_381.wav,0,indicvoices
/Volumes/KIOXIA/voxdata/indicvoices/real/gujarati_395.wav,0,indicvoices
/Volumes/KIOXIA/voxdata/indicvoices/real/kannada_295.wav,0,indicvoices
/Volumes/KIOXIA/voxdata/indicvoices/real/hindi_178.wav,0,indicvoices
/Volumes/KIOXIA/voxdata/indicvoices/real/bengali_214.wav,0,indicvoices
/Volumes/KIOXIA/voxdata/indicvoices/real/punjabi_105.wav,0,indicvoices
/Volumes/KIOXIA/voxdata/indicvoices/real/marathi_164.wav,0,indicvoices
/Volumes/KIOXIA/voxdata/indicvoices/real/telugu_330.wav,0,indicvoices
/Volumes/KIOXIA/voxdata/indicvoices/real/marathi_170.wav,0,indicvoices
/Volumes/KIOXIA/voxdata/indicvoices/real/telugu_324.wav,0,indicvoices
/Volumes/KIOXIA/voxdata/indicvoices/real/bengali_200.wav,0,indicvoices
/Volumes/KIOXIA/voxdata/indicvoices/real/punjabi_111.wav,0,indicvoices
/Volumes/KIOXIA/voxdata/indicvoices/real/kannada_281.wav,0,indicvoices
/Volumes/KIOXIA/voxdata/indicvoices/real/gujarati_236.wav,0,indicvoices
/Volumes/KIOXIA/voxdata/indicvoices/real/hindi_72.wav,0,indicvoices
/Volumes/KIOXIA/voxdata/indicvoices/real/kannada_86.wav,0,indicvoices
/Volumes/KIOXIA/voxdata/indicvoices/real/malayalam_246.wav,0,indicvoices
/Volumes/KIOXIA/voxdata/indicvoices/real/marathi_158.wav,0,indicvoices
/Volumes/KIOXIA/voxdata/indicvoices/real/hindi_144.wav,0,indicvoices
/Volumes/KIOXIA/voxdata/indicvoices/real/punjabi_139.wav,0,indicvoices
/Volumes/KIOXIA/voxdata/indicvoices/real/telugu_5.wav,0,indicvoices
/Volumes/KIOXIA/voxdata/indicvoices/real/bengali_228.wav,0,indicvoices
/Volumes/KIOXIA/voxdata/indicvoices/real/hindi_150.wav,0,indicvoices
/Volumes/KIOXIA/voxdata/indicvoices/real/malayalam_252.wav,0,indicvoices
/Volumes/KIOXIA/voxdata/indicvoices/real/telugu_318.wav,0,indicvoices
/Volumes/KIOXIA/voxdata/indicvoices/real/hindi_66.wav,0,indicvoices
/Volumes/KIOXIA/voxdata/indicvoices/real/kannada_92.wav,0,indicvoices
/Volumes/KIOXIA/voxdata/indicvoices/real/gujarati_222.wav,0,indicvoices
/Volumes/KIOXIA/voxdata/indicvoices/real/kannada_79.wav,0,indicvoices
/Volumes/KIOXIA/voxdata/indicvoices/real/kannada_256.wav,0,indicvoices
/Volumes/KIOXIA/voxdata/indicvoices/real/assamese_137.wav,0,indicvoices
/Volumes/KIOXIA/voxdata/indicvoices/real/assamese_123.wav,0,indicvoices
/Volumes/KIOXIA/voxdata/indicvoices/real/hindi_1.wav,0,indicvoices
/Volumes/KIOXIA/voxdata/indicvoices/real/malayalam_7.wav,0,indicvoices
/Volumes/KIOXIA/voxdata/indicvoices/real/kannada_242.wav,0,indicvoices
/Volumes/KIOXIA/voxdata/indicvoices/real/hindi_99.wav,0,indicvoices
/Volumes/KIOXIA/voxdata/indicvoices/real/kannada_45.wav,0,indicvoices
/Volumes/KIOXIA/voxdata/indicvoices/real/hindi_187.wav,0,indicvoices
/Volumes/KIOXIA/voxdata/indicvoices/real/malayalam_285.wav,0,indicvoices
/Volumes/KIOXIA/voxdata/indicvoices/real/malayalam_291.wav,0,indicvoices
/Volumes/KIOXIA/voxdata/indicvoices/real/hindi_193.wav,0,indicvoices
/Volumes/KIOXIA/voxdata/indicvoices/real/kannada_51.wav,0,indicvoices
/Volumes/KIOXIA/voxdata/indicvoices/real/telugu_132.wav,0,indicvoices
/Volumes/KIOXIA/voxdata/indicvoices/real/malayalam_65.wav,0,indicvoices
/Volumes/KIOXIA/voxdata/indicvoices/real/marathi_366.wav,0,indicvoices
/Volumes/KIOXIA/voxdata/indicvoices/real/punjabi_307.wav,0,indicvoices
/Volumes/KIOXIA/voxdata/indicvoices/real/tamil_231.wav,0,indicvoices
/Volumes/KIOXIA/voxdata/indicvoices/real/tamil_225.wav,0,indicvoices
/Volumes/KIOXIA/voxdata/indicvoices/real/punjabi_313.wav,0,indicvoices
/Volumes/KIOXIA/voxdata/indicvoices/real/telugu_126.wav,0,indicvoices
/Volumes/KIOXIA/voxdata/indicvoices/real/malayalam_71.wav,0,indicvoices
/Volumes/KIOXIA/voxdata/indicvoices/real/marathi_372.wav,0,indicvoices
/Volumes/KIOXIA/voxdata/indicvoices/real/hindi_346.wav,0,indicvoices
/Volumes/KIOXIA/voxdata/indicvoices/real/malayalam_59.wav,0,indicvoices
/Volumes/KIOXIA/voxdata/indicvoices/real/tamil_219.wav,0,indicvoices
/Volumes/KIOXIA/voxdata/indicvoices/real/hindi_352.wav,0,indicvoices
/Volumes/KIOXIA/voxdata/indicvoices/real/punjabi_20.wav,0,indicvoices
/Volumes/KIOXIA/voxdata/indicvoices/real/assamese_335.wav,0,indicvoices
/Volumes/KIOXIA/voxdata/indicvoices/real/assamese_321.wav,0,indicvoices
/Volumes/KIOXIA/voxdata/indicvoices/real/punjabi_34.wav,0,indicvoices
/Volumes/KIOXIA/voxdata/indicvoices/real/marathi_18.wav,0,indicvoices
/Volumes/KIOXIA/voxdata/indicvoices/real/marathi_399.wav,0,indicvoices
/Volumes/KIOXIA/voxdata/indicvoices/real/assamese_309.wav,0,indicvoices
/Volumes/KIOXIA/voxdata/indicvoices/real/marathi_30.wav,0,indicvoices
/Volumes/KIOXIA/voxdata/indicvoices/real/hindi_385.wav,0,indicvoices
/Volumes/KIOXIA/voxdata/indicvoices/real/marathi_24.wav,0,indicvoices
/Volumes/KIOXIA/voxdata/indicvoices/real/hindi_391.wav,0,indicvoices
/Volumes/KIOXIA/voxdata/indicvoices/real/hindi_390.wav,0,indicvoices
/Volumes/KIOXIA/voxdata/indicvoices/real/marathi_25.wav,0,indicvoices
/Volumes/KIOXIA/voxdata/indicvoices/real/hindi_384.wav,0,indicvoices
/Volumes/KIOXIA/voxdata/indicvoices/real/marathi_31.wav,0,indicvoices
/Volumes/KIOXIA/voxdata/indicvoices/real/assamese_308.wav,0,indicvoices
/Volumes/KIOXIA/voxdata/indicvoices/real/marathi_398.wav,0,indicvoices
/Volumes/KIOXIA/voxdata/indicvoices/real/marathi_19.wav,0,indicvoices
/Volumes/KIOXIA/voxdata/indicvoices/real/assamese_320.wav,0,indicvoices
/Volumes/KIOXIA/voxdata/indicvoices/real/punjabi_35.wav,0,indicvoices
/Volumes/KIOXIA/voxdata/indicvoices/real/punjabi_21.wav,0,indicvoices
/Volumes/KIOXIA/voxdata/indicvoices/real/assamese_334.wav,0,indicvoices
/Volumes/KIOXIA/voxdata/indicvoices/real/tamil_218.wav,0,indicvoices
/Volumes/KIOXIA/voxdata/indicvoices/real/hindi_353.wav,0,indicvoices
/Volumes/KIOXIA/voxdata/indicvoices/real/malayalam_58.wav,0,indicvoices
/Volumes/KIOXIA/voxdata/indicvoices/real/hindi_347.wav,0,indicvoices
/Volumes/KIOXIA/voxdata/indicvoices/real/tamil_224.wav,0,indicvoices
/Volumes/KIOXIA/voxdata/indicvoices/real/marathi_373.wav,0,indicvoices
/Volumes/KIOXIA/voxdata/indicvoices/real/malayalam_70.wav,0,indicvoices
/Volumes/KIOXIA/voxdata/indicvoices/real/telugu_127.wav,0,indicvoices
/Volumes/KIOXIA/voxdata/indicvoices/real/punjabi_312.wav,0,indicvoices
/Volumes/KIOXIA/voxdata/indicvoices/real/punjabi_306.wav,0,indicvoices
/Volumes/KIOXIA/voxdata/indicvoices/real/marathi_367.wav,0,indicvoices
/Volumes/KIOXIA/voxdata/indicvoices/real/malayalam_64.wav,0,indicvoices
/Volumes/KIOXIA/voxdata/indicvoices/real/telugu_133.wav,0,indicvoices
/Volumes/KIOXIA/voxdata/indicvoices/real/tamil_230.wav,0,indicvoices
/Volumes/KIOXIA/voxdata/indicvoices/real/hindi_192.wav,0,indicvoices
/Volumes/KIOXIA/voxdata/indicvoices/real/malayalam_290.wav,0,indicvoices
/Volumes/KIOXIA/voxdata/indicvoices/real/kannada_50.wav,0,indicvoices
/Volumes/KIOXIA/voxdata/indicvoices/real/kannada_44.wav,0,indicvoices
/Volumes/KIOXIA/voxdata/indicvoices/real/malayalam_284.wav,0,indicvoices
/Volumes/KIOXIA/voxdata/indicvoices/real/hindi_186.wav,0,indicvoices
/Volumes/KIOXIA/voxdata/indicvoices/real/malayalam_6.wav,0,indicvoices
/Volumes/KIOXIA/voxdata/indicvoices/real/hindi_0.wav,0,indicvoices
/Volumes/KIOXIA/voxdata/indicvoices/real/assamese_122.wav,0,indicvoices
/Volumes/KIOXIA/voxdata/indicvoices/real/hindi_98.wav,0,indicvoices
/Volumes/KIOXIA/voxdata/indicvoices/real/kannada_243.wav,0,indicvoices
/Volumes/KIOXIA/voxdata/indicvoices/real/kannada_257.wav,0,indicvoices
/Volumes/KIOXIA/voxdata/indicvoices/real/kannada_78.wav,0,indicvoices
/Volumes/KIOXIA/voxdata/indicvoices/real/assamese_136.wav,0,indicvoices
/Volumes/KIOXIA/voxdata/indicvoices/real/telugu_319.wav,0,indicvoices
/Volumes/KIOXIA/voxdata/indicvoices/real/malayalam_253.wav,0,indicvoices
/Volumes/KIOXIA/voxdata/indicvoices/real/hindi_151.wav,0,indicvoices
/Volumes/KIOXIA/voxdata/indicvoices/real/gujarati_223.wav,0,indicvoices
/Volumes/KIOXIA/voxdata/indicvoices/real/kannada_93.wav,0,indicvoices
/Volumes/KIOXIA/voxdata/indicvoices/real/hindi_67.wav,0,indicvoices
/Volumes/KIOXIA/voxdata/indicvoices/real/kannada_87.wav,0,indicvoices
/Volumes/KIOXIA/voxdata/indicvoices/real/hindi_73.wav,0,indicvoices
/Volumes/KIOXIA/voxdata/indicvoices/real/gujarati_237.wav,0,indicvoices
/Volumes/KIOXIA/voxdata/indicvoices/real/bengali_229.wav,0,indicvoices
/Volumes/KIOXIA/voxdata/indicvoices/real/telugu_4.wav,0,indicvoices
/Volumes/KIOXIA/voxdata/indicvoices/real/punjabi_138.wav,0,indicvoices
/Volumes/KIOXIA/voxdata/indicvoices/real/hindi_145.wav,0,indicvoices
/Volumes/KIOXIA/voxdata/indicvoices/real/malayalam_247.wav,0,indicvoices
/Volumes/KIOXIA/voxdata/indicvoices/real/marathi_159.wav,0,indicvoices
/Volumes/KIOXIA/voxdata/indicvoices/real/punjabi_110.wav,0,indicvoices
/Volumes/KIOXIA/voxdata/indicvoices/real/bengali_201.wav,0,indicvoices
/Volumes/KIOXIA/voxdata/indicvoices/real/telugu_325.wav,0,indicvoices
/Volumes/KIOXIA/voxdata/indicvoices/real/marathi_171.wav,0,indicvoices
/Volumes/KIOXIA/voxdata/indicvoices/real/kannada_280.wav,0,indicvoices
/Volumes/KIOXIA/voxdata/indicvoices/real/kannada_294.wav,0,indicvoices
/Volumes/KIOXIA/voxdata/indicvoices/real/telugu_331.wav,0,indicvoices
/Volumes/KIOXIA/voxdata/indicvoices/real/marathi_165.wav,0,indicvoices
/Volumes/KIOXIA/voxdata/indicvoices/real/punjabi_104.wav,0,indicvoices
/Volumes/KIOXIA/voxdata/indicvoices/real/bengali_215.wav,0,indicvoices
/Volumes/KIOXIA/voxdata/indicvoices/real/hindi_179.wav,0,indicvoices
/Volumes/KIOXIA/voxdata/indicvoices/real/gujarati_394.wav,0,indicvoices
/Volumes/KIOXIA/voxdata/indicvoices/real/gujarati_380.wav,0,indicvoices
/Volumes/KIOXIA/voxdata/indicvoices/real/telugu_292.wav,0,indicvoices
/Volumes/KIOXIA/voxdata/indicvoices/real/tamil_191.wav,0,indicvoices
/Volumes/KIOXIA/voxdata/indicvoices/real/kannada_337.wav,0,indicvoices
/Volumes/KIOXIA/voxdata/indicvoices/real/kannada_323.wav,0,indicvoices
/Volumes/KIOXIA/voxdata/indicvoices/real/tamil_185.wav,0,indicvoices
/Volumes/KIOXIA/voxdata/indicvoices/real/telugu_286.wav,0,indicvoices
/Volumes/KIOXIA/voxdata/indicvoices/real/malayalam_327.wav,0,indicvoices
/Volumes/KIOXIA/voxdata/indicvoices/real/bengali_349.wav,0,indicvoices
/Volumes/KIOXIA/voxdata/indicvoices/real/gujarati_357.wav,0,indicvoices
/Volumes/KIOXIA/voxdata/indicvoices/real/gujarati_343.wav,0,indicvoices
/Volumes/KIOXIA/voxdata/indicvoices/real/malayalam_333.wav,0,indicvoices
/Volumes/KIOXIA/voxdata/indicvoices/real/telugu_279.wav,0,indicvoices
/Volumes/KIOXIA/voxdata/indicvoices/real/bengali_375.wav,0,indicvoices
/Volumes/KIOXIA/voxdata/indicvoices/real/telugu_251.wav,0,indicvoices
/Volumes/KIOXIA/voxdata/indicvoices/real/tamil_152.wav,0,indicvoices
/Volumes/KIOXIA/voxdata/indicvoices/real/tamil_146.wav,0,indicvoices
/Volumes/KIOXIA/voxdata/indicvoices/real/telugu_245.wav,0,indicvoices
/Volumes/KIOXIA/voxdata/indicvoices/real/bengali_361.wav,0,indicvoices
/Volumes/KIOXIA/voxdata/indicvoices/real/bengali_65.wav,0,indicvoices
/Volumes/KIOXIA/voxdata/indicvoices/real/gujarati_196.wav,0,indicvoices
/Volumes/KIOXIA/voxdata/indicvoices/real/kannada_109.wav,0,indicvoices
/Volumes/KIOXIA/voxdata/indicvoices/real/telugu_66.wav,0,indicvoices
/Volumes/KIOXIA/voxdata/indicvoices/real/assamese_268.wav,0,indicvoices
/Volumes/KIOXIA/voxdata/indicvoices/real/punjabi_299.wav,0,indicvoices
/Volumes/KIOXIA/voxdata/indicvoices/real/bengali_188.wav,0,indicvoices
/Volumes/KIOXIA/voxdata/indicvoices/real/tamil_48.wav,0,indicvoices
/Volumes/KIOXIA/voxdata/indicvoices/real/telugu_72.wav,0,indicvoices
/Volumes/KIOXIA/voxdata/indicvoices/real/bengali_71.wav,0,indicvoices
/Volumes/KIOXIA/voxdata/indicvoices/real/gujarati_182.wav,0,indicvoices
/Volumes/KIOXIA/voxdata/indicvoices/real/assamese_29.wav,0,indicvoices
/Volumes/KIOXIA/voxdata/indicvoices/real/gujarati_43.wav,0,indicvoices
/Volumes/KIOXIA/voxdata/indicvoices/real/kannada_135.wav,0,indicvoices
/Volumes/KIOXIA/voxdata/indicvoices/real/bengali_59.wav,0,indicvoices
/Volumes/KIOXIA/voxdata/indicvoices/real/tamil_393.wav,0,indicvoices
/Volumes/KIOXIA/voxdata/indicvoices/real/tamil_60.wav,0,indicvoices
/Volumes/KIOXIA/voxdata/indicvoices/real/assamese_254.wav,0,indicvoices
/Volumes/KIOXIA/voxdata/indicvoices/real/tamil_74.wav,0,indicvoices
/Volumes/KIOXIA/voxdata/indicvoices/real/assamese_240.wav,0,indicvoices
/Volumes/KIOXIA/voxdata/indicvoices/real/tamil_387.wav,0,indicvoices
/Volumes/KIOXIA/voxdata/indicvoices/real/assamese_15.wav,0,indicvoices
/Volumes/KIOXIA/voxdata/indicvoices/real/kannada_121.wav,0,indicvoices
/Volumes/KIOXIA/voxdata/indicvoices/real/gujarati_57.wav,0,indicvoices
/Volumes/KIOXIA/voxdata/indicvoices/real/gujarati_155.wav,0,indicvoices
/Volumes/KIOXIA/voxdata/indicvoices/real/hindi_227.wav,0,indicvoices
/Volumes/KIOXIA/voxdata/indicvoices/real/malayalam_125.wav,0,indicvoices
/Volumes/KIOXIA/voxdata/indicvoices/real/malayalam_131.wav,0,indicvoices
/Volumes/KIOXIA/voxdata/indicvoices/real/hindi_233.wav,0,indicvoices
/Volumes/KIOXIA/voxdata/indicvoices/real/tamil_378.wav,0,indicvoices
/Volumes/KIOXIA/voxdata/indicvoices/real/gujarati_141.wav,0,indicvoices
/Volumes/KIOXIA/voxdata/indicvoices/real/gujarati_169.wav,0,indicvoices
/Volumes/KIOXIA/voxdata/indicvoices/real/tamil_350.wav,0,indicvoices
/Volumes/KIOXIA/voxdata/indicvoices/real/telugu_99.wav,0,indicvoices
/Volumes/KIOXIA/voxdata/indicvoices/real/gujarati_80.wav,0,indicvoices
/Volumes/KIOXIA/voxdata/indicvoices/real/assamese_297.wav,0,indicvoices
/Volumes/KIOXIA/voxdata/indicvoices/real/marathi_207.wav,0,indicvoices
/Volumes/KIOXIA/voxdata/indicvoices/real/malayalam_119.wav,0,indicvoices
/Volumes/KIOXIA/voxdata/indicvoices/real/bengali_177.wav,0,indicvoices
/Volumes/KIOXIA/voxdata/indicvoices/real/punjabi_266.wav,0,indicvoices
/Volumes/KIOXIA/voxdata/indicvoices/real/bengali_163.wav,0,indicvoices
/Volumes/KIOXIA/voxdata/indicvoices/real/punjabi_272.wav,0,indicvoices
/Volumes/KIOXIA/voxdata/indicvoices/real/assamese_283.wav,0,indicvoices
/Volumes/KIOXIA/voxdata/indicvoices/real/marathi_213.wav,0,indicvoices
/Volumes/KIOXIA/voxdata/indicvoices/real/gujarati_94.wav,0,indicvoices
/Volumes/KIOXIA/voxdata/indicvoices/real/tamil_344.wav,0,indicvoices
/Volumes/KIOXIA/voxdata/indicvoices/real/malayalam_156.wav,0,indicvoices
/Volumes/KIOXIA/voxdata/indicvoices/real/marathi_248.wav,0,indicvoices
/Volumes/KIOXIA/voxdata/indicvoices/real/punjabi_229.wav,0,indicvoices
/Volumes/KIOXIA/voxdata/indicvoices/real/bengali_138.wav,0,indicvoices
/Volumes/KIOXIA/voxdata/indicvoices/real/hindi_254.wav,0,indicvoices
/Volumes/KIOXIA/voxdata/indicvoices/real/gujarati_126.wav,0,indicvoices
/Volumes/KIOXIA/voxdata/indicvoices/real/gujarati_132.wav,0,indicvoices
/Volumes/KIOXIA/voxdata/indicvoices/real/assamese_99.wav,0,indicvoices
/Volumes/KIOXIA/voxdata/indicvoices/real/hindi_240.wav,0,indicvoices
/Volumes/KIOXIA/voxdata/indicvoices/real/malayalam_142.wav,0,indicvoices
/Volumes/KIOXIA/voxdata/indicvoices/real/bengali_104.wav,0,indicvoices
/Volumes/KIOXIA/voxdata/indicvoices/real/punjabi_215.wav,0,indicvoices
/Volumes/KIOXIA/voxdata/indicvoices/real/hindi_268.wav,0,indicvoices
/Volumes/KIOXIA/voxdata/indicvoices/real/marathi_274.wav,0,indicvoices
/Volumes/KIOXIA/voxdata/indicvoices/real/kannada_185.wav,0,indicvoices
/Volumes/KIOXIA/voxdata/indicvoices/real/tamil_323.wav,0,indicvoices
/Volumes/KIOXIA/voxdata/indicvoices/real/tamil_337.wav,0,indicvoices
/Volumes/KIOXIA/voxdata/indicvoices/real/kannada_191.wav,0,indicvoices
/Volumes/KIOXIA/voxdata/indicvoices/real/marathi_260.wav,0,indicvoices
/Volumes/KIOXIA/voxdata/indicvoices/real/bengali_110.wav,0,indicvoices
/Volumes/KIOXIA/voxdata/indicvoices/real/punjabi_201.wav,0,indicvoices
/Volumes/KIOXIA/voxdata/indicvoices/real/hindi_297.wav,0,indicvoices
/Volumes/KIOXIA/voxdata/indicvoices/real/malayalam_195.wav,0,indicvoices
/Volumes/KIOXIA/voxdata/indicvoices/real/telugu_15.wav,0,indicvoices
/Volumes/KIOXIA/voxdata/indicvoices/real/bengali_16.wav,0,indicvoices
/Volumes/KIOXIA/voxdata/indicvoices/real/gujarati_18.wav,0,indicvoices
/Volumes/KIOXIA/voxdata/indicvoices/real/malayalam_181.wav,0,indicvoices
/Volumes/KIOXIA/voxdata/indicvoices/real/hindi_283.wav,0,indicvoices
/Volumes/KIOXIA/voxdata/indicvoices/real/assamese_227.wav,0,indicvoices
/Volumes/KIOXIA/voxdata/indicvoices/real/tamil_13.wav,0,indicvoices
/Volumes/KIOXIA/voxdata/indicvoices/real/assamese_72.wav,0,indicvoices
/Volumes/KIOXIA/voxdata/indicvoices/real/telugu_29.wav,0,indicvoices
/Volumes/KIOXIA/voxdata/indicvoices/real/kannada_146.wav,0,indicvoices
/Volumes/KIOXIA/voxdata/indicvoices/real/gujarati_30.wav,0,indicvoices
/Volumes/KIOXIA/voxdata/indicvoices/real/gujarati_24.wav,0,indicvoices
/Volumes/KIOXIA/voxdata/indicvoices/real/kannada_152.wav,0,indicvoices
/Volumes/KIOXIA/voxdata/indicvoices/real/assamese_66.wav,0,indicvoices
/Volumes/KIOXIA/voxdata/indicvoices/real/assamese_233.wav,0,indicvoices
/Volumes/KIOXIA/voxdata/indicvoices/real/gujarati_324.wav,0,indicvoices
/Volumes/KIOXIA/voxdata/indicvoices/real/malayalam_354.wav,0,indicvoices
/Volumes/KIOXIA/voxdata/indicvoices/real/malayalam_340.wav,0,indicvoices
/Volumes/KIOXIA/voxdata/indicvoices/real/gujarati_330.wav,0,indicvoices
/Volumes/KIOXIA/voxdata/indicvoices/real/tamil_109.wav,0,indicvoices
/Volumes/KIOXIA/voxdata/indicvoices/real/tamil_121.wav,0,indicvoices
/Volumes/KIOXIA/voxdata/indicvoices/real/gujarati_318.wav,0,indicvoices
/Volumes/KIOXIA/voxdata/indicvoices/real/kannada_387.wav,0,indicvoices
/Volumes/KIOXIA/voxdata/indicvoices/real/telugu_222.wav,0,indicvoices
/Volumes/KIOXIA/voxdata/indicvoices/real/malayalam_368.wav,0,indicvoices
/Volumes/KIOXIA/voxdata/indicvoices/real/bengali_306.wav,0,indicvoices
/Volumes/KIOXIA/voxdata/indicvoices/real/bengali_312.wav,0,indicvoices
/Volumes/KIOXIA/voxdata/indicvoices/real/telugu_236.wav,0,indicvoices
/Volumes/KIOXIA/voxdata/indicvoices/real/kannada_393.wav,0,indicvoices
/Volumes/KIOXIA/voxdata/indicvoices/real/tamil_135.wav,0,indicvoices
/Volumes/KIOXIA/voxdata/indicvoices/real/kannada_378.wav,0,indicvoices
/Volumes/KIOXIA/voxdata/indicvoices/real/malayalam_397.wav,0,indicvoices
/Volumes/KIOXIA/voxdata/indicvoices/real/tamil_9.wav,0,indicvoices
/Volumes/KIOXIA/voxdata/indicvoices/real/malayalam_383.wav,0,indicvoices
/Volumes/KIOXIA/voxdata/indicvoices/real/kannada_344.wav,0,indicvoices
/Volumes/KIOXIA/voxdata/indicvoices/real/kannada_1.wav,0,indicvoices
/Volumes/KIOXIA/voxdata/indicvoices/real/kannada_350.wav,0,indicvoices
/Volumes/KIOXIA/voxdata/indicvoices/real/hindi_14.wav,0,indicvoices
/Volumes/KIOXIA/voxdata/indicvoices/real/gujarati_250.wav,0,indicvoices
/Volumes/KIOXIA/voxdata/indicvoices/real/hindi_122.wav,0,indicvoices
/Volumes/KIOXIA/voxdata/indicvoices/real/malayalam_220.wav,0,indicvoices
/Volumes/KIOXIA/voxdata/indicvoices/real/malayalam_234.wav,0,indicvoices
/Volumes/KIOXIA/voxdata/indicvoices/real/hindi_136.wav,0,indicvoices
/Volumes/KIOXIA/voxdata/indicvoices/real/gujarati_244.wav,0,indicvoices
/Volumes/KIOXIA/voxdata/indicvoices/real/hindi_28.wav,0,indicvoices
/Volumes/KIOXIA/voxdata/indicvoices/real/marathi_102.wav,0,indicvoices
/Volumes/KIOXIA/voxdata/indicvoices/real/telugu_356.wav,0,indicvoices
/Volumes/KIOXIA/voxdata/indicvoices/real/assamese_192.wav,0,indicvoices
/Volumes/KIOXIA/voxdata/indicvoices/real/punjabi_163.wav,0,indicvoices
/Volumes/KIOXIA/voxdata/indicvoices/real/bengali_272.wav,0,indicvoices
/Volumes/KIOXIA/voxdata/indicvoices/real/punjabi_177.wav,0,indicvoices
/Volumes/KIOXIA/voxdata/indicvoices/real/bengali_266.wav,0,indicvoices
/Volumes/KIOXIA/voxdata/indicvoices/real/marathi_116.wav,0,indicvoices
/Volumes/KIOXIA/voxdata/indicvoices/real/malayalam_208.wav,0,indicvoices
/Volumes/KIOXIA/voxdata/indicvoices/real/telugu_342.wav,0,indicvoices
/Volumes/KIOXIA/voxdata/indicvoices/real/assamese_186.wav,0,indicvoices
/Volumes/KIOXIA/voxdata/indicvoices/real/gujarati_278.wav,0,indicvoices
/Volumes/KIOXIA/voxdata/indicvoices/real/gujarati_293.wav,0,indicvoices
/Volumes/KIOXIA/voxdata/indicvoices/real/kannada_23.wav,0,indicvoices
/Volumes/KIOXIA/voxdata/indicvoices/real/bengali_299.wav,0,indicvoices
/Volumes/KIOXIA/voxdata/indicvoices/real/punjabi_188.wav,0,indicvoices
/Volumes/KIOXIA/voxdata/indicvoices/real/gujarati_3.wav,0,indicvoices
/Volumes/KIOXIA/voxdata/indicvoices/real/assamese_179.wav,0,indicvoices
/Volumes/KIOXIA/voxdata/indicvoices/real/kannada_37.wav,0,indicvoices
/Volumes/KIOXIA/voxdata/indicvoices/real/kannada_218.wav,0,indicvoices
/Volumes/KIOXIA/voxdata/indicvoices/real/gujarati_287.wav,0,indicvoices
/Volumes/KIOXIA/voxdata/indicvoices/real/kannada_230.wav,0,indicvoices
/Volumes/KIOXIA/voxdata/indicvoices/real/telugu_395.wav,0,indicvoices
/Volumes/KIOXIA/voxdata/indicvoices/real/assamese_151.wav,0,indicvoices
/Volumes/KIOXIA/voxdata/indicvoices/real/telugu_381.wav,0,indicvoices
/Volumes/KIOXIA/voxdata/indicvoices/real/assamese_145.wav,0,indicvoices
/Volumes/KIOXIA/voxdata/indicvoices/real/kannada_224.wav,0,indicvoices
/Volumes/KIOXIA/voxdata/indicvoices/real/telugu_168.wav,0,indicvoices
/Volumes/KIOXIA/voxdata/indicvoices/real/hindi_320.wav,0,indicvoices
/Volumes/KIOXIA/voxdata/indicvoices/real/marathi_95.wav,0,indicvoices
/Volumes/KIOXIA/voxdata/indicvoices/real/hindi_334.wav,0,indicvoices
/Volumes/KIOXIA/voxdata/indicvoices/real/marathi_81.wav,0,indicvoices
/Volumes/KIOXIA/voxdata/indicvoices/real/punjabi_349.wav,0,indicvoices
/Volumes/KIOXIA/voxdata/indicvoices/real/assamese_8.wav,0,indicvoices
/Volumes/KIOXIA/voxdata/indicvoices/real/marathi_328.wav,0,indicvoices
/Volumes/KIOXIA/voxdata/indicvoices/real/punjabi_361.wav,0,indicvoices
/Volumes/KIOXIA/voxdata/indicvoices/real/assamese_390.wav,0,indicvoices
/Volumes/KIOXIA/voxdata/indicvoices/real/punjabi_85.wav,0,indicvoices
/Volumes/KIOXIA/voxdata/indicvoices/real/telugu_154.wav,0,indicvoices
/Volumes/KIOXIA/voxdata/indicvoices/real/marathi_300.wav,0,indicvoices
/Volumes/KIOXIA/voxdata/indicvoices/real/tamil_257.wav,0,indicvoices
/Volumes/KIOXIA/voxdata/indicvoices/real/tamil_243.wav,0,indicvoices
/Volumes/KIOXIA/voxdata/indicvoices/real/punjabi_91.wav,0,indicvoices
/Volumes/KIOXIA/voxdata/indicvoices/real/assamese_384.wav,0,indicvoices
/Volumes/KIOXIA/voxdata/indicvoices/real/telugu_140.wav,0,indicvoices
/Volumes/KIOXIA/voxdata/indicvoices/real/malayalam_17.wav,0,indicvoices
/Volumes/KIOXIA/voxdata/indicvoices/real/marathi_314.wav,0,indicvoices
/Volumes/KIOXIA/voxdata/indicvoices/real/hindi_308.wav,0,indicvoices
/Volumes/KIOXIA/voxdata/indicvoices/real/punjabi_375.wav,0,indicvoices
/Volumes/KIOXIA/voxdata/indicvoices/real/marathi_56.wav,0,indicvoices
/Volumes/KIOXIA/voxdata/indicvoices/real/marathi_42.wav,0,indicvoices
/Volumes/KIOXIA/voxdata/indicvoices/real/punjabi_46.wav,0,indicvoices
/Volumes/KIOXIA/voxdata/indicvoices/real/assamese_353.wav,0,indicvoices
/Volumes/KIOXIA/voxdata/indicvoices/real/telugu_197.wav,0,indicvoices
/Volumes/KIOXIA/voxdata/indicvoices/real/tamil_294.wav,0,indicvoices
/Volumes/KIOXIA/voxdata/indicvoices/real/tamil_280.wav,0,indicvoices
/Volumes/KIOXIA/voxdata/indicvoices/real/assamese_347.wav,0,indicvoices
/Volumes/KIOXIA/voxdata/indicvoices/real/punjabi_52.wav,0,indicvoices
/Volumes/KIOXIA/voxdata/indicvoices/real/telugu_183.wav,0,indicvoices
/Volumes/KIOXIA/voxdata/indicvoices/real/tamil_281.wav,0,indicvoices
/Volumes/KIOXIA/voxdata/indicvoices/real/telugu_182.wav,0,indicvoices
/Volumes/KIOXIA/voxdata/indicvoices/real/assamese_346.wav,0,indicvoices
/Volumes/KIOXIA/voxdata/indicvoices/real/punjabi_53.wav,0,indicvoices
/Volumes/KIOXIA/voxdata/indicvoices/real/telugu_196.wav,0,indicvoices
/Volumes/KIOXIA/voxdata/indicvoices/real/punjabi_47.wav,0,indicvoices
/Volumes/KIOXIA/voxdata/indicvoices/real/assamese_352.wav,0,indicvoices
/Volumes/KIOXIA/voxdata/indicvoices/real/tamil_295.wav,0,indicvoices
/Volumes/KIOXIA/voxdata/indicvoices/real/marathi_43.wav,0,indicvoices
/Volumes/KIOXIA/voxdata/indicvoices/real/marathi_57.wav,0,indicvoices
/Volumes/KIOXIA/voxdata/indicvoices/real/tamil_242.wav,0,indicvoices
/Volumes/KIOXIA/voxdata/indicvoices/real/punjabi_374.wav,0,indicvoices
/Volumes/KIOXIA/voxdata/indicvoices/real/hindi_309.wav,0,indicvoices
/Volumes/KIOXIA/voxdata/indicvoices/real/marathi_315.wav,0,indicvoices
/Volumes/KIOXIA/voxdata/indicvoices/real/malayalam_16.wav,0,indicvoices
/Volumes/KIOXIA/voxdata/indicvoices/real/telugu_141.wav,0,indicvoices
/Volumes/KIOXIA/voxdata/indicvoices/real/punjabi_90.wav,0,indicvoices
/Volumes/KIOXIA/voxdata/indicvoices/real/assamese_385.wav,0,indicvoices
/Volumes/KIOXIA/voxdata/indicvoices/real/marathi_301.wav,0,indicvoices
/Volumes/KIOXIA/voxdata/indicvoices/real/telugu_155.wav,0,indicvoices
/Volumes/KIOXIA/voxdata/indicvoices/real/assamese_391.wav,0,indicvoices
/Volumes/KIOXIA/voxdata/indicvoices/real/punjabi_84.wav,0,indicvoices
/Volumes/KIOXIA/voxdata/indicvoices/real/punjabi_360.wav,0,indicvoices
/Volumes/KIOXIA/voxdata/indicvoices/real/tamil_256.wav,0,indicvoices
/Volumes/KIOXIA/voxdata/indicvoices/real/marathi_329.wav,0,indicvoices
/Volumes/KIOXIA/voxdata/indicvoices/real/punjabi_348.wav,0,indicvoices
/Volumes/KIOXIA/voxdata/indicvoices/real/assamese_9.wav,0,indicvoices
/Volumes/KIOXIA/voxdata/indicvoices/real/marathi_80.wav,0,indicvoices
/Volumes/KIOXIA/voxdata/indicvoices/real/hindi_335.wav,0,indicvoices
/Volumes/KIOXIA/voxdata/indicvoices/real/marathi_94.wav,0,indicvoices
/Volumes/KIOXIA/voxdata/indicvoices/real/hindi_321.wav,0,indicvoices
/Volumes/KIOXIA/voxdata/indicvoices/real/telugu_169.wav,0,indicvoices
/Volumes/KIOXIA/voxdata/indicvoices/real/assamese_144.wav,0,indicvoices
/Volumes/KIOXIA/voxdata/indicvoices/real/telugu_380.wav,0,indicvoices
/Volumes/KIOXIA/voxdata/indicvoices/real/kannada_225.wav,0,indicvoices
/Volumes/KIOXIA/voxdata/indicvoices/real/kannada_231.wav,0,indicvoices
/Volumes/KIOXIA/voxdata/indicvoices/real/assamese_150.wav,0,indicvoices
/Volumes/KIOXIA/voxdata/indicvoices/real/telugu_394.wav,0,indicvoices
/Volumes/KIOXIA/voxdata/indicvoices/real/assamese_178.wav,0,indicvoices
/Volumes/KIOXIA/voxdata/indicvoices/real/gujarati_2.wav,0,indicvoices
/Volumes/KIOXIA/voxdata/indicvoices/real/punjabi_189.wav,0,indicvoices
/Volumes/KIOXIA/voxdata/indicvoices/real/bengali_298.wav,0,indicvoices
/Volumes/KIOXIA/voxdata/indicvoices/real/gujarati_286.wav,0,indicvoices
/Volumes/KIOXIA/voxdata/indicvoices/real/kannada_219.wav,0,indicvoices
/Volumes/KIOXIA/voxdata/indicvoices/real/kannada_36.wav,0,indicvoices
/Volumes/KIOXIA/voxdata/indicvoices/real/kannada_22.wav,0,indicvoices
/Volumes/KIOXIA/voxdata/indicvoices/real/gujarati_292.wav,0,indicvoices
/Volumes/KIOXIA/voxdata/indicvoices/real/assamese_187.wav,0,indicvoices
/Volumes/KIOXIA/voxdata/indicvoices/real/telugu_343.wav,0,indicvoices
/Volumes/KIOXIA/voxdata/indicvoices/real/marathi_117.wav,0,indicvoices
/Volumes/KIOXIA/voxdata/indicvoices/real/malayalam_209.wav,0,indicvoices
/Volumes/KIOXIA/voxdata/indicvoices/real/bengali_267.wav,0,indicvoices
/Volumes/KIOXIA/voxdata/indicvoices/real/punjabi_176.wav,0,indicvoices
/Volumes/KIOXIA/voxdata/indicvoices/real/gujarati_279.wav,0,indicvoices
/Volumes/KIOXIA/voxdata/indicvoices/real/hindi_29.wav,0,indicvoices
/Volumes/KIOXIA/voxdata/indicvoices/real/bengali_273.wav,0,indicvoices
/Volumes/KIOXIA/voxdata/indicvoices/real/punjabi_162.wav,0,indicvoices
/Volumes/KIOXIA/voxdata/indicvoices/real/assamese_193.wav,0,indicvoices
/Volumes/KIOXIA/voxdata/indicvoices/real/telugu_357.wav,0,indicvoices
/Volumes/KIOXIA/voxdata/indicvoices/real/marathi_103.wav,0,indicvoices
/Volumes/KIOXIA/voxdata/indicvoices/real/hindi_137.wav,0,indicvoices
/Volumes/KIOXIA/voxdata/indicvoices/real/malayalam_235.wav,0,indicvoices
/Volumes/KIOXIA/voxdata/indicvoices/real/gujarati_245.wav,0,indicvoices
/Volumes/KIOXIA/voxdata/indicvoices/real/gujarati_251.wav,0,indicvoices
/Volumes/KIOXIA/voxdata/indicvoices/real/hindi_15.wav,0,indicvoices
/Volumes/KIOXIA/voxdata/indicvoices/real/malayalam_221.wav,0,indicvoices
/Volumes/KIOXIA/voxdata/indicvoices/real/hindi_123.wav,0,indicvoices
/Volumes/KIOXIA/voxdata/indicvoices/real/kannada_351.wav,0,indicvoices
/Volumes/KIOXIA/voxdata/indicvoices/real/kannada_0.wav,0,indicvoices
/Volumes/KIOXIA/voxdata/indicvoices/real/kannada_345.wav,0,indicvoices
/Volumes/KIOXIA/voxdata/indicvoices/real/malayalam_382.wav,0,indicvoices
/Volumes/KIOXIA/voxdata/indicvoices/real/kannada_379.wav,0,indicvoices
/Volumes/KIOXIA/voxdata/indicvoices/real/tamil_8.wav,0,indicvoices
/Volumes/KIOXIA/voxdata/indicvoices/real/malayalam_396.wav,0,indicvoices
/Volumes/KIOXIA/voxdata/indicvoices/real/telugu_237.wav,0,indicvoices
/Volumes/KIOXIA/voxdata/indicvoices/real/bengali_313.wav,0,indicvoices
/Volumes/KIOXIA/voxdata/indicvoices/real/tamil_134.wav,0,indicvoices
/Volumes/KIOXIA/voxdata/indicvoices/real/kannada_392.wav,0,indicvoices
/Volumes/KIOXIA/voxdata/indicvoices/real/kannada_386.wav,0,indicvoices
/Volumes/KIOXIA/voxdata/indicvoices/real/gujarati_319.wav,0,indicvoices
/Volumes/KIOXIA/voxdata/indicvoices/real/tamil_120.wav,0,indicvoices
/Volumes/KIOXIA/voxdata/indicvoices/real/bengali_307.wav,0,indicvoices
/Volumes/KIOXIA/voxdata/indicvoices/real/malayalam_369.wav,0,indicvoices
/Volumes/KIOXIA/voxdata/indicvoices/real/telugu_223.wav,0,indicvoices
/Volumes/KIOXIA/voxdata/indicvoices/real/malayalam_341.wav,0,indicvoices
/Volumes/KIOXIA/voxdata/indicvoices/real/tamil_108.wav,0,indicvoices
/Volumes/KIOXIA/voxdata/indicvoices/real/gujarati_331.wav,0,indicvoices
/Volumes/KIOXIA/voxdata/indicvoices/real/gujarati_325.wav,0,indicvoices
/Volumes/KIOXIA/voxdata/indicvoices/real/malayalam_355.wav,0,indicvoices
/Volumes/KIOXIA/voxdata/indicvoices/real/assamese_67.wav,0,indicvoices
/Volumes/KIOXIA/voxdata/indicvoices/real/kannada_153.wav,0,indicvoices
/Volumes/KIOXIA/voxdata/indicvoices/real/gujarati_25.wav,0,indicvoices
/Volumes/KIOXIA/voxdata/indicvoices/real/assamese_232.wav,0,indicvoices
/Volumes/KIOXIA/voxdata/indicvoices/real/tamil_12.wav,0,indicvoices
/Volumes/KIOXIA/voxdata/indicvoices/real/assamese_226.wav,0,indicvoices
/Volumes/KIOXIA/voxdata/indicvoices/real/gujarati_31.wav,0,indicvoices
/Volumes/KIOXIA/voxdata/indicvoices/real/kannada_147.wav,0,indicvoices
/Volumes/KIOXIA/voxdata/indicvoices/real/telugu_28.wav,0,indicvoices
/Volumes/KIOXIA/voxdata/indicvoices/real/assamese_73.wav,0,indicvoices
/Volumes/KIOXIA/voxdata/indicvoices/real/gujarati_19.wav,0,indicvoices
/Volumes/KIOXIA/voxdata/indicvoices/real/hindi_282.wav,0,indicvoices
/Volumes/KIOXIA/voxdata/indicvoices/real/malayalam_180.wav,0,indicvoices
/Volumes/KIOXIA/voxdata/indicvoices/real/malayalam_194.wav,0,indicvoices
/Volumes/KIOXIA/voxdata/indicvoices/real/hindi_296.wav,0,indicvoices
/Volumes/KIOXIA/voxdata/indicvoices/real/bengali_17.wav,0,indicvoices
/Volumes/KIOXIA/voxdata/indicvoices/real/telugu_14.wav,0,indicvoices
/Volumes/KIOXIA/voxdata/indicvoices/real/kannada_190.wav,0,indicvoices
/Volumes/KIOXIA/voxdata/indicvoices/real/tamil_336.wav,0,indicvoices
/Volumes/KIOXIA/voxdata/indicvoices/real/punjabi_200.wav,0,indicvoices
/Volumes/KIOXIA/voxdata/indicvoices/real/bengali_111.wav,0,indicvoices
/Volumes/KIOXIA/voxdata/indicvoices/real/marathi_261.wav,0,indicvoices
/Volumes/KIOXIA/voxdata/indicvoices/real/marathi_275.wav,0,indicvoices
/Volumes/KIOXIA/voxdata/indicvoices/real/hindi_269.wav,0,indicvoices
/Volumes/KIOXIA/voxdata/indicvoices/real/punjabi_214.wav,0,indicvoices
/Volumes/KIOXIA/voxdata/indicvoices/real/bengali_105.wav,0,indicvoices
/Volumes/KIOXIA/voxdata/indicvoices/real/tamil_322.wav,0,indicvoices
/Volumes/KIOXIA/voxdata/indicvoices/real/kannada_184.wav,0,indicvoices
/Volumes/KIOXIA/voxdata/indicvoices/real/assamese_98.wav,0,indicvoices
/Volumes/KIOXIA/voxdata/indicvoices/real/gujarati_133.wav,0,indicvoices
/Volumes/KIOXIA/voxdata/indicvoices/real/malayalam_143.wav,0,indicvoices
/Volumes/KIOXIA/voxdata/indicvoices/real/hindi_241.wav,0,indicvoices
/Volumes/KIOXIA/voxdata/indicvoices/real/hindi_255.wav,0,indicvoices
/Volumes/KIOXIA/voxdata/indicvoices/real/bengali_139.wav,0,indicvoices
/Volumes/KIOXIA/voxdata/indicvoices/real/punjabi_228.wav,0,indicvoices
/Volumes/KIOXIA/voxdata/indicvoices/real/malayalam_157.wav,0,indicvoices
/Volumes/KIOXIA/voxdata/indicvoices/real/marathi_249.wav,0,indicvoices
/Volumes/KIOXIA/voxdata/indicvoices/real/gujarati_127.wav,0,indicvoices
/Volumes/KIOXIA/voxdata/indicvoices/real/hindi_243.wav,0,indicvoices
/Volumes/KIOXIA/voxdata/indicvoices/real/malayalam_141.wav,0,indicvoices
/Volumes/KIOXIA/voxdata/indicvoices/real/gujarati_131.wav,0,indicvoices
/Volumes/KIOXIA/voxdata/indicvoices/real/tamil_308.wav,0,indicvoices
/Volumes/KIOXIA/voxdata/indicvoices/real/gujarati_125.wav,0,indicvoices
/Volumes/KIOXIA/voxdata/indicvoices/real/malayalam_155.wav,0,indicvoices
/Volumes/KIOXIA/voxdata/indicvoices/real/hindi_257.wav,0,indicvoices
/Volumes/KIOXIA/voxdata/indicvoices/real/marathi_263.wav,0,indicvoices
/Volumes/KIOXIA/voxdata/indicvoices/real/punjabi_202.wav,0,indicvoices
/Volumes/KIOXIA/voxdata/indicvoices/real/bengali_113.wav,0,indicvoices
/Volumes/KIOXIA/voxdata/indicvoices/real/tamil_334.wav,0,indicvoices
/Volumes/KIOXIA/voxdata/indicvoices/real/kannada_192.wav,0,indicvoices
/Volumes/KIOXIA/voxdata/indicvoices/real/kannada_186.wav,0,indicvoices
/Volumes/KIOXIA/voxdata/indicvoices/real/tamil_320.wav,0,indicvoices
/Volumes/KIOXIA/voxdata/indicvoices/real/gujarati_119.wav,0,indicvoices
/Volumes/KIOXIA/voxdata/indicvoices/real/punjabi_216.wav,0,indicvoices
/Volumes/KIOXIA/voxdata/indicvoices/real/bengali_107.wav,0,indicvoices
/Volumes/KIOXIA/voxdata/indicvoices/real/marathi_277.wav,0,indicvoices
/Volumes/KIOXIA/voxdata/indicvoices/real/malayalam_169.wav,0,indicvoices
/Volumes/KIOXIA/voxdata/indicvoices/real/malayalam_182.wav,0,indicvoices
/Volumes/KIOXIA/voxdata/indicvoices/real/tamil_38.wav,0,indicvoices
/Volumes/KIOXIA/voxdata/indicvoices/real/hindi_280.wav,0,indicvoices
/Volumes/KIOXIA/voxdata/indicvoices/real/assamese_59.wav,0,indicvoices
/Volumes/KIOXIA/voxdata/indicvoices/real/telugu_16.wav,0,indicvoices
/Volumes/KIOXIA/voxdata/indicvoices/real/kannada_179.wav,0,indicvoices
/Volumes/KIOXIA/voxdata/indicvoices/real/bengali_15.wav,0,indicvoices
/Volumes/KIOXIA/voxdata/indicvoices/real/hindi_294.wav,0,indicvoices
/Volumes/KIOXIA/voxdata/indicvoices/real/assamese_218.wav,0,indicvoices
/Volumes/KIOXIA/voxdata/indicvoices/real/malayalam_196.wav,0,indicvoices
/Volumes/KIOXIA/voxdata/indicvoices/real/marathi_288.wav,0,indicvoices
/Volumes/KIOXIA/voxdata/indicvoices/real/assamese_230.wav,0,indicvoices
/Volumes/KIOXIA/voxdata/indicvoices/real/gujarati_27.wav,0,indicvoices
/Volumes/KIOXIA/voxdata/indicvoices/real/kannada_151.wav,0,indicvoices
/Volumes/KIOXIA/voxdata/indicvoices/real/assamese_65.wav,0,indicvoices
/Volumes/KIOXIA/voxdata/indicvoices/real/assamese_71.wav,0,indicvoices
/Volumes/KIOXIA/voxdata/indicvoices/real/bengali_29.wav,0,indicvoices
/Volumes/KIOXIA/voxdata/indicvoices/real/kannada_145.wav,0,indicvoices
/Volumes/KIOXIA/voxdata/indicvoices/real/gujarati_33.wav,0,indicvoices
/Volumes/KIOXIA/voxdata/indicvoices/real/assamese_224.wav,0,indicvoices
/Volumes/KIOXIA/voxdata/indicvoices/real/tamil_10.wav,0,indicvoices
/Volumes/KIOXIA/voxdata/indicvoices/real/gujarati_333.wav,0,indicvoices
/Volumes/KIOXIA/voxdata/indicvoices/real/telugu_209.wav,0,indicvoices
/Volumes/KIOXIA/voxdata/indicvoices/real/malayalam_343.wav,0,indicvoices
/Volumes/KIOXIA/voxdata/indicvoices/real/bengali_339.wav,0,indicvoices
/Volumes/KIOXIA/voxdata/indicvoices/real/malayalam_357.wav,0,indicvoices
/Volumes/KIOXIA/voxdata/indicvoices/real/gujarati_327.wav,0,indicvoices
/Volumes/KIOXIA/voxdata/indicvoices/real/kannada_390.wav,0,indicvoices
/Volumes/KIOXIA/voxdata/indicvoices/real/tamil_136.wav,0,indicvoices
/Volumes/KIOXIA/voxdata/indicvoices/real/bengali_311.wav,0,indicvoices
/Volumes/KIOXIA/voxdata/indicvoices/real/telugu_235.wav,0,indicvoices
/Volumes/KIOXIA/voxdata/indicvoices/real/telugu_221.wav,0,indicvoices
/Volumes/KIOXIA/voxdata/indicvoices/real/bengali_305.wav,0,indicvoices
/Volumes/KIOXIA/voxdata/indicvoices/real/tamil_122.wav,0,indicvoices
/Volumes/KIOXIA/voxdata/indicvoices/real/kannada_384.wav,0,indicvoices
/Volumes/KIOXIA/voxdata/indicvoices/real/malayalam_380.wav,0,indicvoices
/Volumes/KIOXIA/voxdata/indicvoices/real/malayalam_394.wav,0,indicvoices
/Volumes/KIOXIA/voxdata/indicvoices/real/kannada_353.wav,0,indicvoices
/Volumes/KIOXIA/voxdata/indicvoices/real/kannada_347.wav,0,indicvoices
/Volumes/KIOXIA/voxdata/indicvoices/real/kannada_2.wav,0,indicvoices
/Volumes/KIOXIA/voxdata/indicvoices/real/gujarati_247.wav,0,indicvoices
/Volumes/KIOXIA/voxdata/indicvoices/real/malayalam_237.wav,0,indicvoices
/Volumes/KIOXIA/voxdata/indicvoices/real/marathi_129.wav,0,indicvoices
/Volumes/KIOXIA/voxdata/indicvoices/real/punjabi_148.wav,0,indicvoices
/Volumes/KIOXIA/voxdata/indicvoices/real/bengali_259.wav,0,indicvoices
/Volumes/KIOXIA/voxdata/indicvoices/real/hindi_135.wav,0,indicvoices
/Volumes/KIOXIA/voxdata/indicvoices/real/hindi_121.wav,0,indicvoices
/Volumes/KIOXIA/voxdata/indicvoices/real/malayalam_223.wav,0,indicvoices
/Volumes/KIOXIA/voxdata/indicvoices/real/telugu_369.wav,0,indicvoices
/Volumes/KIOXIA/voxdata/indicvoices/real/hindi_17.wav,0,indicvoices
/Volumes/KIOXIA/voxdata/indicvoices/real/gujarati_253.wav,0,indicvoices
/Volumes/KIOXIA/voxdata/indicvoices/real/bengali_265.wav,0,indicvoices
/Volumes/KIOXIA/voxdata/indicvoices/real/punjabi_174.wav,0,indicvoices
/Volumes/KIOXIA/voxdata/indicvoices/real/hindi_109.wav,0,indicvoices
/Volumes/KIOXIA/voxdata/indicvoices/real/marathi_115.wav,0,indicvoices
/Volumes/KIOXIA/voxdata/indicvoices/real/assamese_185.wav,0,indicvoices
/Volumes/KIOXIA/voxdata/indicvoices/real/telugu_341.wav,0,indicvoices
/Volumes/KIOXIA/voxdata/indicvoices/real/marathi_101.wav,0,indicvoices
/Volumes/KIOXIA/voxdata/indicvoices/real/assamese_191.wav,0,indicvoices
/Volumes/KIOXIA/voxdata/indicvoices/real/telugu_355.wav,0,indicvoices
/Volumes/KIOXIA/voxdata/indicvoices/real/bengali_271.wav,0,indicvoices
/Volumes/KIOXIA/voxdata/indicvoices/real/punjabi_160.wav,0,indicvoices
/Volumes/KIOXIA/voxdata/indicvoices/real/kannada_34.wav,0,indicvoices
/Volumes/KIOXIA/voxdata/indicvoices/real/gujarati_284.wav,0,indicvoices
/Volumes/KIOXIA/voxdata/indicvoices/real/gujarati_0.wav,0,indicvoices
/Volumes/KIOXIA/voxdata/indicvoices/real/gujarati_290.wav,0,indicvoices
/Volumes/KIOXIA/voxdata/indicvoices/real/kannada_20.wav,0,indicvoices
/Volumes/KIOXIA/voxdata/indicvoices/real/kannada_227.wav,0,indicvoices
/Volumes/KIOXIA/voxdata/indicvoices/real/assamese_146.wav,0,indicvoices
/Volumes/KIOXIA/voxdata/indicvoices/real/telugu_382.wav,0,indicvoices
/Volumes/KIOXIA/voxdata/indicvoices/real/assamese_152.wav,0,indicvoices
/Volumes/KIOXIA/voxdata/indicvoices/real/telugu_396.wav,0,indicvoices
/Volumes/KIOXIA/voxdata/indicvoices/real/kannada_233.wav,0,indicvoices
/Volumes/KIOXIA/voxdata/indicvoices/real/marathi_82.wav,0,indicvoices
/Volumes/KIOXIA/voxdata/indicvoices/real/hindi_337.wav,0,indicvoices
/Volumes/KIOXIA/voxdata/indicvoices/real/malayalam_28.wav,0,indicvoices
/Volumes/KIOXIA/voxdata/indicvoices/real/tamil_268.wav,0,indicvoices
/Volumes/KIOXIA/voxdata/indicvoices/real/marathi_96.wav,0,indicvoices
/Volumes/KIOXIA/voxdata/indicvoices/real/hindi_323.wav,0,indicvoices
/Volumes/KIOXIA/voxdata/indicvoices/real/malayalam_14.wav,0,indicvoices
/Volumes/KIOXIA/voxdata/indicvoices/real/telugu_143.wav,0,indicvoices
/Volumes/KIOXIA/voxdata/indicvoices/real/assamese_387.wav,0,indicvoices
/Volumes/KIOXIA/voxdata/indicvoices/real/punjabi_92.wav,0,indicvoices
/Volumes/KIOXIA/voxdata/indicvoices/real/marathi_317.wav,0,indicvoices
/Volumes/KIOXIA/voxdata/indicvoices/real/punjabi_376.wav,0,indicvoices
/Volumes/KIOXIA/voxdata/indicvoices/real/tamil_240.wav,0,indicvoices
/Volumes/KIOXIA/voxdata/indicvoices/real/tamil_254.wav,0,indicvoices
/Volumes/KIOXIA/voxdata/indicvoices/real/punjabi_362.wav,0,indicvoices
/Volumes/KIOXIA/voxdata/indicvoices/real/telugu_157.wav,0,indicvoices
/Volumes/KIOXIA/voxdata/indicvoices/real/punjabi_86.wav,0,indicvoices
/Volumes/KIOXIA/voxdata/indicvoices/real/assamese_393.wav,0,indicvoices
/Volumes/KIOXIA/voxdata/indicvoices/real/marathi_303.wav,0,indicvoices
/Volumes/KIOXIA/voxdata/indicvoices/real/assamese_378.wav,0,indicvoices
/Volumes/KIOXIA/voxdata/indicvoices/real/marathi_41.wav,0,indicvoices
/Volumes/KIOXIA/voxdata/indicvoices/real/punjabi_389.wav,0,indicvoices
/Volumes/KIOXIA/voxdata/indicvoices/real/marathi_55.wav,0,indicvoices
/Volumes/KIOXIA/voxdata/indicvoices/real/punjabi_79.wav,0,indicvoices
/Volumes/KIOXIA/voxdata/indicvoices/real/telugu_180.wav,0,indicvoices
/Volumes/KIOXIA/voxdata/indicvoices/real/punjabi_51.wav,0,indicvoices
/Volumes/KIOXIA/voxdata/indicvoices/real/assamese_344.wav,0,indicvoices
/Volumes/KIOXIA/voxdata/indicvoices/real/tamil_283.wav,0,indicvoices
/Volumes/KIOXIA/voxdata/indicvoices/real/tamil_297.wav,0,indicvoices
/Volumes/KIOXIA/voxdata/indicvoices/real/telugu_194.wav,0,indicvoices
/Volumes/KIOXIA/voxdata/indicvoices/real/assamese_350.wav,0,indicvoices
/Volumes/KIOXIA/voxdata/indicvoices/real/punjabi_45.wav,0,indicvoices
/Volumes/KIOXIA/voxdata/indicvoices/real/marathi_69.wav,0,indicvoices
/Volumes/KIOXIA/voxdata/indicvoices/real/tamil_296.wav,0,indicvoices
/Volumes/KIOXIA/voxdata/indicvoices/real/marathi_68.wav,0,indicvoices
/Volumes/KIOXIA/voxdata/indicvoices/real/assamese_351.wav,0,indicvoices
/Volumes/KIOXIA/voxdata/indicvoices/real/punjabi_44.wav,0,indicvoices
/Volumes/KIOXIA/voxdata/indicvoices/real/telugu_195.wav,0,indicvoices
/Volumes/KIOXIA/voxdata/indicvoices/real/punjabi_50.wav,0,indicvoices
/Volumes/KIOXIA/voxdata/indicvoices/real/assamese_345.wav,0,indicvoices
/Volumes/KIOXIA/voxdata/indicvoices/real/telugu_181.wav,0,indicvoices
/Volumes/KIOXIA/voxdata/indicvoices/real/tamil_282.wav,0,indicvoices
/Volumes/KIOXIA/voxdata/indicvoices/real/punjabi_78.wav,0,indicvoices
/Volumes/KIOXIA/voxdata/indicvoices/real/marathi_54.wav,0,indicvoices
/Volumes/KIOXIA/voxdata/indicvoices/real/punjabi_388.wav,0,indicvoices
/Volumes/KIOXIA/voxdata/indicvoices/real/marathi_40.wav,0,indicvoices
/Volumes/KIOXIA/voxdata/indicvoices/real/assamese_379.wav,0,indicvoices
/Volumes/KIOXIA/voxdata/indicvoices/real/tamil_255.wav,0,indicvoices
/Volumes/KIOXIA/voxdata/indicvoices/real/marathi_302.wav,0,indicvoices
/Volumes/KIOXIA/voxdata/indicvoices/real/punjabi_87.wav,0,indicvoices
/Volumes/KIOXIA/voxdata/indicvoices/real/assamese_392.wav,0,indicvoices
/Volumes/KIOXIA/voxdata/indicvoices/real/telugu_156.wav,0,indicvoices
/Volumes/KIOXIA/voxdata/indicvoices/real/punjabi_363.wav,0,indicvoices
/Volumes/KIOXIA/voxdata/indicvoices/real/punjabi_377.wav,0,indicvoices
/Volumes/KIOXIA/voxdata/indicvoices/real/marathi_316.wav,0,indicvoices
/Volumes/KIOXIA/voxdata/indicvoices/real/assamese_386.wav,0,indicvoices
/Volumes/KIOXIA/voxdata/indicvoices/real/punjabi_93.wav,0,indicvoices
/Volumes/KIOXIA/voxdata/indicvoices/real/telugu_142.wav,0,indicvoices
/Volumes/KIOXIA/voxdata/indicvoices/real/malayalam_15.wav,0,indicvoices
/Volumes/KIOXIA/voxdata/indicvoices/real/tamil_241.wav,0,indicvoices
/Volumes/KIOXIA/voxdata/indicvoices/real/tamil_269.wav,0,indicvoices
/Volumes/KIOXIA/voxdata/indicvoices/real/hindi_322.wav,0,indicvoices
/Volumes/KIOXIA/voxdata/indicvoices/real/marathi_97.wav,0,indicvoices
/Volumes/KIOXIA/voxdata/indicvoices/real/malayalam_29.wav,0,indicvoices
/Volumes/KIOXIA/voxdata/indicvoices/real/hindi_336.wav,0,indicvoices
/Volumes/KIOXIA/voxdata/indicvoices/real/marathi_83.wav,0,indicvoices
/Volumes/KIOXIA/voxdata/indicvoices/real/telugu_397.wav,0,indicvoices
/Volumes/KIOXIA/voxdata/indicvoices/real/assamese_153.wav,0,indicvoices
/Volumes/KIOXIA/voxdata/indicvoices/real/kannada_232.wav,0,indicvoices
/Volumes/KIOXIA/voxdata/indicvoices/real/kannada_226.wav,0,indicvoices
/Volumes/KIOXIA/voxdata/indicvoices/real/telugu_383.wav,0,indicvoices
/Volumes/KIOXIA/voxdata/indicvoices/real/assamese_147.wav,0,indicvoices
/Volumes/KIOXIA/voxdata/indicvoices/real/kannada_21.wav,0,indicvoices
/Volumes/KIOXIA/voxdata/indicvoices/real/gujarati_291.wav,0,indicvoices
/Volumes/KIOXIA/voxdata/indicvoices/real/gujarati_285.wav,0,indicvoices
/Volumes/KIOXIA/voxdata/indicvoices/real/kannada_35.wav,0,indicvoices
/Volumes/KIOXIA/voxdata/indicvoices/real/gujarati_1.wav,0,indicvoices
/Volumes/KIOXIA/voxdata/indicvoices/real/punjabi_161.wav,0,indicvoices
/Volumes/KIOXIA/voxdata/indicvoices/real/bengali_270.wav,0,indicvoices
/Volumes/KIOXIA/voxdata/indicvoices/real/telugu_354.wav,0,indicvoices
/Volumes/KIOXIA/voxdata/indicvoices/real/assamese_190.wav,0,indicvoices
/Volumes/KIOXIA/voxdata/indicvoices/real/marathi_100.wav,0,indicvoices
/Volumes/KIOXIA/voxdata/indicvoices/real/telugu_340.wav,0,indicvoices
/Volumes/KIOXIA/voxdata/indicvoices/real/assamese_184.wav,0,indicvoices
/Volumes/KIOXIA/voxdata/indicvoices/real/marathi_114.wav,0,indicvoices
/Volumes/KIOXIA/voxdata/indicvoices/real/hindi_108.wav,0,indicvoices
/Volumes/KIOXIA/voxdata/indicvoices/real/punjabi_175.wav,0,indicvoices
/Volumes/KIOXIA/voxdata/indicvoices/real/bengali_264.wav,0,indicvoices
/Volumes/KIOXIA/voxdata/indicvoices/real/telugu_368.wav,0,indicvoices
/Volumes/KIOXIA/voxdata/indicvoices/real/malayalam_222.wav,0,indicvoices
/Volumes/KIOXIA/voxdata/indicvoices/real/hindi_120.wav,0,indicvoices
/Volumes/KIOXIA/voxdata/indicvoices/real/gujarati_252.wav,0,indicvoices
/Volumes/KIOXIA/voxdata/indicvoices/real/hindi_16.wav,0,indicvoices
/Volumes/KIOXIA/voxdata/indicvoices/real/gujarati_246.wav,0,indicvoices
/Volumes/KIOXIA/voxdata/indicvoices/real/hindi_134.wav,0,indicvoices
/Volumes/KIOXIA/voxdata/indicvoices/real/bengali_258.wav,0,indicvoices
/Volumes/KIOXIA/voxdata/indicvoices/real/punjabi_149.wav,0,indicvoices
/Volumes/KIOXIA/voxdata/indicvoices/real/malayalam_236.wav,0,indicvoices
/Volumes/KIOXIA/voxdata/indicvoices/real/marathi_128.wav,0,indicvoices
/Volumes/KIOXIA/voxdata/indicvoices/real/kannada_3.wav,0,indicvoices
/Volumes/KIOXIA/voxdata/indicvoices/real/kannada_346.wav,0,indicvoices
/Volumes/KIOXIA/voxdata/indicvoices/real/kannada_352.wav,0,indicvoices
/Volumes/KIOXIA/voxdata/indicvoices/real/malayalam_395.wav,0,indicvoices
/Volumes/KIOXIA/voxdata/indicvoices/real/malayalam_381.wav,0,indicvoices
/Volumes/KIOXIA/voxdata/indicvoices/real/bengali_304.wav,0,indicvoices
/Volumes/KIOXIA/voxdata/indicvoices/real/telugu_220.wav,0,indicvoices
/Volumes/KIOXIA/voxdata/indicvoices/real/kannada_385.wav,0,indicvoices
/Volumes/KIOXIA/voxdata/indicvoices/real/tamil_123.wav,0,indicvoices
/Volumes/KIOXIA/voxdata/indicvoices/real/tamil_137.wav,0,indicvoices
/Volumes/KIOXIA/voxdata/indicvoices/real/kannada_391.wav,0,indicvoices
/Volumes/KIOXIA/voxdata/indicvoices/real/telugu_234.wav,0,indicvoices
/Volumes/KIOXIA/voxdata/indicvoices/real/bengali_310.wav,0,indicvoices
/Volumes/KIOXIA/voxdata/indicvoices/real/malayalam_356.wav,0,indicvoices
/Volumes/KIOXIA/voxdata/indicvoices/real/bengali_338.wav,0,indicvoices
/Volumes/KIOXIA/voxdata/indicvoices/real/gujarati_326.wav,0,indicvoices
/Volumes/KIOXIA/voxdata/indicvoices/real/gujarati_332.wav,0,indicvoices
/Volumes/KIOXIA/voxdata/indicvoices/real/malayalam_342.wav,0,indicvoices
/Volumes/KIOXIA/voxdata/indicvoices/real/telugu_208.wav,0,indicvoices
/Volumes/KIOXIA/voxdata/indicvoices/real/gujarati_32.wav,0,indicvoices
/Volumes/KIOXIA/voxdata/indicvoices/real/kannada_144.wav,0,indicvoices
/Volumes/KIOXIA/voxdata/indicvoices/real/bengali_28.wav,0,indicvoices
/Volumes/KIOXIA/voxdata/indicvoices/real/assamese_70.wav,0,indicvoices
/Volumes/KIOXIA/voxdata/indicvoices/real/tamil_11.wav,0,indicvoices
/Volumes/KIOXIA/voxdata/indicvoices/real/assamese_225.wav,0,indicvoices
/Volumes/KIOXIA/voxdata/indicvoices/real/assamese_231.wav,0,indicvoices
/Volumes/KIOXIA/voxdata/indicvoices/real/assamese_64.wav,0,indicvoices
/Volumes/KIOXIA/voxdata/indicvoices/real/kannada_150.wav,0,indicvoices
/Volumes/KIOXIA/voxdata/indicvoices/real/gujarati_26.wav,0,indicvoices
/Volumes/KIOXIA/voxdata/indicvoices/real/bengali_14.wav,0,indicvoices
/Volumes/KIOXIA/voxdata/indicvoices/real/kannada_178.wav,0,indicvoices
/Volumes/KIOXIA/voxdata/indicvoices/real/telugu_17.wav,0,indicvoices
/Volumes/KIOXIA/voxdata/indicvoices/real/malayalam_197.wav,0,indicvoices
/Volumes/KIOXIA/voxdata/indicvoices/real/marathi_289.wav,0,indicvoices
/Volumes/KIOXIA/voxdata/indicvoices/real/assamese_219.wav,0,indicvoices
/Volumes/KIOXIA/voxdata/indicvoices/real/hindi_295.wav,0,indicvoices
/Volumes/KIOXIA/voxdata/indicvoices/real/hindi_281.wav,0,indicvoices
/Volumes/KIOXIA/voxdata/indicvoices/real/tamil_39.wav,0,indicvoices
/Volumes/KIOXIA/voxdata/indicvoices/real/malayalam_183.wav,0,indicvoices
/Volumes/KIOXIA/voxdata/indicvoices/real/assamese_58.wav,0,indicvoices
/Volumes/KIOXIA/voxdata/indicvoices/real/gujarati_118.wav,0,indicvoices
/Volumes/KIOXIA/voxdata/indicvoices/real/tamil_321.wav,0,indicvoices
/Volumes/KIOXIA/voxdata/indicvoices/real/kannada_187.wav,0,indicvoices
/Volumes/KIOXIA/voxdata/indicvoices/real/marathi_276.wav,0,indicvoices
/Volumes/KIOXIA/voxdata/indicvoices/real/malayalam_168.wav,0,indicvoices
/Volumes/KIOXIA/voxdata/indicvoices/real/bengali_106.wav,0,indicvoices
/Volumes/KIOXIA/voxdata/indicvoices/real/punjabi_217.wav,0,indicvoices
/Volumes/KIOXIA/voxdata/indicvoices/real/bengali_112.wav,0,indicvoices
/Volumes/KIOXIA/voxdata/indicvoices/real/punjabi_203.wav,0,indicvoices
/Volumes/KIOXIA/voxdata/indicvoices/real/marathi_262.wav,0,indicvoices
/Volumes/KIOXIA/voxdata/indicvoices/real/kannada_193.wav,0,indicvoices
/Volumes/KIOXIA/voxdata/indicvoices/real/tamil_335.wav,0,indicvoices
/Volumes/KIOXIA/voxdata/indicvoices/real/gujarati_124.wav,0,indicvoices
/Volumes/KIOXIA/voxdata/indicvoices/real/hindi_256.wav,0,indicvoices
/Volumes/KIOXIA/voxdata/indicvoices/real/malayalam_154.wav,0,indicvoices
/Volumes/KIOXIA/voxdata/indicvoices/real/malayalam_140.wav,0,indicvoices
/Volumes/KIOXIA/voxdata/indicvoices/real/hindi_242.wav,0,indicvoices
/Volumes/KIOXIA/voxdata/indicvoices/real/tamil_309.wav,0,indicvoices
/Volumes/KIOXIA/voxdata/indicvoices/real/gujarati_130.wav,0,indicvoices
/Volumes/KIOXIA/voxdata/indicvoices/real/tamil_331.wav,0,indicvoices
/Volumes/KIOXIA/voxdata/indicvoices/real/gujarati_108.wav,0,indicvoices
/Volumes/KIOXIA/voxdata/indicvoices/real/kannada_197.wav,0,indicvoices
/Volumes/KIOXIA/voxdata/indicvoices/real/marathi_266.wav,0,indicvoices
/Volumes/KIOXIA/voxdata/indicvoices/real/malayalam_178.wav,0,indicvoices
/Volumes/KIOXIA/voxdata/indicvoices/real/punjabi_207.wav,0,indicvoices
/Volumes/KIOXIA/voxdata/indicvoices/real/bengali_116.wav,0,indicvoices
/Volumes/KIOXIA/voxdata/indicvoices/real/punjabi_213.wav,0,indicvoices
/Volumes/KIOXIA/voxdata/indicvoices/real/bengali_102.wav,0,indicvoices
/Volumes/KIOXIA/voxdata/indicvoices/real/marathi_272.wav,0,indicvoices
/Volumes/KIOXIA/voxdata/indicvoices/real/kannada_183.wav,0,indicvoices
/Volumes/KIOXIA/voxdata/indicvoices/real/tamil_325.wav,0,indicvoices
/Volumes/KIOXIA/voxdata/indicvoices/real/gujarati_134.wav,0,indicvoices
/Volumes/KIOXIA/voxdata/indicvoices/real/hindi_246.wav,0,indicvoices
/Volumes/KIOXIA/voxdata/indicvoices/real/malayalam_144.wav,0,indicvoices
/Volumes/KIOXIA/voxdata/indicvoices/real/malayalam_150.wav,0,indicvoices
/Volumes/KIOXIA/voxdata/indicvoices/real/hindi_252.wav,0,indicvoices
/Volumes/KIOXIA/voxdata/indicvoices/real/gujarati_120.wav,0,indicvoices
/Volumes/KIOXIA/voxdata/indicvoices/real/tamil_319.wav,0,indicvoices
/Volumes/KIOXIA/voxdata/indicvoices/real/gujarati_22.wav,0,indicvoices
/Volumes/KIOXIA/voxdata/indicvoices/real/kannada_154.wav,0,indicvoices
/Volumes/KIOXIA/voxdata/indicvoices/real/assamese_60.wav,0,indicvoices
/Volumes/KIOXIA/voxdata/indicvoices/real/bengali_38.wav,0,indicvoices
/Volumes/KIOXIA/voxdata/indicvoices/real/assamese_235.wav,0,indicvoices
/Volumes/KIOXIA/voxdata/indicvoices/real/assamese_221.wav,0,indicvoices
/Volumes/KIOXIA/voxdata/indicvoices/real/tamil_15.wav,0,indicvoices
/Volumes/KIOXIA/voxdata/indicvoices/real/assamese_74.wav,0,indicvoices
/Volumes/KIOXIA/voxdata/indicvoices/real/kannada_140.wav,0,indicvoices
/Volumes/KIOXIA/voxdata/indicvoices/real/gujarati_36.wav,0,indicvoices
/Volumes/KIOXIA/voxdata/indicvoices/real/kannada_168.wav,0,indicvoices
/Volumes/KIOXIA/voxdata/indicvoices/real/assamese_209.wav,0,indicvoices
/Volumes/KIOXIA/voxdata/indicvoices/real/malayalam_187.wav,0,indicvoices
/Volumes/KIOXIA/voxdata/indicvoices/real/marathi_299.wav,0,indicvoices
/Volumes/KIOXIA/voxdata/indicvoices/real/hindi_285.wav,0,indicvoices
/Volumes/KIOXIA/voxdata/indicvoices/real/hindi_291.wav,0,indicvoices
/Volumes/KIOXIA/voxdata/indicvoices/real/malayalam_193.wav,0,indicvoices
/Volumes/KIOXIA/voxdata/indicvoices/real/tamil_29.wav,0,indicvoices
/Volumes/KIOXIA/voxdata/indicvoices/real/telugu_13.wav,0,indicvoices
/Volumes/KIOXIA/voxdata/indicvoices/real/assamese_48.wav,0,indicvoices
/Volumes/KIOXIA/voxdata/indicvoices/real/bengali_10.wav,0,indicvoices
/Volumes/KIOXIA/voxdata/indicvoices/real/bengali_314.wav,0,indicvoices
/Volumes/KIOXIA/voxdata/indicvoices/real/telugu_230.wav,0,indicvoices
/Volumes/KIOXIA/voxdata/indicvoices/real/kannada_395.wav,0,indicvoices
/Volumes/KIOXIA/voxdata/indicvoices/real/tamil_133.wav,0,indicvoices
/Volumes/KIOXIA/voxdata/indicvoices/real/tamil_127.wav,0,indicvoices
/Volumes/KIOXIA/voxdata/indicvoices/real/kannada_381.wav,0,indicvoices
/Volumes/KIOXIA/voxdata/indicvoices/real/telugu_224.wav,0,indicvoices
/Volumes/KIOXIA/voxdata/indicvoices/real/bengali_300.wav,0,indicvoices
/Volumes/KIOXIA/voxdata/indicvoices/real/malayalam_346.wav,0,indicvoices
/Volumes/KIOXIA/voxdata/indicvoices/real/bengali_328.wav,0,indicvoices
/Volumes/KIOXIA/voxdata/indicvoices/real/gujarati_336.wav,0,indicvoices
/Volumes/KIOXIA/voxdata/indicvoices/real/gujarati_322.wav,0,indicvoices
/Volumes/KIOXIA/voxdata/indicvoices/real/telugu_218.wav,0,indicvoices
/Volumes/KIOXIA/voxdata/indicvoices/real/malayalam_352.wav,0,indicvoices
/Volumes/KIOXIA/voxdata/indicvoices/real/kannada_356.wav,0,indicvoices
/Volumes/KIOXIA/voxdata/indicvoices/real/kannada_342.wav,0,indicvoices
/Volumes/KIOXIA/voxdata/indicvoices/real/kannada_7.wav,0,indicvoices
/Volumes/KIOXIA/voxdata/indicvoices/real/malayalam_385.wav,0,indicvoices
/Volumes/KIOXIA/voxdata/indicvoices/real/malayalam_391.wav,0,indicvoices
/Volumes/KIOXIA/voxdata/indicvoices/real/bengali_260.wav,0,indicvoices
/Volumes/KIOXIA/voxdata/indicvoices/real/punjabi_171.wav,0,indicvoices
/Volumes/KIOXIA/voxdata/indicvoices/real/marathi_110.wav,0,indicvoices
/Volumes/KIOXIA/voxdata/indicvoices/real/assamese_180.wav,0,indicvoices
/Volumes/KIOXIA/voxdata/indicvoices/real/telugu_344.wav,0,indicvoices
/Volumes/KIOXIA/voxdata/indicvoices/real/marathi_104.wav,0,indicvoices
/Volumes/KIOXIA/voxdata/indicvoices/real/assamese_194.wav,0,indicvoices
/Volumes/KIOXIA/voxdata/indicvoices/real/telugu_350.wav,0,indicvoices
/Volumes/KIOXIA/voxdata/indicvoices/real/hindi_118.wav,0,indicvoices
/Volumes/KIOXIA/voxdata/indicvoices/real/bengali_274.wav,0,indicvoices
/Volumes/KIOXIA/voxdata/indicvoices/real/punjabi_165.wav,0,indicvoices
/Volumes/KIOXIA/voxdata/indicvoices/real/malayalam_232.wav,0,indicvoices
/Volumes/KIOXIA/voxdata/indicvoices/real/telugu_378.wav,0,indicvoices
/Volumes/KIOXIA/voxdata/indicvoices/real/hindi_130.wav,0,indicvoices
/Volumes/KIOXIA/voxdata/indicvoices/real/gujarati_242.wav,0,indicvoices
/Volumes/KIOXIA/voxdata/indicvoices/real/hindi_12.wav,0,indicvoices
/Volumes/KIOXIA/voxdata/indicvoices/real/gujarati_256.wav,0,indicvoices
/Volumes/KIOXIA/voxdata/indicvoices/real/hindi_124.wav,0,indicvoices
/Volumes/KIOXIA/voxdata/indicvoices/real/punjabi_159.wav,0,indicvoices
/Volumes/KIOXIA/voxdata/indicvoices/real/bengali_248.wav,0,indicvoices
/Volumes/KIOXIA/voxdata/indicvoices/real/malayalam_226.wav,0,indicvoices
/Volumes/KIOXIA/voxdata/indicvoices/real/marathi_138.wav,0,indicvoices
/Volumes/KIOXIA/voxdata/indicvoices/real/assamese_143.wav,0,indicvoices
/Volumes/KIOXIA/voxdata/indicvoices/real/telugu_387.wav,0,indicvoices
/Volumes/KIOXIA/voxdata/indicvoices/real/kannada_222.wav,0,indicvoices
/Volumes/KIOXIA/voxdata/indicvoices/real/kannada_19.wav,0,indicvoices
/Volumes/KIOXIA/voxdata/indicvoices/real/kannada_236.wav,0,indicvoices
/Volumes/KIOXIA/voxdata/indicvoices/real/assamese_157.wav,0,indicvoices
/Volumes/KIOXIA/voxdata/indicvoices/real/telugu_393.wav,0,indicvoices
/Volumes/KIOXIA/voxdata/indicvoices/real/gujarati_5.wav,0,indicvoices
/Volumes/KIOXIA/voxdata/indicvoices/real/kannada_31.wav,0,indicvoices
/Volumes/KIOXIA/voxdata/indicvoices/real/gujarati_281.wav,0,indicvoices
/Volumes/KIOXIA/voxdata/indicvoices/real/gujarati_295.wav,0,indicvoices
/Volumes/KIOXIA/voxdata/indicvoices/real/kannada_25.wav,0,indicvoices
/Volumes/KIOXIA/voxdata/indicvoices/real/tamil_245.wav,0,indicvoices
/Volumes/KIOXIA/voxdata/indicvoices/real/malayalam_11.wav,0,indicvoices
/Volumes/KIOXIA/voxdata/indicvoices/real/telugu_146.wav,0,indicvoices
/Volumes/KIOXIA/voxdata/indicvoices/real/punjabi_97.wav,0,indicvoices
/Volumes/KIOXIA/voxdata/indicvoices/real/assamese_382.wav,0,indicvoices
/Volumes/KIOXIA/voxdata/indicvoices/real/marathi_312.wav,0,indicvoices
/Volumes/KIOXIA/voxdata/indicvoices/real/punjabi_373.wav,0,indicvoices
/Volumes/KIOXIA/voxdata/indicvoices/real/punjabi_367.wav,0,indicvoices
/Volumes/KIOXIA/voxdata/indicvoices/real/telugu_152.wav,0,indicvoices
/Volumes/KIOXIA/voxdata/indicvoices/real/assamese_396.wav,0,indicvoices
/Volumes/KIOXIA/voxdata/indicvoices/real/punjabi_83.wav,0,indicvoices
/Volumes/KIOXIA/voxdata/indicvoices/real/marathi_306.wav,0,indicvoices
/Volumes/KIOXIA/voxdata/indicvoices/real/tamil_251.wav,0,indicvoices
/Volumes/KIOXIA/voxdata/indicvoices/real/tamil_279.wav,0,indicvoices
/Volumes/KIOXIA/voxdata/indicvoices/real/marathi_87.wav,0,indicvoices
/Volumes/KIOXIA/voxdata/indicvoices/real/hindi_332.wav,0,indicvoices
/Volumes/KIOXIA/voxdata/indicvoices/real/malayalam_39.wav,0,indicvoices
/Volumes/KIOXIA/voxdata/indicvoices/real/marathi_93.wav,0,indicvoices
/Volumes/KIOXIA/voxdata/indicvoices/real/hindi_326.wav,0,indicvoices
/Volumes/KIOXIA/voxdata/indicvoices/real/tamil_286.wav,0,indicvoices
/Volumes/KIOXIA/voxdata/indicvoices/real/marathi_78.wav,0,indicvoices
/Volumes/KIOXIA/voxdata/indicvoices/real/telugu_185.wav,0,indicvoices
/Volumes/KIOXIA/voxdata/indicvoices/real/assamese_341.wav,0,indicvoices
/Volumes/KIOXIA/voxdata/indicvoices/real/punjabi_54.wav,0,indicvoices
/Volumes/KIOXIA/voxdata/indicvoices/real/telugu_191.wav,0,indicvoices
/Volumes/KIOXIA/voxdata/indicvoices/real/punjabi_40.wav,0,indicvoices
/Volumes/KIOXIA/voxdata/indicvoices/real/assamese_355.wav,0,indicvoices
/Volumes/KIOXIA/voxdata/indicvoices/real/tamil_292.wav,0,indicvoices
/Volumes/KIOXIA/voxdata/indicvoices/real/punjabi_68.wav,0,indicvoices
/Volumes/KIOXIA/voxdata/indicvoices/real/marathi_44.wav,0,indicvoices
/Volumes/KIOXIA/voxdata/indicvoices/real/punjabi_398.wav,0,indicvoices
/Volumes/KIOXIA/voxdata/indicvoices/real/marathi_50.wav,0,indicvoices
/Volumes/KIOXIA/voxdata/indicvoices/real/assamese_369.wav,0,indicvoices
/Volumes/KIOXIA/voxdata/indicvoices/real/assamese_368.wav,0,indicvoices
/Volumes/KIOXIA/voxdata/indicvoices/real/marathi_51.wav,0,indicvoices
/Volumes/KIOXIA/voxdata/indicvoices/real/punjabi_399.wav,0,indicvoices
/Volumes/KIOXIA/voxdata/indicvoices/real/marathi_45.wav,0,indicvoices
/Volumes/KIOXIA/voxdata/indicvoices/real/punjabi_69.wav,0,indicvoices
/Volumes/KIOXIA/voxdata/indicvoices/real/punjabi_41.wav,0,indicvoices
/Volumes/KIOXIA/voxdata/indicvoices/real/assamese_354.wav,0,indicvoices
/Volumes/KIOXIA/voxdata/indicvoices/real/telugu_190.wav,0,indicvoices
/Volumes/KIOXIA/voxdata/indicvoices/real/tamil_293.wav,0,indicvoices
/Volumes/KIOXIA/voxdata/indicvoices/real/tamil_287.wav,0,indicvoices
/Volumes/KIOXIA/voxdata/indicvoices/real/assamese_340.wav,0,indicvoices
/Volumes/KIOXIA/voxdata/indicvoices/real/punjabi_55.wav,0,indicvoices
/Volumes/KIOXIA/voxdata/indicvoices/real/telugu_184.wav,0,indicvoices
/Volumes/KIOXIA/voxdata/indicvoices/real/marathi_79.wav,0,indicvoices
/Volumes/KIOXIA/voxdata/indicvoices/real/hindi_327.wav,0,indicvoices
/Volumes/KIOXIA/voxdata/indicvoices/real/marathi_92.wav,0,indicvoices
/Volumes/KIOXIA/voxdata/indicvoices/real/malayalam_38.wav,0,indicvoices
/Volumes/KIOXIA/voxdata/indicvoices/real/tamil_278.wav,0,indicvoices
/Volumes/KIOXIA/voxdata/indicvoices/real/hindi_333.wav,0,indicvoices
/Volumes/KIOXIA/voxdata/indicvoices/real/marathi_86.wav,0,indicvoices
/Volumes/KIOXIA/voxdata/indicvoices/real/marathi_307.wav,0,indicvoices
/Volumes/KIOXIA/voxdata/indicvoices/real/assamese_397.wav,0,indicvoices
/Volumes/KIOXIA/voxdata/indicvoices/real/punjabi_82.wav,0,indicvoices
/Volumes/KIOXIA/voxdata/indicvoices/real/telugu_153.wav,0,indicvoices
/Volumes/KIOXIA/voxdata/indicvoices/real/punjabi_366.wav,0,indicvoices
/Volumes/KIOXIA/voxdata/indicvoices/real/tamil_250.wav,0,indicvoices
/Volumes/KIOXIA/voxdata/indicvoices/real/tamil_244.wav,0,indicvoices
/Volumes/KIOXIA/voxdata/indicvoices/real/punjabi_372.wav,0,indicvoices
/Volumes/KIOXIA/voxdata/indicvoices/real/marathi_313.wav,0,indicvoices
/Volumes/KIOXIA/voxdata/indicvoices/real/punjabi_96.wav,0,indicvoices
/Volumes/KIOXIA/voxdata/indicvoices/real/assamese_383.wav,0,indicvoices
/Volumes/KIOXIA/voxdata/indicvoices/real/telugu_147.wav,0,indicvoices
/Volumes/KIOXIA/voxdata/indicvoices/real/malayalam_10.wav,0,indicvoices
/Volumes/KIOXIA/voxdata/indicvoices/real/kannada_24.wav,0,indicvoices
/Volumes/KIOXIA/voxdata/indicvoices/real/gujarati_294.wav,0,indicvoices
/Volumes/KIOXIA/voxdata/indicvoices/real/gujarati_4.wav,0,indicvoices
/Volumes/KIOXIA/voxdata/indicvoices/real/gujarati_280.wav,0,indicvoices
/Volumes/KIOXIA/voxdata/indicvoices/real/kannada_30.wav,0,indicvoices
/Volumes/KIOXIA/voxdata/indicvoices/real/kannada_237.wav,0,indicvoices
/Volumes/KIOXIA/voxdata/indicvoices/real/kannada_18.wav,0,indicvoices
/Volumes/KIOXIA/voxdata/indicvoices/real/telugu_392.wav,0,indicvoices
/Volumes/KIOXIA/voxdata/indicvoices/real/assamese_156.wav,0,indicvoices
/Volumes/KIOXIA/voxdata/indicvoices/real/telugu_386.wav,0,indicvoices
/Volumes/KIOXIA/voxdata/indicvoices/real/assamese_142.wav,0,indicvoices
/Volumes/KIOXIA/voxdata/indicvoices/real/kannada_223.wav,0,indicvoices
/Volumes/KIOXIA/voxdata/indicvoices/real/gujarati_257.wav,0,indicvoices
/Volumes/KIOXIA/voxdata/indicvoices/real/hindi_13.wav,0,indicvoices
/Volumes/KIOXIA/voxdata/indicvoices/real/malayalam_227.wav,0,indicvoices
/Volumes/KIOXIA/voxdata/indicvoices/real/marathi_139.wav,0,indicvoices
/Volumes/KIOXIA/voxdata/indicvoices/real/bengali_249.wav,0,indicvoices
/Volumes/KIOXIA/voxdata/indicvoices/real/punjabi_158.wav,0,indicvoices
/Volumes/KIOXIA/voxdata/indicvoices/real/hindi_125.wav,0,indicvoices
/Volumes/KIOXIA/voxdata/indicvoices/real/hindi_131.wav,0,indicvoices
/Volumes/KIOXIA/voxdata/indicvoices/real/telugu_379.wav,0,indicvoices
/Volumes/KIOXIA/voxdata/indicvoices/real/malayalam_233.wav,0,indicvoices
/Volumes/KIOXIA/voxdata/indicvoices/real/gujarati_243.wav,0,indicvoices
/Volumes/KIOXIA/voxdata/indicvoices/real/punjabi_164.wav,0,indicvoices
/Volumes/KIOXIA/voxdata/indicvoices/real/bengali_275.wav,0,indicvoices
/Volumes/KIOXIA/voxdata/indicvoices/real/hindi_119.wav,0,indicvoices
/Volumes/KIOXIA/voxdata/indicvoices/real/telugu_351.wav,0,indicvoices
/Volumes/KIOXIA/voxdata/indicvoices/real/assamese_195.wav,0,indicvoices
/Volumes/KIOXIA/voxdata/indicvoices/real/marathi_105.wav,0,indicvoices
/Volumes/KIOXIA/voxdata/indicvoices/real/telugu_345.wav,0,indicvoices
/Volumes/KIOXIA/voxdata/indicvoices/real/assamese_181.wav,0,indicvoices
/Volumes/KIOXIA/voxdata/indicvoices/real/marathi_111.wav,0,indicvoices
/Volumes/KIOXIA/voxdata/indicvoices/real/punjabi_170.wav,0,indicvoices
/Volumes/KIOXIA/voxdata/indicvoices/real/bengali_261.wav,0,indicvoices
/Volumes/KIOXIA/voxdata/indicvoices/real/malayalam_390.wav,0,indicvoices
/Volumes/KIOXIA/voxdata/indicvoices/real/malayalam_384.wav,0,indicvoices
/Volumes/KIOXIA/voxdata/indicvoices/real/kannada_6.wav,0,indicvoices
/Volumes/KIOXIA/voxdata/indicvoices/real/kannada_343.wav,0,indicvoices
/Volumes/KIOXIA/voxdata/indicvoices/real/kannada_357.wav,0,indicvoices
/Volumes/KIOXIA/voxdata/indicvoices/real/gujarati_323.wav,0,indicvoices
/Volumes/KIOXIA/voxdata/indicvoices/real/malayalam_353.wav,0,indicvoices
/Volumes/KIOXIA/voxdata/indicvoices/real/telugu_219.wav,0,indicvoices
/Volumes/KIOXIA/voxdata/indicvoices/real/bengali_329.wav,0,indicvoices
/Volumes/KIOXIA/voxdata/indicvoices/real/malayalam_347.wav,0,indicvoices
/Volumes/KIOXIA/voxdata/indicvoices/real/gujarati_337.wav,0,indicvoices
/Volumes/KIOXIA/voxdata/indicvoices/real/kannada_380.wav,0,indicvoices
/Volumes/KIOXIA/voxdata/indicvoices/real/tamil_126.wav,0,indicvoices
/Volumes/KIOXIA/voxdata/indicvoices/real/bengali_301.wav,0,indicvoices
/Volumes/KIOXIA/voxdata/indicvoices/real/telugu_225.wav,0,indicvoices
/Volumes/KIOXIA/voxdata/indicvoices/real/telugu_231.wav,0,indicvoices
/Volumes/KIOXIA/voxdata/indicvoices/real/bengali_315.wav,0,indicvoices
/Volumes/KIOXIA/voxdata/indicvoices/real/tamil_132.wav,0,indicvoices
/Volumes/KIOXIA/voxdata/indicvoices/real/kannada_394.wav,0,indicvoices
/Volumes/KIOXIA/voxdata/indicvoices/real/tamil_28.wav,0,indicvoices
/Volumes/KIOXIA/voxdata/indicvoices/real/malayalam_192.wav,0,indicvoices
/Volumes/KIOXIA/voxdata/indicvoices/real/hindi_290.wav,0,indicvoices
/Volumes/KIOXIA/voxdata/indicvoices/real/bengali_11.wav,0,indicvoices
/Volumes/KIOXIA/voxdata/indicvoices/real/assamese_49.wav,0,indicvoices
/Volumes/KIOXIA/voxdata/indicvoices/real/telugu_12.wav,0,indicvoices
/Volumes/KIOXIA/voxdata/indicvoices/real/kannada_169.wav,0,indicvoices
/Volumes/KIOXIA/voxdata/indicvoices/real/hindi_284.wav,0,indicvoices
/Volumes/KIOXIA/voxdata/indicvoices/real/malayalam_186.wav,0,indicvoices
/Volumes/KIOXIA/voxdata/indicvoices/real/marathi_298.wav,0,indicvoices
/Volumes/KIOXIA/voxdata/indicvoices/real/assamese_208.wav,0,indicvoices
/Volumes/KIOXIA/voxdata/indicvoices/real/tamil_14.wav,0,indicvoices
/Volumes/KIOXIA/voxdata/indicvoices/real/assamese_220.wav,0,indicvoices
/Volumes/KIOXIA/voxdata/indicvoices/real/gujarati_37.wav,0,indicvoices
/Volumes/KIOXIA/voxdata/indicvoices/real/kannada_141.wav,0,indicvoices
/Volumes/KIOXIA/voxdata/indicvoices/real/assamese_75.wav,0,indicvoices
/Volumes/KIOXIA/voxdata/indicvoices/real/bengali_39.wav,0,indicvoices
/Volumes/KIOXIA/voxdata/indicvoices/real/assamese_61.wav,0,indicvoices
/Volumes/KIOXIA/voxdata/indicvoices/real/kannada_155.wav,0,indicvoices
/Volumes/KIOXIA/voxdata/indicvoices/real/gujarati_23.wav,0,indicvoices
/Volumes/KIOXIA/voxdata/indicvoices/real/assamese_234.wav,0,indicvoices
/Volumes/KIOXIA/voxdata/indicvoices/real/hindi_253.wav,0,indicvoices
/Volumes/KIOXIA/voxdata/indicvoices/real/malayalam_151.wav,0,indicvoices
/Volumes/KIOXIA/voxdata/indicvoices/real/tamil_318.wav,0,indicvoices
/Volumes/KIOXIA/voxdata/indicvoices/real/gujarati_121.wav,0,indicvoices
/Volumes/KIOXIA/voxdata/indicvoices/real/gujarati_135.wav,0,indicvoices
/Volumes/KIOXIA/voxdata/indicvoices/real/malayalam_145.wav,0,indicvoices
/Volumes/KIOXIA/voxdata/indicvoices/real/hindi_247.wav,0,indicvoices
/Volumes/KIOXIA/voxdata/indicvoices/real/marathi_273.wav,0,indicvoices
/Volumes/KIOXIA/voxdata/indicvoices/real/bengali_103.wav,0,indicvoices
/Volumes/KIOXIA/voxdata/indicvoices/real/punjabi_212.wav,0,indicvoices
/Volumes/KIOXIA/voxdata/indicvoices/real/tamil_324.wav,0,indicvoices
/Volumes/KIOXIA/voxdata/indicvoices/real/kannada_182.wav,0,indicvoices
/Volumes/KIOXIA/voxdata/indicvoices/real/kannada_196.wav,0,indicvoices
/Volumes/KIOXIA/voxdata/indicvoices/real/gujarati_109.wav,0,indicvoices
/Volumes/KIOXIA/voxdata/indicvoices/real/tamil_330.wav,0,indicvoices
/Volumes/KIOXIA/voxdata/indicvoices/real/bengali_117.wav,0,indicvoices
/Volumes/KIOXIA/voxdata/indicvoices/real/punjabi_206.wav,0,indicvoices
/Volumes/KIOXIA/voxdata/indicvoices/real/marathi_267.wav,0,indicvoices
/Volumes/KIOXIA/voxdata/indicvoices/real/malayalam_179.wav,0,indicvoices
/Volumes/KIOXIA/voxdata/indicvoices/real/kannada_180.wav,0,indicvoices
/Volumes/KIOXIA/voxdata/indicvoices/real/tamil_326.wav,0,indicvoices
/Volumes/KIOXIA/voxdata/indicvoices/real/bengali_101.wav,0,indicvoices
/Volumes/KIOXIA/voxdata/indicvoices/real/punjabi_210.wav,0,indicvoices
/Volumes/KIOXIA/voxdata/indicvoices/real/marathi_271.wav,0,indicvoices
/Volumes/KIOXIA/voxdata/indicvoices/real/marathi_265.wav,0,indicvoices
/Volumes/KIOXIA/voxdata/indicvoices/real/hindi_279.wav,0,indicvoices
/Volumes/KIOXIA/voxdata/indicvoices/real/bengali_115.wav,0,indicvoices
/Volumes/KIOXIA/voxdata/indicvoices/real/punjabi_204.wav,0,indicvoices
/Volumes/KIOXIA/voxdata/indicvoices/real/tamil_332.wav,0,indicvoices
/Volumes/KIOXIA/voxdata/indicvoices/real/kannada_194.wav,0,indicvoices
/Volumes/KIOXIA/voxdata/indicvoices/real/gujarati_123.wav,0,indicvoices
/Volumes/KIOXIA/voxdata/indicvoices/real/assamese_88.wav,0,indicvoices
/Volumes/KIOXIA/voxdata/indicvoices/real/malayalam_153.wav,0,indicvoices
/Volumes/KIOXIA/voxdata/indicvoices/real/hindi_251.wav,0,indicvoices
/Volumes/KIOXIA/voxdata/indicvoices/real/hindi_245.wav,0,indicvoices
/Volumes/KIOXIA/voxdata/indicvoices/real/punjabi_238.wav,0,indicvoices
/Volumes/KIOXIA/voxdata/indicvoices/real/bengali_129.wav,0,indicvoices
/Volumes/KIOXIA/voxdata/indicvoices/real/malayalam_147.wav,0,indicvoices
/Volumes/KIOXIA/voxdata/indicvoices/real/marathi_259.wav,0,indicvoices
/Volumes/KIOXIA/voxdata/indicvoices/real/gujarati_137.wav,0,indicvoices
/Volumes/KIOXIA/voxdata/indicvoices/real/assamese_77.wav,0,indicvoices
/Volumes/KIOXIA/voxdata/indicvoices/real/kannada_143.wav,0,indicvoices
/Volumes/KIOXIA/voxdata/indicvoices/real/gujarati_35.wav,0,indicvoices
/Volumes/KIOXIA/voxdata/indicvoices/real/assamese_222.wav,0,indicvoices
/Volumes/KIOXIA/voxdata/indicvoices/real/tamil_16.wav,0,indicvoices
/Volumes/KIOXIA/voxdata/indicvoices/real/assamese_236.wav,0,indicvoices
/Volumes/KIOXIA/voxdata/indicvoices/real/telugu_38.wav,0,indicvoices
/Volumes/KIOXIA/voxdata/indicvoices/real/gujarati_21.wav,0,indicvoices
/Volumes/KIOXIA/voxdata/indicvoices/real/kannada_157.wav,0,indicvoices
/Volumes/KIOXIA/voxdata/indicvoices/real/assamese_63.wav,0,indicvoices
/Volumes/KIOXIA/voxdata/indicvoices/real/telugu_10.wav,0,indicvoices
/Volumes/KIOXIA/voxdata/indicvoices/real/bengali_13.wav,0,indicvoices
/Volumes/KIOXIA/voxdata/indicvoices/real/hindi_292.wav,0,indicvoices
/Volumes/KIOXIA/voxdata/indicvoices/real/malayalam_190.wav,0,indicvoices
/Volumes/KIOXIA/voxdata/indicvoices/real/malayalam_184.wav,0,indicvoices
/Volumes/KIOXIA/voxdata/indicvoices/real/hindi_286.wav,0,indicvoices
/Volumes/KIOXIA/voxdata/indicvoices/real/marathi_8.wav,0,indicvoices
/Volumes/KIOXIA/voxdata/indicvoices/real/telugu_227.wav,0,indicvoices
/Volumes/KIOXIA/voxdata/indicvoices/real/bengali_303.wav,0,indicvoices
/Volumes/KIOXIA/voxdata/indicvoices/real/tamil_124.wav,0,indicvoices
/Volumes/KIOXIA/voxdata/indicvoices/real/kannada_382.wav,0,indicvoices
/Volumes/KIOXIA/voxdata/indicvoices/real/kannada_396.wav,0,indicvoices
/Volumes/KIOXIA/voxdata/indicvoices/real/tamil_130.wav,0,indicvoices
/Volumes/KIOXIA/voxdata/indicvoices/real/gujarati_309.wav,0,indicvoices
/Volumes/KIOXIA/voxdata/indicvoices/real/bengali_317.wav,0,indicvoices
/Volumes/KIOXIA/voxdata/indicvoices/real/telugu_233.wav,0,indicvoices
/Volumes/KIOXIA/voxdata/indicvoices/real/malayalam_379.wav,0,indicvoices
/Volumes/KIOXIA/voxdata/indicvoices/real/malayalam_351.wav,0,indicvoices
/Volumes/KIOXIA/voxdata/indicvoices/real/gujarati_321.wav,0,indicvoices
/Volumes/KIOXIA/voxdata/indicvoices/real/tamil_118.wav,0,indicvoices
/Volumes/KIOXIA/voxdata/indicvoices/real/gujarati_335.wav,0,indicvoices
/Volumes/KIOXIA/voxdata/indicvoices/real/malayalam_345.wav,0,indicvoices
/Volumes/KIOXIA/voxdata/indicvoices/real/kannada_341.wav,0,indicvoices
/Volumes/KIOXIA/voxdata/indicvoices/real/kannada_4.wav,0,indicvoices
/Volumes/KIOXIA/voxdata/indicvoices/real/kannada_355.wav,0,indicvoices
/Volumes/KIOXIA/voxdata/indicvoices/real/malayalam_392.wav,0,indicvoices
/Volumes/KIOXIA/voxdata/indicvoices/real/kannada_369.wav,0,indicvoices
/Volumes/KIOXIA/voxdata/indicvoices/real/malayalam_386.wav,0,indicvoices
/Volumes/KIOXIA/voxdata/indicvoices/real/marathi_107.wav,0,indicvoices
/Volumes/KIOXIA/voxdata/indicvoices/real/malayalam_219.wav,0,indicvoices
/Volumes/KIOXIA/voxdata/indicvoices/real/telugu_353.wav,0,indicvoices
/Volumes/KIOXIA/voxdata/indicvoices/real/assamese_197.wav,0,indicvoices
/Volumes/KIOXIA/voxdata/indicvoices/real/punjabi_166.wav,0,indicvoices
/Volumes/KIOXIA/voxdata/indicvoices/real/bengali_277.wav,0,indicvoices
/Volumes/KIOXIA/voxdata/indicvoices/real/gujarati_269.wav,0,indicvoices
/Volumes/KIOXIA/voxdata/indicvoices/real/hindi_39.wav,0,indicvoices
/Volumes/KIOXIA/voxdata/indicvoices/real/punjabi_172.wav,0,indicvoices
/Volumes/KIOXIA/voxdata/indicvoices/real/bengali_263.wav,0,indicvoices
/Volumes/KIOXIA/voxdata/indicvoices/real/marathi_113.wav,0,indicvoices
/Volumes/KIOXIA/voxdata/indicvoices/real/telugu_347.wav,0,indicvoices
/Volumes/KIOXIA/voxdata/indicvoices/real/assamese_183.wav,0,indicvoices
/Volumes/KIOXIA/voxdata/indicvoices/real/hindi_127.wav,0,indicvoices
/Volumes/KIOXIA/voxdata/indicvoices/real/malayalam_225.wav,0,indicvoices
/Volumes/KIOXIA/voxdata/indicvoices/real/hindi_11.wav,0,indicvoices
/Volumes/KIOXIA/voxdata/indicvoices/real/gujarati_255.wav,0,indicvoices
/Volumes/KIOXIA/voxdata/indicvoices/real/gujarati_241.wav,0,indicvoices
/Volumes/KIOXIA/voxdata/indicvoices/real/malayalam_231.wav,0,indicvoices
/Volumes/KIOXIA/voxdata/indicvoices/real/hindi_133.wav,0,indicvoices
/Volumes/KIOXIA/voxdata/indicvoices/real/telugu_390.wav,0,indicvoices
/Volumes/KIOXIA/voxdata/indicvoices/real/assamese_154.wav,0,indicvoices
/Volumes/KIOXIA/voxdata/indicvoices/real/kannada_235.wav,0,indicvoices
/Volumes/KIOXIA/voxdata/indicvoices/real/kannada_221.wav,0,indicvoices
/Volumes/KIOXIA/voxdata/indicvoices/real/telugu_384.wav,0,indicvoices
/Volumes/KIOXIA/voxdata/indicvoices/real/assamese_140.wav,0,indicvoices
/Volumes/KIOXIA/voxdata/indicvoices/real/assamese_168.wav,0,indicvoices
/Volumes/KIOXIA/voxdata/indicvoices/real/bengali_288.wav,0,indicvoices
/Volumes/KIOXIA/voxdata/indicvoices/real/punjabi_199.wav,0,indicvoices
/Volumes/KIOXIA/voxdata/indicvoices/real/gujarati_296.wav,0,indicvoices
/Volumes/KIOXIA/voxdata/indicvoices/real/kannada_26.wav,0,indicvoices
/Volumes/KIOXIA/voxdata/indicvoices/real/kannada_209.wav,0,indicvoices
/Volumes/KIOXIA/voxdata/indicvoices/real/kannada_32.wav,0,indicvoices
/Volumes/KIOXIA/voxdata/indicvoices/real/gujarati_282.wav,0,indicvoices
/Volumes/KIOXIA/voxdata/indicvoices/real/gujarati_6.wav,0,indicvoices
/Volumes/KIOXIA/voxdata/indicvoices/real/tamil_252.wav,0,indicvoices
/Volumes/KIOXIA/voxdata/indicvoices/real/punjabi_364.wav,0,indicvoices
/Volumes/KIOXIA/voxdata/indicvoices/real/hindi_319.wav,0,indicvoices
/Volumes/KIOXIA/voxdata/indicvoices/real/punjabi_80.wav,0,indicvoices
/Volumes/KIOXIA/voxdata/indicvoices/real/assamese_395.wav,0,indicvoices
/Volumes/KIOXIA/voxdata/indicvoices/real/telugu_151.wav,0,indicvoices
/Volumes/KIOXIA/voxdata/indicvoices/real/marathi_305.wav,0,indicvoices
/Volumes/KIOXIA/voxdata/indicvoices/real/assamese_381.wav,0,indicvoices
/Volumes/KIOXIA/voxdata/indicvoices/real/punjabi_94.wav,0,indicvoices
/Volumes/KIOXIA/voxdata/indicvoices/real/telugu_145.wav,0,indicvoices
/Volumes/KIOXIA/voxdata/indicvoices/real/malayalam_12.wav,0,indicvoices
/Volumes/KIOXIA/voxdata/indicvoices/real/marathi_311.wav,0,indicvoices
/Volumes/KIOXIA/voxdata/indicvoices/real/punjabi_370.wav,0,indicvoices
/Volumes/KIOXIA/voxdata/indicvoices/real/tamil_246.wav,0,indicvoices
/Volumes/KIOXIA/voxdata/indicvoices/real/marathi_339.wav,0,indicvoices
/Volumes/KIOXIA/voxdata/indicvoices/real/punjabi_358.wav,0,indicvoices
/Volumes/KIOXIA/voxdata/indicvoices/real/hindi_325.wav,0,indicvoices
/Volumes/KIOXIA/voxdata/indicvoices/real/marathi_90.wav,0,indicvoices
/Volumes/KIOXIA/voxdata/indicvoices/real/hindi_331.wav,0,indicvoices
/Volumes/KIOXIA/voxdata/indicvoices/real/marathi_84.wav,0,indicvoices
/Volumes/KIOXIA/voxdata/indicvoices/real/telugu_179.wav,0,indicvoices
/Volumes/KIOXIA/voxdata/indicvoices/real/tamil_291.wav,0,indicvoices
/Volumes/KIOXIA/voxdata/indicvoices/real/assamese_356.wav,0,indicvoices
/Volumes/KIOXIA/voxdata/indicvoices/real/punjabi_43.wav,0,indicvoices
/Volumes/KIOXIA/voxdata/indicvoices/real/telugu_192.wav,0,indicvoices
/Volumes/KIOXIA/voxdata/indicvoices/real/punjabi_57.wav,0,indicvoices
/Volumes/KIOXIA/voxdata/indicvoices/real/assamese_342.wav,0,indicvoices
/Volumes/KIOXIA/voxdata/indicvoices/real/telugu_186.wav,0,indicvoices
/Volumes/KIOXIA/voxdata/indicvoices/real/tamil_285.wav,0,indicvoices
/Volumes/KIOXIA/voxdata/indicvoices/real/marathi_53.wav,0,indicvoices
/Volumes/KIOXIA/voxdata/indicvoices/real/marathi_47.wav,0,indicvoices
/Volumes/KIOXIA/voxdata/indicvoices/real/marathi_46.wav,0,indicvoices
/Volumes/KIOXIA/voxdata/indicvoices/real/marathi_52.wav,0,indicvoices
/Volumes/KIOXIA/voxdata/indicvoices/real/telugu_187.wav,0,indicvoices
/Volumes/KIOXIA/voxdata/indicvoices/real/punjabi_56.wav,0,indicvoices
/Volumes/KIOXIA/voxdata/indicvoices/real/assamese_343.wav,0,indicvoices
/Volumes/KIOXIA/voxdata/indicvoices/real/tamil_284.wav,0,indicvoices
/Volumes/KIOXIA/voxdata/indicvoices/real/tamil_290.wav,0,indicvoices
/Volumes/KIOXIA/voxdata/indicvoices/real/telugu_193.wav,0,indicvoices
/Volumes/KIOXIA/voxdata/indicvoices/real/assamese_357.wav,0,indicvoices
/Volumes/KIOXIA/voxdata/indicvoices/real/punjabi_42.wav,0,indicvoices
/Volumes/KIOXIA/voxdata/indicvoices/real/telugu_178.wav,0,indicvoices
/Volumes/KIOXIA/voxdata/indicvoices/real/marathi_85.wav,0,indicvoices
/Volumes/KIOXIA/voxdata/indicvoices/real/hindi_330.wav,0,indicvoices
/Volumes/KIOXIA/voxdata/indicvoices/real/marathi_91.wav,0,indicvoices
/Volumes/KIOXIA/voxdata/indicvoices/real/hindi_324.wav,0,indicvoices
/Volumes/KIOXIA/voxdata/indicvoices/real/punjabi_359.wav,0,indicvoices
/Volumes/KIOXIA/voxdata/indicvoices/real/marathi_338.wav,0,indicvoices
/Volumes/KIOXIA/voxdata/indicvoices/real/punjabi_371.wav,0,indicvoices
/Volumes/KIOXIA/voxdata/indicvoices/real/marathi_310.wav,0,indicvoices
/Volumes/KIOXIA/voxdata/indicvoices/real/malayalam_13.wav,0,indicvoices
/Volumes/KIOXIA/voxdata/indicvoices/real/telugu_144.wav,0,indicvoices
/Volumes/KIOXIA/voxdata/indicvoices/real/assamese_380.wav,0,indicvoices
/Volumes/KIOXIA/voxdata/indicvoices/real/punjabi_95.wav,0,indicvoices
/Volumes/KIOXIA/voxdata/indicvoices/real/tamil_247.wav,0,indicvoices
/Volumes/KIOXIA/voxdata/indicvoices/real/tamil_253.wav,0,indicvoices
/Volumes/KIOXIA/voxdata/indicvoices/real/marathi_304.wav,0,indicvoices
/Volumes/KIOXIA/voxdata/indicvoices/real/telugu_150.wav,0,indicvoices
/Volumes/KIOXIA/voxdata/indicvoices/real/punjabi_81.wav,0,indicvoices
/Volumes/KIOXIA/voxdata/indicvoices/real/assamese_394.wav,0,indicvoices
/Volumes/KIOXIA/voxdata/indicvoices/real/hindi_318.wav,0,indicvoices
/Volumes/KIOXIA/voxdata/indicvoices/real/punjabi_365.wav,0,indicvoices
/Volumes/KIOXIA/voxdata/indicvoices/real/gujarati_283.wav,0,indicvoices
/Volumes/KIOXIA/voxdata/indicvoices/real/kannada_33.wav,0,indicvoices
/Volumes/KIOXIA/voxdata/indicvoices/real/gujarati_7.wav,0,indicvoices
/Volumes/KIOXIA/voxdata/indicvoices/real/punjabi_198.wav,0,indicvoices
/Volumes/KIOXIA/voxdata/indicvoices/real/bengali_289.wav,0,indicvoices
/Volumes/KIOXIA/voxdata/indicvoices/real/assamese_169.wav,0,indicvoices
/Volumes/KIOXIA/voxdata/indicvoices/real/kannada_208.wav,0,indicvoices
/Volumes/KIOXIA/voxdata/indicvoices/real/kannada_27.wav,0,indicvoices
/Volumes/KIOXIA/voxdata/indicvoices/real/gujarati_297.wav,0,indicvoices
/Volumes/KIOXIA/voxdata/indicvoices/real/kannada_220.wav,0,indicvoices
/Volumes/KIOXIA/voxdata/indicvoices/real/assamese_141.wav,0,indicvoices
/Volumes/KIOXIA/voxdata/indicvoices/real/telugu_385.wav,0,indicvoices
/Volumes/KIOXIA/voxdata/indicvoices/real/assamese_155.wav,0,indicvoices
/Volumes/KIOXIA/voxdata/indicvoices/real/telugu_391.wav,0,indicvoices
/Volumes/KIOXIA/voxdata/indicvoices/real/kannada_234.wav,0,indicvoices
/Volumes/KIOXIA/voxdata/indicvoices/real/gujarati_240.wav,0,indicvoices
/Volumes/KIOXIA/voxdata/indicvoices/real/hindi_132.wav,0,indicvoices
/Volumes/KIOXIA/voxdata/indicvoices/real/malayalam_230.wav,0,indicvoices
/Volumes/KIOXIA/voxdata/indicvoices/real/malayalam_224.wav,0,indicvoices
/Volumes/KIOXIA/voxdata/indicvoices/real/hindi_126.wav,0,indicvoices
/Volumes/KIOXIA/voxdata/indicvoices/real/gujarati_254.wav,0,indicvoices
/Volumes/KIOXIA/voxdata/indicvoices/real/hindi_10.wav,0,indicvoices
/Volumes/KIOXIA/voxdata/indicvoices/real/hindi_38.wav,0,indicvoices
/Volumes/KIOXIA/voxdata/indicvoices/real/assamese_182.wav,0,indicvoices
/Volumes/KIOXIA/voxdata/indicvoices/real/telugu_346.wav,0,indicvoices
/Volumes/KIOXIA/voxdata/indicvoices/real/marathi_112.wav,0,indicvoices
/Volumes/KIOXIA/voxdata/indicvoices/real/bengali_262.wav,0,indicvoices
/Volumes/KIOXIA/voxdata/indicvoices/real/punjabi_173.wav,0,indicvoices
/Volumes/KIOXIA/voxdata/indicvoices/real/bengali_276.wav,0,indicvoices
/Volumes/KIOXIA/voxdata/indicvoices/real/punjabi_167.wav,0,indicvoices
/Volumes/KIOXIA/voxdata/indicvoices/real/assamese_196.wav,0,indicvoices
/Volumes/KIOXIA/voxdata/indicvoices/real/telugu_352.wav,0,indicvoices
/Volumes/KIOXIA/voxdata/indicvoices/real/marathi_106.wav,0,indicvoices
/Volumes/KIOXIA/voxdata/indicvoices/real/malayalam_218.wav,0,indicvoices
/Volumes/KIOXIA/voxdata/indicvoices/real/gujarati_268.wav,0,indicvoices
/Volumes/KIOXIA/voxdata/indicvoices/real/kannada_368.wav,0,indicvoices
/Volumes/KIOXIA/voxdata/indicvoices/real/malayalam_387.wav,0,indicvoices
/Volumes/KIOXIA/voxdata/indicvoices/real/malayalam_393.wav,0,indicvoices
/Volumes/KIOXIA/voxdata/indicvoices/real/kannada_354.wav,0,indicvoices
/Volumes/KIOXIA/voxdata/indicvoices/real/kannada_5.wav,0,indicvoices
/Volumes/KIOXIA/voxdata/indicvoices/real/kannada_340.wav,0,indicvoices
/Volumes/KIOXIA/voxdata/indicvoices/real/gujarati_334.wav,0,indicvoices
/Volumes/KIOXIA/voxdata/indicvoices/real/malayalam_344.wav,0,indicvoices
/Volumes/KIOXIA/voxdata/indicvoices/real/malayalam_350.wav,0,indicvoices
/Volumes/KIOXIA/voxdata/indicvoices/real/tamil_119.wav,0,indicvoices
/Volumes/KIOXIA/voxdata/indicvoices/real/gujarati_320.wav,0,indicvoices
/Volumes/KIOXIA/voxdata/indicvoices/real/gujarati_308.wav,0,indicvoices
/Volumes/KIOXIA/voxdata/indicvoices/real/tamil_131.wav,0,indicvoices
/Volumes/KIOXIA/voxdata/indicvoices/real/kannada_397.wav,0,indicvoices
/Volumes/KIOXIA/voxdata/indicvoices/real/malayalam_378.wav,0,indicvoices
/Volumes/KIOXIA/voxdata/indicvoices/real/telugu_232.wav,0,indicvoices
/Volumes/KIOXIA/voxdata/indicvoices/real/bengali_316.wav,0,indicvoices
/Volumes/KIOXIA/voxdata/indicvoices/real/bengali_302.wav,0,indicvoices
/Volumes/KIOXIA/voxdata/indicvoices/real/telugu_226.wav,0,indicvoices
/Volumes/KIOXIA/voxdata/indicvoices/real/kannada_383.wav,0,indicvoices
/Volumes/KIOXIA/voxdata/indicvoices/real/tamil_125.wav,0,indicvoices
/Volumes/KIOXIA/voxdata/indicvoices/real/hindi_287.wav,0,indicvoices
/Volumes/KIOXIA/voxdata/indicvoices/real/malayalam_185.wav,0,indicvoices
/Volumes/KIOXIA/voxdata/indicvoices/real/marathi_9.wav,0,indicvoices
/Volumes/KIOXIA/voxdata/indicvoices/real/bengali_12.wav,0,indicvoices
/Volumes/KIOXIA/voxdata/indicvoices/real/telugu_11.wav,0,indicvoices
/Volumes/KIOXIA/voxdata/indicvoices/real/malayalam_191.wav,0,indicvoices
/Volumes/KIOXIA/voxdata/indicvoices/real/hindi_293.wav,0,indicvoices
/Volumes/KIOXIA/voxdata/indicvoices/real/assamese_237.wav,0,indicvoices
/Volumes/KIOXIA/voxdata/indicvoices/real/assamese_62.wav,0,indicvoices
/Volumes/KIOXIA/voxdata/indicvoices/real/kannada_156.wav,0,indicvoices
/Volumes/KIOXIA/voxdata/indicvoices/real/gujarati_20.wav,0,indicvoices
/Volumes/KIOXIA/voxdata/indicvoices/real/telugu_39.wav,0,indicvoices
/Volumes/KIOXIA/voxdata/indicvoices/real/gujarati_34.wav,0,indicvoices
/Volumes/KIOXIA/voxdata/indicvoices/real/kannada_142.wav,0,indicvoices
/Volumes/KIOXIA/voxdata/indicvoices/real/assamese_76.wav,0,indicvoices
/Volumes/KIOXIA/voxdata/indicvoices/real/tamil_17.wav,0,indicvoices
/Volumes/KIOXIA/voxdata/indicvoices/real/assamese_223.wav,0,indicvoices
/Volumes/KIOXIA/voxdata/indicvoices/real/malayalam_146.wav,0,indicvoices
/Volumes/KIOXIA/voxdata/indicvoices/real/marathi_258.wav,0,indicvoices
/Volumes/KIOXIA/voxdata/indicvoices/real/bengali_128.wav,0,indicvoices
/Volumes/KIOXIA/voxdata/indicvoices/real/punjabi_239.wav,0,indicvoices
/Volumes/KIOXIA/voxdata/indicvoices/real/hindi_244.wav,0,indicvoices
/Volumes/KIOXIA/voxdata/indicvoices/real/gujarati_136.wav,0,indicvoices
/Volumes/KIOXIA/voxdata/indicvoices/real/assamese_89.wav,0,indicvoices
/Volumes/KIOXIA/voxdata/indicvoices/real/gujarati_122.wav,0,indicvoices
/Volumes/KIOXIA/voxdata/indicvoices/real/hindi_250.wav,0,indicvoices
/Volumes/KIOXIA/voxdata/indicvoices/real/malayalam_152.wav,0,indicvoices
/Volumes/KIOXIA/voxdata/indicvoices/real/punjabi_205.wav,0,indicvoices
/Volumes/KIOXIA/voxdata/indicvoices/real/bengali_114.wav,0,indicvoices
/Volumes/KIOXIA/voxdata/indicvoices/real/hindi_278.wav,0,indicvoices
/Volumes/KIOXIA/voxdata/indicvoices/real/marathi_264.wav,0,indicvoices
/Volumes/KIOXIA/voxdata/indicvoices/real/kannada_195.wav,0,indicvoices
/Volumes/KIOXIA/voxdata/indicvoices/real/tamil_333.wav,0,indicvoices
/Volumes/KIOXIA/voxdata/indicvoices/real/tamil_327.wav,0,indicvoices
/Volumes/KIOXIA/voxdata/indicvoices/real/kannada_181.wav,0,indicvoices
/Volumes/KIOXIA/voxdata/indicvoices/real/marathi_270.wav,0,indicvoices
/Volumes/KIOXIA/voxdata/indicvoices/real/punjabi_211.wav,0,indicvoices
/Volumes/KIOXIA/voxdata/indicvoices/real/bengali_100.wav,0,indicvoices
