path,label,dataset
/Volumes/KIOXIA/voxdata/in_the_wild/real/16181.wav,0,in_the_wild
/Volumes/KIOXIA/voxdata/in_the_wild/fake/29404.wav,1,in_the_wild
/Volumes/KIOXIA/voxdata/in_the_wild/real/3120.wav,0,in_the_wild
/Volumes/KIOXIA/voxdata/in_the_wild/real/29125.wav,0,in_the_wild
/Volumes/KIOXIA/voxdata/in_the_wild/fake/23549.wav,1,in_the_wild
/Volumes/KIOXIA/voxdata/in_the_wild/fake/13111.wav,1,in_the_wild
/Volumes/KIOXIA/voxdata/in_the_wild/fake/8608.wav,1,in_the_wild
/Volumes/KIOXIA/voxdata/in_the_wild/fake/31322.wav,1,in_the_wild
/Volumes/KIOXIA/voxdata/in_the_wild/real/30667.wav,0,in_the_wild
/Volumes/KIOXIA/voxdata/in_the_wild/fake/9622.wav,1,in_the_wild
/Volumes/KIOXIA/voxdata/in_the_wild/real/23229.wav,0,in_the_wild
/Volumes/KIOXIA/voxdata/in_the_wild/real/27417.wav,0,in_the_wild
/Volumes/KIOXIA/voxdata/in_the_wild/fake/13925.wav,1,in_the_wild
/Volumes/KIOXIA/voxdata/in_the_wild/fake/25161.wav,1,in_the_wild
/Volumes/KIOXIA/voxdata/in_the_wild/real/4303.wav,0,in_the_wild
/Volumes/KIOXIA/voxdata/in_the_wild/fake/22020.wav,1,in_the_wild
/Volumes/KIOXIA/voxdata/in_the_wild/fake/27411.wav,1,in_the_wild
/Volumes/KIOXIA/voxdata/in_the_wild/real/11649.wav,0,in_the_wild
/Volumes/KIOXIA/voxdata/in_the_wild/fake/5153.wav,1,in_the_wild
/Volumes/KIOXIA/voxdata/in_the_wild/fake/5944.wav,1,in_the_wild
/Volumes/KIOXIA/voxdata/in_the_wild/fake/20855.wav,1,in_the_wild
/Volumes/KIOXIA/voxdata/in_the_wild/fake/15545.wav,1,in_the_wild
/Volumes/KIOXIA/voxdata/in_the_wild/fake/20386.wav,1,in_the_wild
/Volumes/KIOXIA/voxdata/in_the_wild/real/30740.wav,0,in_the_wild
/Volumes/KIOXIA/voxdata/in_the_wild/fake/12016.wav,1,in_the_wild
/Volumes/KIOXIA/voxdata/in_the_wild/fake/29646.wav,1,in_the_wild
/Volumes/KIOXIA/voxdata/in_the_wild/fake/2953.wav,1,in_the_wild
/Volumes/KIOXIA/voxdata/in_the_wild/fake/7483.wav,1,in_the_wild
/Volumes/KIOXIA/voxdata/in_the_wild/real/1579.wav,0,in_the_wild
/Volumes/KIOXIA/voxdata/in_the_wild/real/22701.wav,0,in_the_wild
/Volumes/KIOXIA/voxdata/in_the_wild/fake/2217.wav,1,in_the_wild
/Volumes/KIOXIA/voxdata/in_the_wild/real/20047.wav,0,in_the_wild
/Volumes/KIOXIA/voxdata/in_the_wild/fake/7102.wav,1,in_the_wild
/Volumes/KIOXIA/voxdata/in_the_wild/fake/9357.wav,1,in_the_wild
/Volumes/KIOXIA/voxdata/in_the_wild/real/1383.wav,0,in_the_wild
/Volumes/KIOXIA/voxdata/in_the_wild/real/20328.wav,0,in_the_wild
/Volumes/KIOXIA/voxdata/in_the_wild/real/1096.wav,0,in_the_wild
/Volumes/KIOXIA/voxdata/in_the_wild/real/19475.wav,0,in_the_wild
/Volumes/KIOXIA/voxdata/in_the_wild/real/17577.wav,0,in_the_wild
/Volumes/KIOXIA/voxdata/in_the_wild/real/25861.wav,0,in_the_wild
/Volumes/KIOXIA/voxdata/in_the_wild/fake/6040.wav,1,in_the_wild
/Volumes/KIOXIA/voxdata/in_the_wild/real/15708.wav,0,in_the_wild
/Volumes/KIOXIA/voxdata/in_the_wild/real/9761.wav,0,in_the_wild
/Volumes/KIOXIA/voxdata/in_the_wild/real/26942.wav,0,in_the_wild
/Volumes/KIOXIA/voxdata/in_the_wild/fake/24355.wav,1,in_the_wild
/Volumes/KIOXIA/voxdata/in_the_wild/fake/20018.wav,1,in_the_wild
/Volumes/KIOXIA/voxdata/in_the_wild/fake/712.wav,1,in_the_wild
/Volumes/KIOXIA/voxdata/in_the_wild/fake/10157.wav,1,in_the_wild
/Volumes/KIOXIA/voxdata/in_the_wild/real/27680.wav,0,in_the_wild
/Volumes/KIOXIA/voxdata/in_the_wild/real/9107.wav,0,in_the_wild
/Volumes/KIOXIA/voxdata/in_the_wild/real/17931.wav,0,in_the_wild
/Volumes/KIOXIA/voxdata/in_the_wild/real/15375.wav,0,in_the_wild
/Volumes/KIOXIA/voxdata/in_the_wild/fake/12229.wav,1,in_the_wild
/Volumes/KIOXIA/voxdata/in_the_wild/real/20400.wav,0,in_the_wild
/Volumes/KIOXIA/voxdata/in_the_wild/real/24929.wav,0,in_the_wild
/Volumes/KIOXIA/voxdata/in_the_wild/fake/4387.wav,1,in_the_wild
/Volumes/KIOXIA/voxdata/in_the_wild/real/26490.wav,0,in_the_wild
/Volumes/KIOXIA/voxdata/in_the_wild/real/28157.wav,0,in_the_wild
/Volumes/KIOXIA/voxdata/in_the_wild/fake/4257.wav,1,in_the_wild
/Volumes/KIOXIA/voxdata/in_the_wild/real/18776.wav,0,in_the_wild
/Volumes/KIOXIA/voxdata/in_the_wild/fake/15193.wav,1,in_the_wild
/Volumes/KIOXIA/voxdata/in_the_wild/real/12380.wav,0,in_the_wild
/Volumes/KIOXIA/voxdata/in_the_wild/real/29507.wav,0,in_the_wild
/Volumes/KIOXIA/voxdata/in_the_wild/real/25235.wav,0,in_the_wild
/Volumes/KIOXIA/voxdata/in_the_wild/real/24136.wav,0,in_the_wild
/Volumes/KIOXIA/voxdata/in_the_wild/real/23411.wav,0,in_the_wild
/Volumes/KIOXIA/voxdata/in_the_wild/fake/7445.wav,1,in_the_wild
/Volumes/KIOXIA/voxdata/in_the_wild/fake/18405.wav,1,in_the_wild
/Volumes/KIOXIA/voxdata/in_the_wild/fake/6341.wav,1,in_the_wild
/Volumes/KIOXIA/voxdata/in_the_wild/fake/5529.wav,1,in_the_wild
/Volumes/KIOXIA/voxdata/in_the_wild/fake/31376.wav,1,in_the_wild
/Volumes/KIOXIA/voxdata/in_the_wild/real/12875.wav,0,in_the_wild
/Volumes/KIOXIA/voxdata/in_the_wild/fake/24354.wav,1,in_the_wild
/Volumes/KIOXIA/voxdata/in_the_wild/fake/29198.wav,1,in_the_wild
/Volumes/KIOXIA/voxdata/in_the_wild/fake/2275.wav,1,in_the_wild
/Volumes/KIOXIA/voxdata/in_the_wild/real/23948.wav,0,in_the_wild
/Volumes/KIOXIA/voxdata/in_the_wild/fake/16126.wav,1,in_the_wild
/Volumes/KIOXIA/voxdata/in_the_wild/fake/1030.wav,1,in_the_wild
/Volumes/KIOXIA/voxdata/in_the_wild/fake/13810.wav,1,in_the_wild
/Volumes/KIOXIA/voxdata/in_the_wild/fake/28210.wav,1,in_the_wild
/Volumes/KIOXIA/voxdata/in_the_wild/fake/26014.wav,1,in_the_wild
/Volumes/KIOXIA/voxdata/in_the_wild/fake/1642.wav,1,in_the_wild
/Volumes/KIOXIA/voxdata/in_the_wild/real/29954.wav,0,in_the_wild
/Volumes/KIOXIA/voxdata/in_the_wild/fake/22819.wav,1,in_the_wild
/Volumes/KIOXIA/voxdata/in_the_wild/real/28046.wav,0,in_the_wild
/Volumes/KIOXIA/voxdata/in_the_wild/real/10774.wav,0,in_the_wild
/Volumes/KIOXIA/voxdata/in_the_wild/real/22971.wav,0,in_the_wild
/Volumes/KIOXIA/voxdata/in_the_wild/fake/12997.wav,1,in_the_wild
/Volumes/KIOXIA/voxdata/in_the_wild/fake/19838.wav,1,in_the_wild
/Volumes/KIOXIA/voxdata/in_the_wild/fake/19432.wav,1,in_the_wild
/Volumes/KIOXIA/voxdata/in_the_wild/real/30388.wav,0,in_the_wild
/Volumes/KIOXIA/voxdata/in_the_wild/real/5978.wav,0,in_the_wild
/Volumes/KIOXIA/voxdata/in_the_wild/real/11239.wav,0,in_the_wild
/Volumes/KIOXIA/voxdata/in_the_wild/real/24596.wav,0,in_the_wild
/Volumes/KIOXIA/voxdata/in_the_wild/fake/5834.wav,1,in_the_wild
/Volumes/KIOXIA/voxdata/in_the_wild/fake/4832.wav,1,in_the_wild
/Volumes/KIOXIA/voxdata/in_the_wild/real/9287.wav,0,in_the_wild
/Volumes/KIOXIA/voxdata/in_the_wild/fake/15649.wav,1,in_the_wild
/Volumes/KIOXIA/voxdata/in_the_wild/real/4945.wav,0,in_the_wild
/Volumes/KIOXIA/voxdata/in_the_wild/real/1140.wav,0,in_the_wild
/Volumes/KIOXIA/voxdata/in_the_wild/fake/25975.wav,1,in_the_wild
/Volumes/KIOXIA/voxdata/in_the_wild/real/19889.wav,0,in_the_wild
/Volumes/KIOXIA/voxdata/in_the_wild/fake/940.wav,1,in_the_wild
/Volumes/KIOXIA/voxdata/in_the_wild/fake/27836.wav,1,in_the_wild
/Volumes/KIOXIA/voxdata/in_the_wild/fake/28038.wav,1,in_the_wild
/Volumes/KIOXIA/voxdata/in_the_wild/real/31282.wav,0,in_the_wild
/Volumes/KIOXIA/voxdata/in_the_wild/real/10390.wav,0,in_the_wild
/Volumes/KIOXIA/voxdata/in_the_wild/real/12186.wav,0,in_the_wild
/Volumes/KIOXIA/voxdata/in_the_wild/real/23511.wav,0,in_the_wild
/Volumes/KIOXIA/voxdata/in_the_wild/fake/3248.wav,1,in_the_wild
/Volumes/KIOXIA/voxdata/in_the_wild/real/10163.wav,0,in_the_wild
/Volumes/KIOXIA/voxdata/in_the_wild/fake/27788.wav,1,in_the_wild
/Volumes/KIOXIA/voxdata/in_the_wild/fake/19487.wav,1,in_the_wild
/Volumes/KIOXIA/voxdata/in_the_wild/real/23861.wav,0,in_the_wild
/Volumes/KIOXIA/voxdata/in_the_wild/fake/28436.wav,1,in_the_wild
/Volumes/KIOXIA/voxdata/in_the_wild/real/22248.wav,0,in_the_wild
/Volumes/KIOXIA/voxdata/in_the_wild/fake/18658.wav,1,in_the_wild
/Volumes/KIOXIA/voxdata/in_the_wild/real/25499.wav,0,in_the_wild
/Volumes/KIOXIA/voxdata/in_the_wild/fake/22116.wav,1,in_the_wild
/Volumes/KIOXIA/voxdata/in_the_wild/fake/27762.wav,1,in_the_wild
/Volumes/KIOXIA/voxdata/in_the_wild/fake/19676.wav,1,in_the_wild
/Volumes/KIOXIA/voxdata/in_the_wild/real/1621.wav,0,in_the_wild
/Volumes/KIOXIA/voxdata/in_the_wild/real/27839.wav,0,in_the_wild
/Volumes/KIOXIA/voxdata/in_the_wild/real/4839.wav,0,in_the_wild
/Volumes/KIOXIA/voxdata/in_the_wild/fake/17216.wav,1,in_the_wild
/Volumes/KIOXIA/voxdata/in_the_wild/real/18830.wav,0,in_the_wild
/Volumes/KIOXIA/voxdata/in_the_wild/real/1986.wav,0,in_the_wild
/Volumes/KIOXIA/voxdata/in_the_wild/real/12884.wav,0,in_the_wild
/Volumes/KIOXIA/voxdata/in_the_wild/fake/1100.wav,1,in_the_wild
/Volumes/KIOXIA/voxdata/in_the_wild/fake/28703.wav,1,in_the_wild
/Volumes/KIOXIA/voxdata/in_the_wild/fake/3844.wav,1,in_the_wild
/Volumes/KIOXIA/voxdata/in_the_wild/fake/5711.wav,1,in_the_wild
/Volumes/KIOXIA/voxdata/in_the_wild/fake/9558.wav,1,in_the_wild
/Volumes/KIOXIA/voxdata/in_the_wild/real/20255.wav,0,in_the_wild
/Volumes/KIOXIA/voxdata/in_the_wild/fake/24326.wav,1,in_the_wild
/Volumes/KIOXIA/voxdata/in_the_wild/fake/2709.wav,1,in_the_wild
/Volumes/KIOXIA/voxdata/in_the_wild/real/25807.wav,0,in_the_wild
/Volumes/KIOXIA/voxdata/in_the_wild/real/10331.wav,0,in_the_wild
/Volumes/KIOXIA/voxdata/in_the_wild/fake/16552.wav,1,in_the_wild
/Volumes/KIOXIA/voxdata/in_the_wild/real/3803.wav,0,in_the_wild
/Volumes/KIOXIA/voxdata/in_the_wild/fake/28537.wav,1,in_the_wild
/Volumes/KIOXIA/voxdata/in_the_wild/fake/12084.wav,1,in_the_wild
/Volumes/KIOXIA/voxdata/in_the_wild/fake/26938.wav,1,in_the_wild
/Volumes/KIOXIA/voxdata/in_the_wild/fake/19769.wav,1,in_the_wild
/Volumes/KIOXIA/voxdata/in_the_wild/real/23187.wav,0,in_the_wild
/Volumes/KIOXIA/voxdata/in_the_wild/fake/21206.wav,1,in_the_wild
/Volumes/KIOXIA/voxdata/in_the_wild/real/17133.wav,0,in_the_wild
/Volumes/KIOXIA/voxdata/in_the_wild/fake/1198.wav,1,in_the_wild
/Volumes/KIOXIA/voxdata/in_the_wild/fake/28612.wav,1,in_the_wild
/Volumes/KIOXIA/voxdata/in_the_wild/fake/8622.wav,1,in_the_wild
/Volumes/KIOXIA/voxdata/in_the_wild/real/18643.wav,0,in_the_wild
/Volumes/KIOXIA/voxdata/in_the_wild/real/19016.wav,0,in_the_wild
/Volumes/KIOXIA/voxdata/in_the_wild/fake/13485.wav,1,in_the_wild
/Volumes/KIOXIA/voxdata/in_the_wild/fake/20636.wav,1,in_the_wild
/Volumes/KIOXIA/voxdata/in_the_wild/fake/20715.wav,1,in_the_wild
/Volumes/KIOXIA/voxdata/in_the_wild/real/18327.wav,0,in_the_wild
/Volumes/KIOXIA/voxdata/in_the_wild/real/1971.wav,0,in_the_wild
/Volumes/KIOXIA/voxdata/in_the_wild/real/23558.wav,0,in_the_wild
/Volumes/KIOXIA/voxdata/in_the_wild/real/24182.wav,0,in_the_wild
/Volumes/KIOXIA/voxdata/in_the_wild/fake/28493.wav,1,in_the_wild
/Volumes/KIOXIA/voxdata/in_the_wild/fake/9108.wav,1,in_the_wild
/Volumes/KIOXIA/voxdata/in_the_wild/fake/5663.wav,1,in_the_wild
/Volumes/KIOXIA/voxdata/in_the_wild/fake/14251.wav,1,in_the_wild
/Volumes/KIOXIA/voxdata/in_the_wild/real/26554.wav,0,in_the_wild
/Volumes/KIOXIA/voxdata/in_the_wild/real/22568.wav,0,in_the_wild
/Volumes/KIOXIA/voxdata/in_the_wild/real/23221.wav,0,in_the_wild
/Volumes/KIOXIA/voxdata/in_the_wild/fake/20759.wav,1,in_the_wild
/Volumes/KIOXIA/voxdata/in_the_wild/real/29079.wav,0,in_the_wild
/Volumes/KIOXIA/voxdata/in_the_wild/fake/12695.wav,1,in_the_wild
/Volumes/KIOXIA/voxdata/in_the_wild/real/25070.wav,0,in_the_wild
/Volumes/KIOXIA/voxdata/in_the_wild/fake/6318.wav,1,in_the_wild
/Volumes/KIOXIA/voxdata/in_the_wild/real/12584.wav,0,in_the_wild
/Volumes/KIOXIA/voxdata/in_the_wild/fake/29143.wav,1,in_the_wild
/Volumes/KIOXIA/voxdata/in_the_wild/real/9860.wav,0,in_the_wild
/Volumes/KIOXIA/voxdata/in_the_wild/fake/20781.wav,1,in_the_wild
/Volumes/KIOXIA/voxdata/in_the_wild/real/830.wav,0,in_the_wild
/Volumes/KIOXIA/voxdata/in_the_wild/real/27279.wav,0,in_the_wild
/Volumes/KIOXIA/voxdata/in_the_wild/real/12686.wav,0,in_the_wild
/Volumes/KIOXIA/voxdata/in_the_wild/real/18835.wav,0,in_the_wild
/Volumes/KIOXIA/voxdata/in_the_wild/real/23798.wav,0,in_the_wild
/Volumes/KIOXIA/voxdata/in_the_wild/real/28879.wav,0,in_the_wild
/Volumes/KIOXIA/voxdata/in_the_wild/real/23146.wav,0,in_the_wild
/Volumes/KIOXIA/voxdata/in_the_wild/real/28066.wav,0,in_the_wild
/Volumes/KIOXIA/voxdata/in_the_wild/fake/3023.wav,1,in_the_wild
/Volumes/KIOXIA/voxdata/in_the_wild/real/14304.wav,0,in_the_wild
/Volumes/KIOXIA/voxdata/in_the_wild/fake/16009.wav,1,in_the_wild
/Volumes/KIOXIA/voxdata/in_the_wild/real/12180.wav,0,in_the_wild
/Volumes/KIOXIA/voxdata/in_the_wild/fake/29307.wav,1,in_the_wild
/Volumes/KIOXIA/voxdata/in_the_wild/real/17526.wav,0,in_the_wild
/Volumes/KIOXIA/voxdata/in_the_wild/fake/30050.wav,1,in_the_wild
/Volumes/KIOXIA/voxdata/in_the_wild/fake/14126.wav,1,in_the_wild
/Volumes/KIOXIA/voxdata/in_the_wild/fake/14888.wav,1,in_the_wild
/Volumes/KIOXIA/voxdata/in_the_wild/fake/22007.wav,1,in_the_wild
/Volumes/KIOXIA/voxdata/in_the_wild/fake/13357.wav,1,in_the_wild
/Volumes/KIOXIA/voxdata/in_the_wild/fake/5501.wav,1,in_the_wild
/Volumes/KIOXIA/voxdata/in_the_wild/fake/25092.wav,1,in_the_wild
/Volumes/KIOXIA/voxdata/in_the_wild/fake/270.wav,1,in_the_wild
/Volumes/KIOXIA/voxdata/in_the_wild/fake/16804.wav,1,in_the_wild
/Volumes/KIOXIA/voxdata/in_the_wild/real/24235.wav,0,in_the_wild
/Volumes/KIOXIA/voxdata/in_the_wild/fake/27708.wav,1,in_the_wild
/Volumes/KIOXIA/voxdata/in_the_wild/real/25865.wav,0,in_the_wild
/Volumes/KIOXIA/voxdata/in_the_wild/real/14118.wav,0,in_the_wild
/Volumes/KIOXIA/voxdata/in_the_wild/fake/18020.wav,1,in_the_wild
/Volumes/KIOXIA/voxdata/in_the_wild/real/2095.wav,0,in_the_wild
/Volumes/KIOXIA/voxdata/in_the_wild/fake/23169.wav,1,in_the_wild
/Volumes/KIOXIA/voxdata/in_the_wild/real/30158.wav,0,in_the_wild
/Volumes/KIOXIA/voxdata/in_the_wild/fake/30660.wav,1,in_the_wild
/Volumes/KIOXIA/voxdata/in_the_wild/real/6643.wav,0,in_the_wild
/Volumes/KIOXIA/voxdata/in_the_wild/fake/11206.wav,1,in_the_wild
/Volumes/KIOXIA/voxdata/in_the_wild/fake/11777.wav,1,in_the_wild
/Volumes/KIOXIA/voxdata/in_the_wild/real/27283.wav,0,in_the_wild
/Volumes/KIOXIA/voxdata/in_the_wild/real/13629.wav,0,in_the_wild
/Volumes/KIOXIA/voxdata/in_the_wild/real/15672.wav,0,in_the_wild
/Volumes/KIOXIA/voxdata/in_the_wild/fake/2208.wav,1,in_the_wild
/Volumes/KIOXIA/voxdata/in_the_wild/real/24381.wav,0,in_the_wild
/Volumes/KIOXIA/voxdata/in_the_wild/real/17595.wav,0,in_the_wild
/Volumes/KIOXIA/voxdata/in_the_wild/fake/18076.wav,1,in_the_wild
/Volumes/KIOXIA/voxdata/in_the_wild/real/19854.wav,0,in_the_wild
/Volumes/KIOXIA/voxdata/in_the_wild/fake/18620.wav,1,in_the_wild
/Volumes/KIOXIA/voxdata/in_the_wild/fake/14131.wav,1,in_the_wild
/Volumes/KIOXIA/voxdata/in_the_wild/fake/31375.wav,1,in_the_wild
/Volumes/KIOXIA/voxdata/in_the_wild/real/181.wav,0,in_the_wild
/Volumes/KIOXIA/voxdata/in_the_wild/fake/23760.wav,1,in_the_wild
/Volumes/KIOXIA/voxdata/in_the_wild/real/31474.wav,0,in_the_wild
/Volumes/KIOXIA/voxdata/in_the_wild/fake/12281.wav,1,in_the_wild
/Volumes/KIOXIA/voxdata/in_the_wild/real/30971.wav,0,in_the_wild
/Volumes/KIOXIA/voxdata/in_the_wild/fake/6101.wav,1,in_the_wild
/Volumes/KIOXIA/voxdata/in_the_wild/fake/905.wav,1,in_the_wild
/Volumes/KIOXIA/voxdata/in_the_wild/real/3460.wav,0,in_the_wild
/Volumes/KIOXIA/voxdata/in_the_wild/fake/7202.wav,1,in_the_wild
/Volumes/KIOXIA/voxdata/in_the_wild/real/26086.wav,0,in_the_wild
/Volumes/KIOXIA/voxdata/in_the_wild/real/5124.wav,0,in_the_wild
/Volumes/KIOXIA/voxdata/in_the_wild/fake/972.wav,1,in_the_wild
/Volumes/KIOXIA/voxdata/in_the_wild/fake/22229.wav,1,in_the_wild
/Volumes/KIOXIA/voxdata/in_the_wild/fake/18716.wav,1,in_the_wild
/Volumes/KIOXIA/voxdata/in_the_wild/real/29500.wav,0,in_the_wild
/Volumes/KIOXIA/voxdata/in_the_wild/real/19608.wav,0,in_the_wild
/Volumes/KIOXIA/voxdata/in_the_wild/real/25645.wav,0,in_the_wild
/Volumes/KIOXIA/voxdata/in_the_wild/real/3523.wav,0,in_the_wild
/Volumes/KIOXIA/voxdata/in_the_wild/real/28516.wav,0,in_the_wild
/Volumes/KIOXIA/voxdata/in_the_wild/real/6246.wav,0,in_the_wild
/Volumes/KIOXIA/voxdata/in_the_wild/real/27369.wav,0,in_the_wild
/Volumes/KIOXIA/voxdata/in_the_wild/real/18199.wav,0,in_the_wild
/Volumes/KIOXIA/voxdata/in_the_wild/fake/14871.wav,1,in_the_wild
/Volumes/KIOXIA/voxdata/in_the_wild/fake/30146.wav,1,in_the_wild
/Volumes/KIOXIA/voxdata/in_the_wild/fake/12567.wav,1,in_the_wild
/Volumes/KIOXIA/voxdata/in_the_wild/real/20397.wav,0,in_the_wild
/Volumes/KIOXIA/voxdata/in_the_wild/fake/8551.wav,1,in_the_wild
/Volumes/KIOXIA/voxdata/in_the_wild/real/4378.wav,0,in_the_wild
/Volumes/KIOXIA/voxdata/in_the_wild/fake/8989.wav,1,in_the_wild
/Volumes/KIOXIA/voxdata/in_the_wild/fake/21862.wav,1,in_the_wild
/Volumes/KIOXIA/voxdata/in_the_wild/fake/16996.wav,1,in_the_wild
/Volumes/KIOXIA/voxdata/in_the_wild/fake/24998.wav,1,in_the_wild
/Volumes/KIOXIA/voxdata/in_the_wild/fake/24220.wav,1,in_the_wild
/Volumes/KIOXIA/voxdata/in_the_wild/real/25133.wav,0,in_the_wild
/Volumes/KIOXIA/voxdata/in_the_wild/fake/7255.wav,1,in_the_wild
/Volumes/KIOXIA/voxdata/in_the_wild/real/9827.wav,0,in_the_wild
/Volumes/KIOXIA/voxdata/in_the_wild/real/21743.wav,0,in_the_wild
/Volumes/KIOXIA/voxdata/in_the_wild/fake/14720.wav,1,in_the_wild
/Volumes/KIOXIA/voxdata/in_the_wild/fake/22966.wav,1,in_the_wild
/Volumes/KIOXIA/voxdata/in_the_wild/real/8755.wav,0,in_the_wild
/Volumes/KIOXIA/voxdata/in_the_wild/real/15955.wav,0,in_the_wild
/Volumes/KIOXIA/voxdata/in_the_wild/fake/2995.wav,1,in_the_wild
/Volumes/KIOXIA/voxdata/in_the_wild/real/12458.wav,0,in_the_wild
/Volumes/KIOXIA/voxdata/in_the_wild/fake/3973.wav,1,in_the_wild
/Volumes/KIOXIA/voxdata/in_the_wild/fake/4437.wav,1,in_the_wild
/Volumes/KIOXIA/voxdata/in_the_wild/real/10202.wav,0,in_the_wild
/Volumes/KIOXIA/voxdata/in_the_wild/fake/463.wav,1,in_the_wild
/Volumes/KIOXIA/voxdata/in_the_wild/fake/2834.wav,1,in_the_wild
/Volumes/KIOXIA/voxdata/in_the_wild/real/31231.wav,0,in_the_wild
/Volumes/KIOXIA/voxdata/in_the_wild/fake/26127.wav,1,in_the_wild
/Volumes/KIOXIA/voxdata/in_the_wild/fake/28719.wav,1,in_the_wild
/Volumes/KIOXIA/voxdata/in_the_wild/real/9378.wav,0,in_the_wild
/Volumes/KIOXIA/voxdata/in_the_wild/fake/11039.wav,1,in_the_wild
/Volumes/KIOXIA/voxdata/in_the_wild/real/13323.wav,0,in_the_wild
/Volumes/KIOXIA/voxdata/in_the_wild/real/18536.wav,0,in_the_wild
/Volumes/KIOXIA/voxdata/in_the_wild/fake/27682.wav,1,in_the_wild
/Volumes/KIOXIA/voxdata/in_the_wild/real/13296.wav,0,in_the_wild
/Volumes/KIOXIA/voxdata/in_the_wild/fake/29878.wav,1,in_the_wild
/Volumes/KIOXIA/voxdata/in_the_wild/real/30572.wav,0,in_the_wild
/Volumes/KIOXIA/voxdata/in_the_wild/fake/26189.wav,1,in_the_wild
/Volumes/KIOXIA/voxdata/in_the_wild/fake/24880.wav,1,in_the_wild
/Volumes/KIOXIA/voxdata/in_the_wild/fake/7042.wav,1,in_the_wild
/Volumes/KIOXIA/voxdata/in_the_wild/fake/5196.wav,1,in_the_wild
/Volumes/KIOXIA/voxdata/in_the_wild/real/4936.wav,0,in_the_wild
/Volumes/KIOXIA/voxdata/in_the_wild/fake/14275.wav,1,in_the_wild
/Volumes/KIOXIA/voxdata/in_the_wild/real/5922.wav,0,in_the_wild
/Volumes/KIOXIA/voxdata/in_the_wild/fake/22493.wav,1,in_the_wild
/Volumes/KIOXIA/voxdata/in_the_wild/real/29829.wav,0,in_the_wild
/Volumes/KIOXIA/voxdata/in_the_wild/real/16175.wav,0,in_the_wild
/Volumes/KIOXIA/voxdata/in_the_wild/fake/17622.wav,1,in_the_wild
/Volumes/KIOXIA/voxdata/in_the_wild/fake/21473.wav,1,in_the_wild
/Volumes/KIOXIA/voxdata/in_the_wild/fake/14752.wav,1,in_the_wild
/Volumes/KIOXIA/voxdata/in_the_wild/fake/6879.wav,1,in_the_wild
/Volumes/KIOXIA/voxdata/in_the_wild/real/10805.wav,0,in_the_wild
/Volumes/KIOXIA/voxdata/in_the_wild/real/19416.wav,0,in_the_wild
/Volumes/KIOXIA/voxdata/in_the_wild/fake/29773.wav,1,in_the_wild
/Volumes/KIOXIA/voxdata/in_the_wild/fake/27573.wav,1,in_the_wild
/Volumes/KIOXIA/voxdata/in_the_wild/real/5125.wav,0,in_the_wild
/Volumes/KIOXIA/voxdata/in_the_wild/fake/23441.wav,1,in_the_wild
/Volumes/KIOXIA/voxdata/in_the_wild/real/13643.wav,0,in_the_wild
/Volumes/KIOXIA/voxdata/in_the_wild/fake/8692.wav,1,in_the_wild
/Volumes/KIOXIA/voxdata/in_the_wild/real/7069.wav,0,in_the_wild
/Volumes/KIOXIA/voxdata/in_the_wild/real/5881.wav,0,in_the_wild
/Volumes/KIOXIA/voxdata/in_the_wild/real/4433.wav,0,in_the_wild
/Volumes/KIOXIA/voxdata/in_the_wild/fake/7706.wav,1,in_the_wild
/Volumes/KIOXIA/voxdata/in_the_wild/real/20607.wav,0,in_the_wild
/Volumes/KIOXIA/voxdata/in_the_wild/real/21383.wav,0,in_the_wild
/Volumes/KIOXIA/voxdata/in_the_wild/fake/14067.wav,1,in_the_wild
/Volumes/KIOXIA/voxdata/in_the_wild/fake/6775.wav,1,in_the_wild
/Volumes/KIOXIA/voxdata/in_the_wild/fake/13400.wav,1,in_the_wild
/Volumes/KIOXIA/voxdata/in_the_wild/fake/21161.wav,1,in_the_wild
/Volumes/KIOXIA/voxdata/in_the_wild/fake/18930.wav,1,in_the_wild
/Volumes/KIOXIA/voxdata/in_the_wild/real/16529.wav,0,in_the_wild
/Volumes/KIOXIA/voxdata/in_the_wild/fake/8430.wav,1,in_the_wild
/Volumes/KIOXIA/voxdata/in_the_wild/fake/12271.wav,1,in_the_wild
/Volumes/KIOXIA/voxdata/in_the_wild/fake/17215.wav,1,in_the_wild
/Volumes/KIOXIA/voxdata/in_the_wild/real/7819.wav,0,in_the_wild
/Volumes/KIOXIA/voxdata/in_the_wild/fake/31123.wav,1,in_the_wild
/Volumes/KIOXIA/voxdata/in_the_wild/fake/5558.wav,1,in_the_wild
/Volumes/KIOXIA/voxdata/in_the_wild/fake/14232.wav,1,in_the_wild
/Volumes/KIOXIA/voxdata/in_the_wild/fake/23106.wav,1,in_the_wild
/Volumes/KIOXIA/voxdata/in_the_wild/fake/7335.wav,1,in_the_wild
/Volumes/KIOXIA/voxdata/in_the_wild/real/26549.wav,0,in_the_wild
/Volumes/KIOXIA/voxdata/in_the_wild/fake/16199.wav,1,in_the_wild
/Volumes/KIOXIA/voxdata/in_the_wild/real/4519.wav,0,in_the_wild
/Volumes/KIOXIA/voxdata/in_the_wild/real/15936.wav,0,in_the_wild
/Volumes/KIOXIA/voxdata/in_the_wild/real/29966.wav,0,in_the_wild
/Volumes/KIOXIA/voxdata/in_the_wild/real/25403.wav,0,in_the_wild
/Volumes/KIOXIA/voxdata/in_the_wild/real/6998.wav,0,in_the_wild
/Volumes/KIOXIA/voxdata/in_the_wild/fake/10640.wav,1,in_the_wild
/Volumes/KIOXIA/voxdata/in_the_wild/real/8131.wav,0,in_the_wild
/Volumes/KIOXIA/voxdata/in_the_wild/real/29450.wav,0,in_the_wild
/Volumes/KIOXIA/voxdata/in_the_wild/fake/22189.wav,1,in_the_wild
/Volumes/KIOXIA/voxdata/in_the_wild/fake/22142.wav,1,in_the_wild
/Volumes/KIOXIA/voxdata/in_the_wild/fake/9674.wav,1,in_the_wild
/Volumes/KIOXIA/voxdata/in_the_wild/real/28394.wav,0,in_the_wild
/Volumes/KIOXIA/voxdata/in_the_wild/fake/10753.wav,1,in_the_wild
/Volumes/KIOXIA/voxdata/in_the_wild/real/31567.wav,0,in_the_wild
/Volumes/KIOXIA/voxdata/in_the_wild/real/4147.wav,0,in_the_wild
/Volumes/KIOXIA/voxdata/in_the_wild/fake/15435.wav,1,in_the_wild
/Volumes/KIOXIA/voxdata/in_the_wild/fake/26096.wav,1,in_the_wild
/Volumes/KIOXIA/voxdata/in_the_wild/real/9359.wav,0,in_the_wild
/Volumes/KIOXIA/voxdata/in_the_wild/real/27538.wav,0,in_the_wild
/Volumes/KIOXIA/voxdata/in_the_wild/real/25193.wav,0,in_the_wild
/Volumes/KIOXIA/voxdata/in_the_wild/real/16890.wav,0,in_the_wild
/Volumes/KIOXIA/voxdata/in_the_wild/fake/31276.wav,1,in_the_wild
/Volumes/KIOXIA/voxdata/in_the_wild/fake/19796.wav,1,in_the_wild
/Volumes/KIOXIA/voxdata/in_the_wild/fake/18119.wav,1,in_the_wild
/Volumes/KIOXIA/voxdata/in_the_wild/real/25077.wav,0,in_the_wild
/Volumes/KIOXIA/voxdata/in_the_wild/fake/12309.wav,1,in_the_wild
/Volumes/KIOXIA/voxdata/in_the_wild/fake/22172.wav,1,in_the_wild
/Volumes/KIOXIA/voxdata/in_the_wild/fake/12671.wav,1,in_the_wild
/Volumes/KIOXIA/voxdata/in_the_wild/real/4146.wav,0,in_the_wild
/Volumes/KIOXIA/voxdata/in_the_wild/fake/15387.wav,1,in_the_wild
/Volumes/KIOXIA/voxdata/in_the_wild/fake/11949.wav,1,in_the_wild
/Volumes/KIOXIA/voxdata/in_the_wild/real/16947.wav,0,in_the_wild
/Volumes/KIOXIA/voxdata/in_the_wild/fake/4923.wav,1,in_the_wild
/Volumes/KIOXIA/voxdata/in_the_wild/real/27186.wav,0,in_the_wild
/Volumes/KIOXIA/voxdata/in_the_wild/fake/28941.wav,1,in_the_wild
/Volumes/KIOXIA/voxdata/in_the_wild/real/20203.wav,0,in_the_wild
/Volumes/KIOXIA/voxdata/in_the_wild/fake/3369.wav,1,in_the_wild
/Volumes/KIOXIA/voxdata/in_the_wild/real/729.wav,0,in_the_wild
/Volumes/KIOXIA/voxdata/in_the_wild/fake/8153.wav,1,in_the_wild
/Volumes/KIOXIA/voxdata/in_the_wild/real/26401.wav,0,in_the_wild
/Volumes/KIOXIA/voxdata/in_the_wild/fake/19185.wav,1,in_the_wild
/Volumes/KIOXIA/voxdata/in_the_wild/real/875.wav,0,in_the_wild
/Volumes/KIOXIA/voxdata/in_the_wild/fake/17940.wav,1,in_the_wild
/Volumes/KIOXIA/voxdata/in_the_wild/fake/6611.wav,1,in_the_wild
/Volumes/KIOXIA/voxdata/in_the_wild/fake/29058.wav,1,in_the_wild
/Volumes/KIOXIA/voxdata/in_the_wild/real/31021.wav,0,in_the_wild
/Volumes/KIOXIA/voxdata/in_the_wild/real/25704.wav,0,in_the_wild
/Volumes/KIOXIA/voxdata/in_the_wild/fake/27805.wav,1,in_the_wild
/Volumes/KIOXIA/voxdata/in_the_wild/real/24724.wav,0,in_the_wild
/Volumes/KIOXIA/voxdata/in_the_wild/real/28949.wav,0,in_the_wild
/Volumes/KIOXIA/voxdata/in_the_wild/fake/24757.wav,1,in_the_wild
/Volumes/KIOXIA/voxdata/in_the_wild/real/30680.wav,0,in_the_wild
/Volumes/KIOXIA/voxdata/in_the_wild/real/26022.wav,0,in_the_wild
/Volumes/KIOXIA/voxdata/in_the_wild/fake/13729.wav,1,in_the_wild
/Volumes/KIOXIA/voxdata/in_the_wild/real/11232.wav,0,in_the_wild
/Volumes/KIOXIA/voxdata/in_the_wild/real/22146.wav,0,in_the_wild
/Volumes/KIOXIA/voxdata/in_the_wild/real/23437.wav,0,in_the_wild
/Volumes/KIOXIA/voxdata/in_the_wild/fake/30600.wav,1,in_the_wild
/Volumes/KIOXIA/voxdata/in_the_wild/real/28903.wav,0,in_the_wild
/Volumes/KIOXIA/voxdata/in_the_wild/real/23712.wav,0,in_the_wild
/Volumes/KIOXIA/voxdata/in_the_wild/real/3650.wav,0,in_the_wild
/Volumes/KIOXIA/voxdata/in_the_wild/fake/10833.wav,1,in_the_wild
/Volumes/KIOXIA/voxdata/in_the_wild/fake/19557.wav,1,in_the_wild
/Volumes/KIOXIA/voxdata/in_the_wild/real/3701.wav,0,in_the_wild
/Volumes/KIOXIA/voxdata/in_the_wild/fake/4557.wav,1,in_the_wild
/Volumes/KIOXIA/voxdata/in_the_wild/real/12944.wav,0,in_the_wild
/Volumes/KIOXIA/voxdata/in_the_wild/real/18098.wav,0,in_the_wild
/Volumes/KIOXIA/voxdata/in_the_wild/fake/13246.wav,1,in_the_wild
/Volumes/KIOXIA/voxdata/in_the_wild/fake/18366.wav,1,in_the_wild
/Volumes/KIOXIA/voxdata/in_the_wild/real/19257.wav,0,in_the_wild
/Volumes/KIOXIA/voxdata/in_the_wild/fake/18253.wav,1,in_the_wild
/Volumes/KIOXIA/voxdata/in_the_wild/real/30794.wav,0,in_the_wild
/Volumes/KIOXIA/voxdata/in_the_wild/fake/15952.wav,1,in_the_wild
/Volumes/KIOXIA/voxdata/in_the_wild/real/15796.wav,0,in_the_wild
/Volumes/KIOXIA/voxdata/in_the_wild/fake/6091.wav,1,in_the_wild
/Volumes/KIOXIA/voxdata/in_the_wild/real/14537.wav,0,in_the_wild
/Volumes/KIOXIA/voxdata/in_the_wild/fake/18177.wav,1,in_the_wild
/Volumes/KIOXIA/voxdata/in_the_wild/fake/22598.wav,1,in_the_wild
/Volumes/KIOXIA/voxdata/in_the_wild/fake/4038.wav,1,in_the_wild
/Volumes/KIOXIA/voxdata/in_the_wild/fake/8249.wav,1,in_the_wild
/Volumes/KIOXIA/voxdata/in_the_wild/fake/8450.wav,1,in_the_wild
/Volumes/KIOXIA/voxdata/in_the_wild/fake/1413.wav,1,in_the_wild
/Volumes/KIOXIA/voxdata/in_the_wild/real/10483.wav,0,in_the_wild
/Volumes/KIOXIA/voxdata/in_the_wild/fake/18167.wav,1,in_the_wild
/Volumes/KIOXIA/voxdata/in_the_wild/real/28583.wav,0,in_the_wild
/Volumes/KIOXIA/voxdata/in_the_wild/fake/3043.wav,1,in_the_wild
/Volumes/KIOXIA/voxdata/in_the_wild/fake/30719.wav,1,in_the_wild
/Volumes/KIOXIA/voxdata/in_the_wild/real/15483.wav,0,in_the_wild
/Volumes/KIOXIA/voxdata/in_the_wild/fake/27915.wav,1,in_the_wild
/Volumes/KIOXIA/voxdata/in_the_wild/real/15913.wav,0,in_the_wild
/Volumes/KIOXIA/voxdata/in_the_wild/fake/21754.wav,1,in_the_wild
/Volumes/KIOXIA/voxdata/in_the_wild/fake/20079.wav,1,in_the_wild
/Volumes/KIOXIA/voxdata/in_the_wild/fake/5904.wav,1,in_the_wild
/Volumes/KIOXIA/voxdata/in_the_wild/real/5327.wav,0,in_the_wild
/Volumes/KIOXIA/voxdata/in_the_wild/fake/15853.wav,1,in_the_wild
/Volumes/KIOXIA/voxdata/in_the_wild/real/7019.wav,0,in_the_wild
/Volumes/KIOXIA/voxdata/in_the_wild/real/12684.wav,0,in_the_wild
/Volumes/KIOXIA/voxdata/in_the_wild/fake/491.wav,1,in_the_wild
/Volumes/KIOXIA/voxdata/in_the_wild/real/16837.wav,0,in_the_wild
/Volumes/KIOXIA/voxdata/in_the_wild/real/26402.wav,0,in_the_wild
/Volumes/KIOXIA/voxdata/in_the_wild/fake/17650.wav,1,in_the_wild
/Volumes/KIOXIA/voxdata/in_the_wild/real/9575.wav,0,in_the_wild
/Volumes/KIOXIA/voxdata/in_the_wild/real/28554.wav,0,in_the_wild
/Volumes/KIOXIA/voxdata/in_the_wild/real/7611.wav,0,in_the_wild
/Volumes/KIOXIA/voxdata/in_the_wild/real/14691.wav,0,in_the_wild
/Volumes/KIOXIA/voxdata/in_the_wild/fake/25622.wav,1,in_the_wild
/Volumes/KIOXIA/voxdata/in_the_wild/fake/30818.wav,1,in_the_wild
/Volumes/KIOXIA/voxdata/in_the_wild/fake/10259.wav,1,in_the_wild
/Volumes/KIOXIA/voxdata/in_the_wild/real/14143.wav,0,in_the_wild
/Volumes/KIOXIA/voxdata/in_the_wild/fake/23992.wav,1,in_the_wild
/Volumes/KIOXIA/voxdata/in_the_wild/real/5176.wav,0,in_the_wild
/Volumes/KIOXIA/voxdata/in_the_wild/fake/15820.wav,1,in_the_wild
/Volumes/KIOXIA/voxdata/in_the_wild/fake/28620.wav,1,in_the_wild
/Volumes/KIOXIA/voxdata/in_the_wild/fake/11808.wav,1,in_the_wild
/Volumes/KIOXIA/voxdata/in_the_wild/real/202.wav,0,in_the_wild
/Volumes/KIOXIA/voxdata/in_the_wild/fake/11453.wav,1,in_the_wild
/Volumes/KIOXIA/voxdata/in_the_wild/fake/26705.wav,1,in_the_wild
/Volumes/KIOXIA/voxdata/in_the_wild/fake/3214.wav,1,in_the_wild
/Volumes/KIOXIA/voxdata/in_the_wild/fake/14678.wav,1,in_the_wild
/Volumes/KIOXIA/voxdata/in_the_wild/fake/13173.wav,1,in_the_wild
/Volumes/KIOXIA/voxdata/in_the_wild/real/1925.wav,0,in_the_wild
/Volumes/KIOXIA/voxdata/in_the_wild/real/14966.wav,0,in_the_wild
/Volumes/KIOXIA/voxdata/in_the_wild/fake/30001.wav,1,in_the_wild
/Volumes/KIOXIA/voxdata/in_the_wild/fake/4217.wav,1,in_the_wild
/Volumes/KIOXIA/voxdata/in_the_wild/real/21483.wav,0,in_the_wild
/Volumes/KIOXIA/voxdata/in_the_wild/real/23233.wav,0,in_the_wild
/Volumes/KIOXIA/voxdata/in_the_wild/real/7712.wav,0,in_the_wild
/Volumes/KIOXIA/voxdata/in_the_wild/real/22774.wav,0,in_the_wild
/Volumes/KIOXIA/voxdata/in_the_wild/fake/22029.wav,1,in_the_wild
/Volumes/KIOXIA/voxdata/in_the_wild/fake/25803.wav,1,in_the_wild
/Volumes/KIOXIA/voxdata/in_the_wild/real/2131.wav,0,in_the_wild
/Volumes/KIOXIA/voxdata/in_the_wild/real/27563.wav,0,in_the_wild
/Volumes/KIOXIA/voxdata/in_the_wild/fake/27530.wav,1,in_the_wild
/Volumes/KIOXIA/voxdata/in_the_wild/real/13605.wav,0,in_the_wild
/Volumes/KIOXIA/voxdata/in_the_wild/fake/14568.wav,1,in_the_wild
/Volumes/KIOXIA/voxdata/in_the_wild/real/6724.wav,0,in_the_wild
/Volumes/KIOXIA/voxdata/in_the_wild/fake/22717.wav,1,in_the_wild
/Volumes/KIOXIA/voxdata/in_the_wild/fake/21176.wav,1,in_the_wild
/Volumes/KIOXIA/voxdata/in_the_wild/fake/17149.wav,1,in_the_wild
/Volumes/KIOXIA/voxdata/in_the_wild/fake/24623.wav,1,in_the_wild
/Volumes/KIOXIA/voxdata/in_the_wild/real/11906.wav,0,in_the_wild
/Volumes/KIOXIA/voxdata/in_the_wild/fake/12532.wav,1,in_the_wild
/Volumes/KIOXIA/voxdata/in_the_wild/real/29324.wav,0,in_the_wild
/Volumes/KIOXIA/voxdata/in_the_wild/fake/28275.wav,1,in_the_wild
/Volumes/KIOXIA/voxdata/in_the_wild/fake/17653.wav,1,in_the_wild
/Volumes/KIOXIA/voxdata/in_the_wild/real/16727.wav,0,in_the_wild
/Volumes/KIOXIA/voxdata/in_the_wild/real/26575.wav,0,in_the_wild
/Volumes/KIOXIA/voxdata/in_the_wild/real/8155.wav,0,in_the_wild
/Volumes/KIOXIA/voxdata/in_the_wild/real/13525.wav,0,in_the_wild
/Volumes/KIOXIA/voxdata/in_the_wild/real/3600.wav,0,in_the_wild
/Volumes/KIOXIA/voxdata/in_the_wild/fake/24219.wav,1,in_the_wild
/Volumes/KIOXIA/voxdata/in_the_wild/fake/20541.wav,1,in_the_wild
/Volumes/KIOXIA/voxdata/in_the_wild/real/27328.wav,0,in_the_wild
/Volumes/KIOXIA/voxdata/in_the_wild/real/8046.wav,0,in_the_wild
/Volumes/KIOXIA/voxdata/in_the_wild/real/28075.wav,0,in_the_wild
/Volumes/KIOXIA/voxdata/in_the_wild/real/3107.wav,0,in_the_wild
/Volumes/KIOXIA/voxdata/in_the_wild/fake/28841.wav,1,in_the_wild
/Volumes/KIOXIA/voxdata/in_the_wild/real/24738.wav,0,in_the_wild
/Volumes/KIOXIA/voxdata/in_the_wild/real/831.wav,0,in_the_wild
/Volumes/KIOXIA/voxdata/in_the_wild/real/21381.wav,0,in_the_wild
/Volumes/KIOXIA/voxdata/in_the_wild/fake/30820.wav,1,in_the_wild
/Volumes/KIOXIA/voxdata/in_the_wild/fake/3033.wav,1,in_the_wild
/Volumes/KIOXIA/voxdata/in_the_wild/fake/26115.wav,1,in_the_wild
/Volumes/KIOXIA/voxdata/in_the_wild/fake/4884.wav,1,in_the_wild
/Volumes/KIOXIA/voxdata/in_the_wild/real/4469.wav,0,in_the_wild
/Volumes/KIOXIA/voxdata/in_the_wild/real/16746.wav,0,in_the_wild
/Volumes/KIOXIA/voxdata/in_the_wild/real/16776.wav,0,in_the_wild
/Volumes/KIOXIA/voxdata/in_the_wild/fake/12657.wav,1,in_the_wild
/Volumes/KIOXIA/voxdata/in_the_wild/real/3652.wav,0,in_the_wild
/Volumes/KIOXIA/voxdata/in_the_wild/fake/5821.wav,1,in_the_wild
/Volumes/KIOXIA/voxdata/in_the_wild/fake/3109.wav,1,in_the_wild
/Volumes/KIOXIA/voxdata/in_the_wild/fake/17540.wav,1,in_the_wild
/Volumes/KIOXIA/voxdata/in_the_wild/fake/4426.wav,1,in_the_wild
/Volumes/KIOXIA/voxdata/in_the_wild/fake/30801.wav,1,in_the_wild
/Volumes/KIOXIA/voxdata/in_the_wild/real/10296.wav,0,in_the_wild
/Volumes/KIOXIA/voxdata/in_the_wild/real/24535.wav,0,in_the_wild
/Volumes/KIOXIA/voxdata/in_the_wild/fake/14835.wav,1,in_the_wild
/Volumes/KIOXIA/voxdata/in_the_wild/real/10746.wav,0,in_the_wild
/Volumes/KIOXIA/voxdata/in_the_wild/fake/10850.wav,1,in_the_wild
/Volumes/KIOXIA/voxdata/in_the_wild/fake/18091.wav,1,in_the_wild
/Volumes/KIOXIA/voxdata/in_the_wild/fake/2423.wav,1,in_the_wild
/Volumes/KIOXIA/voxdata/in_the_wild/real/6937.wav,0,in_the_wild
/Volumes/KIOXIA/voxdata/in_the_wild/real/23961.wav,0,in_the_wild
/Volumes/KIOXIA/voxdata/in_the_wild/real/1384.wav,0,in_the_wild
/Volumes/KIOXIA/voxdata/in_the_wild/real/16700.wav,0,in_the_wild
/Volumes/KIOXIA/voxdata/in_the_wild/real/12397.wav,0,in_the_wild
/Volumes/KIOXIA/voxdata/in_the_wild/fake/11303.wav,1,in_the_wild
/Volumes/KIOXIA/voxdata/in_the_wild/fake/4004.wav,1,in_the_wild
/Volumes/KIOXIA/voxdata/in_the_wild/fake/22127.wav,1,in_the_wild
/Volumes/KIOXIA/voxdata/in_the_wild/real/27208.wav,0,in_the_wild
/Volumes/KIOXIA/voxdata/in_the_wild/fake/4195.wav,1,in_the_wild
/Volumes/KIOXIA/voxdata/in_the_wild/fake/8804.wav,1,in_the_wild
/Volumes/KIOXIA/voxdata/in_the_wild/fake/7532.wav,1,in_the_wild
/Volumes/KIOXIA/voxdata/in_the_wild/fake/24468.wav,1,in_the_wild
/Volumes/KIOXIA/voxdata/in_the_wild/fake/8821.wav,1,in_the_wild
/Volumes/KIOXIA/voxdata/in_the_wild/fake/1439.wav,1,in_the_wild
/Volumes/KIOXIA/voxdata/in_the_wild/real/7305.wav,0,in_the_wild
/Volumes/KIOXIA/voxdata/in_the_wild/fake/5804.wav,1,in_the_wild
/Volumes/KIOXIA/voxdata/in_the_wild/fake/22974.wav,1,in_the_wild
/Volumes/KIOXIA/voxdata/in_the_wild/real/31642.wav,0,in_the_wild
/Volumes/KIOXIA/voxdata/in_the_wild/real/2141.wav,0,in_the_wild
/Volumes/KIOXIA/voxdata/in_the_wild/real/2914.wav,0,in_the_wild
/Volumes/KIOXIA/voxdata/in_the_wild/fake/13481.wav,1,in_the_wild
/Volumes/KIOXIA/voxdata/in_the_wild/fake/2698.wav,1,in_the_wild
/Volumes/KIOXIA/voxdata/in_the_wild/real/7375.wav,0,in_the_wild
/Volumes/KIOXIA/voxdata/in_the_wild/real/16068.wav,0,in_the_wild
/Volumes/KIOXIA/voxdata/in_the_wild/fake/19776.wav,1,in_the_wild
/Volumes/KIOXIA/voxdata/in_the_wild/real/17277.wav,0,in_the_wild
/Volumes/KIOXIA/voxdata/in_the_wild/real/29608.wav,0,in_the_wild
/Volumes/KIOXIA/voxdata/in_the_wild/fake/20562.wav,1,in_the_wild
/Volumes/KIOXIA/voxdata/in_the_wild/fake/25560.wav,1,in_the_wild
/Volumes/KIOXIA/voxdata/in_the_wild/real/19262.wav,0,in_the_wild
/Volumes/KIOXIA/voxdata/in_the_wild/real/12191.wav,0,in_the_wild
/Volumes/KIOXIA/voxdata/in_the_wild/fake/31183.wav,1,in_the_wild
/Volumes/KIOXIA/voxdata/in_the_wild/fake/31309.wav,1,in_the_wild
/Volumes/KIOXIA/voxdata/in_the_wild/fake/26984.wav,1,in_the_wild
/Volumes/KIOXIA/voxdata/in_the_wild/fake/26015.wav,1,in_the_wild
/Volumes/KIOXIA/voxdata/in_the_wild/real/26849.wav,0,in_the_wild
/Volumes/KIOXIA/voxdata/in_the_wild/fake/4059.wav,1,in_the_wild
/Volumes/KIOXIA/voxdata/in_the_wild/fake/13998.wav,1,in_the_wild
/Volumes/KIOXIA/voxdata/in_the_wild/real/30155.wav,0,in_the_wild
/Volumes/KIOXIA/voxdata/in_the_wild/fake/7136.wav,1,in_the_wild
/Volumes/KIOXIA/voxdata/in_the_wild/real/26739.wav,0,in_the_wild
/Volumes/KIOXIA/voxdata/in_the_wild/real/1669.wav,0,in_the_wild
/Volumes/KIOXIA/voxdata/in_the_wild/fake/26043.wav,1,in_the_wild
/Volumes/KIOXIA/voxdata/in_the_wild/real/6762.wav,0,in_the_wild
/Volumes/KIOXIA/voxdata/in_the_wild/real/11183.wav,0,in_the_wild
/Volumes/KIOXIA/voxdata/in_the_wild/real/3083.wav,0,in_the_wild
/Volumes/KIOXIA/voxdata/in_the_wild/fake/24291.wav,1,in_the_wild
/Volumes/KIOXIA/voxdata/in_the_wild/real/13738.wav,0,in_the_wild
/Volumes/KIOXIA/voxdata/in_the_wild/real/29587.wav,0,in_the_wild
/Volumes/KIOXIA/voxdata/in_the_wild/fake/8373.wav,1,in_the_wild
/Volumes/KIOXIA/voxdata/in_the_wild/real/4198.wav,0,in_the_wild
/Volumes/KIOXIA/voxdata/in_the_wild/real/16771.wav,0,in_the_wild
/Volumes/KIOXIA/voxdata/in_the_wild/real/2471.wav,0,in_the_wild
/Volumes/KIOXIA/voxdata/in_the_wild/real/31131.wav,0,in_the_wild
/Volumes/KIOXIA/voxdata/in_the_wild/fake/7921.wav,1,in_the_wild
/Volumes/KIOXIA/voxdata/in_the_wild/real/24646.wav,0,in_the_wild
/Volumes/KIOXIA/voxdata/in_the_wild/real/29637.wav,0,in_the_wild
/Volumes/KIOXIA/voxdata/in_the_wild/fake/4082.wav,1,in_the_wild
/Volumes/KIOXIA/voxdata/in_the_wild/real/4794.wav,0,in_the_wild
/Volumes/KIOXIA/voxdata/in_the_wild/real/8142.wav,0,in_the_wild
/Volumes/KIOXIA/voxdata/in_the_wild/real/18690.wav,0,in_the_wild
/Volumes/KIOXIA/voxdata/in_the_wild/fake/10174.wav,1,in_the_wild
/Volumes/KIOXIA/voxdata/in_the_wild/real/417.wav,0,in_the_wild
/Volumes/KIOXIA/voxdata/in_the_wild/fake/10934.wav,1,in_the_wild
/Volumes/KIOXIA/voxdata/in_the_wild/real/28401.wav,0,in_the_wild
/Volumes/KIOXIA/voxdata/in_the_wild/fake/18220.wav,1,in_the_wild
/Volumes/KIOXIA/voxdata/in_the_wild/real/5952.wav,0,in_the_wild
/Volumes/KIOXIA/voxdata/in_the_wild/real/30896.wav,0,in_the_wild
/Volumes/KIOXIA/voxdata/in_the_wild/real/3282.wav,0,in_the_wild
/Volumes/KIOXIA/voxdata/in_the_wild/fake/6475.wav,1,in_the_wild
/Volumes/KIOXIA/voxdata/in_the_wild/real/10415.wav,0,in_the_wild
/Volumes/KIOXIA/voxdata/in_the_wild/fake/25301.wav,1,in_the_wild
/Volumes/KIOXIA/voxdata/in_the_wild/real/31182.wav,0,in_the_wild
/Volumes/KIOXIA/voxdata/in_the_wild/fake/25179.wav,1,in_the_wild
/Volumes/KIOXIA/voxdata/in_the_wild/fake/8389.wav,1,in_the_wild
/Volumes/KIOXIA/voxdata/in_the_wild/real/7062.wav,0,in_the_wild
/Volumes/KIOXIA/voxdata/in_the_wild/real/26288.wav,0,in_the_wild
/Volumes/KIOXIA/voxdata/in_the_wild/fake/1316.wav,1,in_the_wild
/Volumes/KIOXIA/voxdata/in_the_wild/real/14447.wav,0,in_the_wild
/Volumes/KIOXIA/voxdata/in_the_wild/real/5924.wav,0,in_the_wild
/Volumes/KIOXIA/voxdata/in_the_wild/fake/21808.wav,1,in_the_wild
/Volumes/KIOXIA/voxdata/in_the_wild/real/22027.wav,0,in_the_wild
/Volumes/KIOXIA/voxdata/in_the_wild/fake/8697.wav,1,in_the_wild
/Volumes/KIOXIA/voxdata/in_the_wild/real/1726.wav,0,in_the_wild
/Volumes/KIOXIA/voxdata/in_the_wild/fake/21642.wav,1,in_the_wild
/Volumes/KIOXIA/voxdata/in_the_wild/fake/19300.wav,1,in_the_wild
/Volumes/KIOXIA/voxdata/in_the_wild/fake/26481.wav,1,in_the_wild
/Volumes/KIOXIA/voxdata/in_the_wild/fake/27645.wav,1,in_the_wild
/Volumes/KIOXIA/voxdata/in_the_wild/real/12106.wav,0,in_the_wild
/Volumes/KIOXIA/voxdata/in_the_wild/fake/12265.wav,1,in_the_wild
/Volumes/KIOXIA/voxdata/in_the_wild/real/10085.wav,0,in_the_wild
/Volumes/KIOXIA/voxdata/in_the_wild/real/8337.wav,0,in_the_wild
/Volumes/KIOXIA/voxdata/in_the_wild/fake/14713.wav,1,in_the_wild
/Volumes/KIOXIA/voxdata/in_the_wild/real/4477.wav,0,in_the_wild
/Volumes/KIOXIA/voxdata/in_the_wild/real/19198.wav,0,in_the_wild
/Volumes/KIOXIA/voxdata/in_the_wild/fake/23593.wav,1,in_the_wild
/Volumes/KIOXIA/voxdata/in_the_wild/real/7156.wav,0,in_the_wild
/Volumes/KIOXIA/voxdata/in_the_wild/real/130.wav,0,in_the_wild
/Volumes/KIOXIA/voxdata/in_the_wild/fake/15506.wav,1,in_the_wild
/Volumes/KIOXIA/voxdata/in_the_wild/fake/10728.wav,1,in_the_wild
/Volumes/KIOXIA/voxdata/in_the_wild/fake/31648.wav,1,in_the_wild
/Volumes/KIOXIA/voxdata/in_the_wild/fake/14588.wav,1,in_the_wild
/Volumes/KIOXIA/voxdata/in_the_wild/real/16651.wav,0,in_the_wild
/Volumes/KIOXIA/voxdata/in_the_wild/fake/26827.wav,1,in_the_wild
/Volumes/KIOXIA/voxdata/in_the_wild/fake/12702.wav,1,in_the_wild
/Volumes/KIOXIA/voxdata/in_the_wild/real/1552.wav,0,in_the_wild
/Volumes/KIOXIA/voxdata/in_the_wild/fake/28022.wav,1,in_the_wild
/Volumes/KIOXIA/voxdata/in_the_wild/real/13963.wav,0,in_the_wild
/Volumes/KIOXIA/voxdata/in_the_wild/fake/19834.wav,1,in_the_wild
/Volumes/KIOXIA/voxdata/in_the_wild/fake/15658.wav,1,in_the_wild
/Volumes/KIOXIA/voxdata/in_the_wild/real/12809.wav,0,in_the_wild
/Volumes/KIOXIA/voxdata/in_the_wild/real/8572.wav,0,in_the_wild
/Volumes/KIOXIA/voxdata/in_the_wild/real/13238.wav,0,in_the_wild
/Volumes/KIOXIA/voxdata/in_the_wild/fake/8868.wav,1,in_the_wild
/Volumes/KIOXIA/voxdata/in_the_wild/fake/6646.wav,1,in_the_wild
/Volumes/KIOXIA/voxdata/in_the_wild/fake/7094.wav,1,in_the_wild
/Volumes/KIOXIA/voxdata/in_the_wild/real/9220.wav,0,in_the_wild
/Volumes/KIOXIA/voxdata/in_the_wild/real/29727.wav,0,in_the_wild
/Volumes/KIOXIA/voxdata/in_the_wild/fake/15930.wav,1,in_the_wild
/Volumes/KIOXIA/voxdata/in_the_wild/fake/15322.wav,1,in_the_wild
/Volumes/KIOXIA/voxdata/in_the_wild/real/21794.wav,0,in_the_wild
/Volumes/KIOXIA/voxdata/in_the_wild/fake/14736.wav,1,in_the_wild
/Volumes/KIOXIA/voxdata/in_the_wild/fake/24524.wav,1,in_the_wild
/Volumes/KIOXIA/voxdata/in_the_wild/fake/24245.wav,1,in_the_wild
/Volumes/KIOXIA/voxdata/in_the_wild/fake/11333.wav,1,in_the_wild
/Volumes/KIOXIA/voxdata/in_the_wild/fake/7408.wav,1,in_the_wild
/Volumes/KIOXIA/voxdata/in_the_wild/real/24201.wav,0,in_the_wild
/Volumes/KIOXIA/voxdata/in_the_wild/fake/15702.wav,1,in_the_wild
/Volumes/KIOXIA/voxdata/in_the_wild/real/9660.wav,0,in_the_wild
/Volumes/KIOXIA/voxdata/in_the_wild/fake/18491.wav,1,in_the_wild
/Volumes/KIOXIA/voxdata/in_the_wild/fake/24641.wav,1,in_the_wild
/Volumes/KIOXIA/voxdata/in_the_wild/fake/8540.wav,1,in_the_wild
/Volumes/KIOXIA/voxdata/in_the_wild/fake/20324.wav,1,in_the_wild
/Volumes/KIOXIA/voxdata/in_the_wild/real/3146.wav,0,in_the_wild
/Volumes/KIOXIA/voxdata/in_the_wild/fake/29812.wav,1,in_the_wild
/Volumes/KIOXIA/voxdata/in_the_wild/real/6594.wav,0,in_the_wild
/Volumes/KIOXIA/voxdata/in_the_wild/fake/12344.wav,1,in_the_wild
/Volumes/KIOXIA/voxdata/in_the_wild/real/2098.wav,0,in_the_wild
/Volumes/KIOXIA/voxdata/in_the_wild/fake/27227.wav,1,in_the_wild
/Volumes/KIOXIA/voxdata/in_the_wild/real/434.wav,0,in_the_wild
/Volumes/KIOXIA/voxdata/in_the_wild/real/28701.wav,0,in_the_wild
/Volumes/KIOXIA/voxdata/in_the_wild/fake/23920.wav,1,in_the_wild
/Volumes/KIOXIA/voxdata/in_the_wild/real/3993.wav,0,in_the_wild
/Volumes/KIOXIA/voxdata/in_the_wild/real/7782.wav,0,in_the_wild
/Volumes/KIOXIA/voxdata/in_the_wild/real/27294.wav,0,in_the_wild
/Volumes/KIOXIA/voxdata/in_the_wild/real/21883.wav,0,in_the_wild
/Volumes/KIOXIA/voxdata/in_the_wild/real/8575.wav,0,in_the_wild
/Volumes/KIOXIA/voxdata/in_the_wild/real/8682.wav,0,in_the_wild
/Volumes/KIOXIA/voxdata/in_the_wild/real/28943.wav,0,in_the_wild
/Volumes/KIOXIA/voxdata/in_the_wild/fake/26091.wav,1,in_the_wild
/Volumes/KIOXIA/voxdata/in_the_wild/real/20358.wav,0,in_the_wild
/Volumes/KIOXIA/voxdata/in_the_wild/real/20704.wav,0,in_the_wild
/Volumes/KIOXIA/voxdata/in_the_wild/fake/29358.wav,1,in_the_wild
/Volumes/KIOXIA/voxdata/in_the_wild/fake/13975.wav,1,in_the_wild
/Volumes/KIOXIA/voxdata/in_the_wild/fake/16757.wav,1,in_the_wild
/Volumes/KIOXIA/voxdata/in_the_wild/real/100.wav,0,in_the_wild
/Volumes/KIOXIA/voxdata/in_the_wild/fake/4099.wav,1,in_the_wild
/Volumes/KIOXIA/voxdata/in_the_wild/fake/882.wav,1,in_the_wild
/Volumes/KIOXIA/voxdata/in_the_wild/real/6413.wav,0,in_the_wild
/Volumes/KIOXIA/voxdata/in_the_wild/fake/4501.wav,1,in_the_wild
/Volumes/KIOXIA/voxdata/in_the_wild/fake/31275.wav,1,in_the_wild
/Volumes/KIOXIA/voxdata/in_the_wild/fake/21708.wav,1,in_the_wild
/Volumes/KIOXIA/voxdata/in_the_wild/fake/4695.wav,1,in_the_wild
/Volumes/KIOXIA/voxdata/in_the_wild/fake/30830.wav,1,in_the_wild
/Volumes/KIOXIA/voxdata/in_the_wild/real/3126.wav,0,in_the_wild
/Volumes/KIOXIA/voxdata/in_the_wild/fake/5277.wav,1,in_the_wild
/Volumes/KIOXIA/voxdata/in_the_wild/real/21294.wav,0,in_the_wild
/Volumes/KIOXIA/voxdata/in_the_wild/real/27251.wav,0,in_the_wild
/Volumes/KIOXIA/voxdata/in_the_wild/fake/4683.wav,1,in_the_wild
/Volumes/KIOXIA/voxdata/in_the_wild/fake/15641.wav,1,in_the_wild
/Volumes/KIOXIA/voxdata/in_the_wild/real/24315.wav,0,in_the_wild
/Volumes/KIOXIA/voxdata/in_the_wild/fake/30217.wav,1,in_the_wild
/Volumes/KIOXIA/voxdata/in_the_wild/real/9580.wav,0,in_the_wild
/Volumes/KIOXIA/voxdata/in_the_wild/real/20199.wav,0,in_the_wild
/Volumes/KIOXIA/voxdata/in_the_wild/real/8847.wav,0,in_the_wild
/Volumes/KIOXIA/voxdata/in_the_wild/fake/9258.wav,1,in_the_wild
/Volumes/KIOXIA/voxdata/in_the_wild/fake/13077.wav,1,in_the_wild
/Volumes/KIOXIA/voxdata/in_the_wild/fake/5718.wav,1,in_the_wild
/Volumes/KIOXIA/voxdata/in_the_wild/real/25381.wav,0,in_the_wild
/Volumes/KIOXIA/voxdata/in_the_wild/real/26356.wav,0,in_the_wild
/Volumes/KIOXIA/voxdata/in_the_wild/real/23090.wav,0,in_the_wild
/Volumes/KIOXIA/voxdata/in_the_wild/fake/12436.wav,1,in_the_wild
/Volumes/KIOXIA/voxdata/in_the_wild/real/1915.wav,0,in_the_wild
/Volumes/KIOXIA/voxdata/in_the_wild/fake/8346.wav,1,in_the_wild
/Volumes/KIOXIA/voxdata/in_the_wild/fake/28770.wav,1,in_the_wild
/Volumes/KIOXIA/voxdata/in_the_wild/fake/31032.wav,1,in_the_wild
/Volumes/KIOXIA/voxdata/in_the_wild/fake/3017.wav,1,in_the_wild
/Volumes/KIOXIA/voxdata/in_the_wild/fake/17175.wav,1,in_the_wild
/Volumes/KIOXIA/voxdata/in_the_wild/real/29509.wav,0,in_the_wild
/Volumes/KIOXIA/voxdata/in_the_wild/real/17291.wav,0,in_the_wild
/Volumes/KIOXIA/voxdata/in_the_wild/fake/29586.wav,1,in_the_wild
/Volumes/KIOXIA/voxdata/in_the_wild/real/30465.wav,0,in_the_wild
/Volumes/KIOXIA/voxdata/in_the_wild/real/24114.wav,0,in_the_wild
/Volumes/KIOXIA/voxdata/in_the_wild/real/14038.wav,0,in_the_wild
/Volumes/KIOXIA/voxdata/in_the_wild/real/3157.wav,0,in_the_wild
/Volumes/KIOXIA/voxdata/in_the_wild/real/17684.wav,0,in_the_wild
/Volumes/KIOXIA/voxdata/in_the_wild/real/24292.wav,0,in_the_wild
/Volumes/KIOXIA/voxdata/in_the_wild/fake/15554.wav,1,in_the_wild
/Volumes/KIOXIA/voxdata/in_the_wild/real/14234.wav,0,in_the_wild
/Volumes/KIOXIA/voxdata/in_the_wild/real/14395.wav,0,in_the_wild
/Volumes/KIOXIA/voxdata/in_the_wild/real/31552.wav,0,in_the_wild
/Volumes/KIOXIA/voxdata/in_the_wild/real/29591.wav,0,in_the_wild
/Volumes/KIOXIA/voxdata/in_the_wild/fake/2108.wav,1,in_the_wild
/Volumes/KIOXIA/voxdata/in_the_wild/fake/7678.wav,1,in_the_wild
/Volumes/KIOXIA/voxdata/in_the_wild/real/27095.wav,0,in_the_wild
/Volumes/KIOXIA/voxdata/in_the_wild/real/6750.wav,0,in_the_wild
/Volumes/KIOXIA/voxdata/in_the_wild/fake/13622.wav,1,in_the_wild
/Volumes/KIOXIA/voxdata/in_the_wild/real/10939.wav,0,in_the_wild
/Volumes/KIOXIA/voxdata/in_the_wild/fake/12545.wav,1,in_the_wild
/Volumes/KIOXIA/voxdata/in_the_wild/fake/2445.wav,1,in_the_wild
/Volumes/KIOXIA/voxdata/in_the_wild/real/26194.wav,0,in_the_wild
/Volumes/KIOXIA/voxdata/in_the_wild/real/10291.wav,0,in_the_wild
/Volumes/KIOXIA/voxdata/in_the_wild/real/24628.wav,0,in_the_wild
/Volumes/KIOXIA/voxdata/in_the_wild/fake/21024.wav,1,in_the_wild
/Volumes/KIOXIA/voxdata/in_the_wild/fake/31407.wav,1,in_the_wild
/Volumes/KIOXIA/voxdata/in_the_wild/fake/17190.wav,1,in_the_wild
/Volumes/KIOXIA/voxdata/in_the_wild/fake/26826.wav,1,in_the_wild
/Volumes/KIOXIA/voxdata/in_the_wild/fake/13142.wav,1,in_the_wild
/Volumes/KIOXIA/voxdata/in_the_wild/fake/17891.wav,1,in_the_wild
/Volumes/KIOXIA/voxdata/in_the_wild/fake/1982.wav,1,in_the_wild
/Volumes/KIOXIA/voxdata/in_the_wild/real/17346.wav,0,in_the_wild
/Volumes/KIOXIA/voxdata/in_the_wild/fake/7983.wav,1,in_the_wild
/Volumes/KIOXIA/voxdata/in_the_wild/real/30552.wav,0,in_the_wild
/Volumes/KIOXIA/voxdata/in_the_wild/fake/12042.wav,1,in_the_wild
/Volumes/KIOXIA/voxdata/in_the_wild/fake/5622.wav,1,in_the_wild
/Volumes/KIOXIA/voxdata/in_the_wild/fake/8770.wav,1,in_the_wild
/Volumes/KIOXIA/voxdata/in_the_wild/fake/30088.wav,1,in_the_wild
/Volumes/KIOXIA/voxdata/in_the_wild/real/2661.wav,0,in_the_wild
/Volumes/KIOXIA/voxdata/in_the_wild/fake/30479.wav,1,in_the_wild
/Volumes/KIOXIA/voxdata/in_the_wild/real/14569.wav,0,in_the_wild
/Volumes/KIOXIA/voxdata/in_the_wild/real/14643.wav,0,in_the_wild
/Volumes/KIOXIA/voxdata/in_the_wild/fake/11102.wav,1,in_the_wild
/Volumes/KIOXIA/voxdata/in_the_wild/real/7546.wav,0,in_the_wild
/Volumes/KIOXIA/voxdata/in_the_wild/fake/17390.wav,1,in_the_wild
/Volumes/KIOXIA/voxdata/in_the_wild/real/9326.wav,0,in_the_wild
/Volumes/KIOXIA/voxdata/in_the_wild/fake/8835.wav,1,in_the_wild
/Volumes/KIOXIA/voxdata/in_the_wild/real/31433.wav,0,in_the_wild
/Volumes/KIOXIA/voxdata/in_the_wild/fake/16500.wav,1,in_the_wild
/Volumes/KIOXIA/voxdata/in_the_wild/real/8543.wav,0,in_the_wild
/Volumes/KIOXIA/voxdata/in_the_wild/fake/460.wav,1,in_the_wild
/Volumes/KIOXIA/voxdata/in_the_wild/fake/29835.wav,1,in_the_wild
/Volumes/KIOXIA/voxdata/in_the_wild/real/15192.wav,0,in_the_wild
/Volumes/KIOXIA/voxdata/in_the_wild/fake/12959.wav,1,in_the_wild
/Volumes/KIOXIA/voxdata/in_the_wild/fake/25978.wav,1,in_the_wild
/Volumes/KIOXIA/voxdata/in_the_wild/real/2875.wav,0,in_the_wild
/Volumes/KIOXIA/voxdata/in_the_wild/real/24206.wav,0,in_the_wild
/Volumes/KIOXIA/voxdata/in_the_wild/fake/10650.wav,1,in_the_wild
/Volumes/KIOXIA/voxdata/in_the_wild/real/22758.wav,0,in_the_wild
/Volumes/KIOXIA/voxdata/in_the_wild/real/8831.wav,0,in_the_wild
/Volumes/KIOXIA/voxdata/in_the_wild/fake/29026.wav,1,in_the_wild
/Volumes/KIOXIA/voxdata/in_the_wild/fake/4081.wav,1,in_the_wild
/Volumes/KIOXIA/voxdata/in_the_wild/real/5912.wav,0,in_the_wild
/Volumes/KIOXIA/voxdata/in_the_wild/fake/6392.wav,1,in_the_wild
/Volumes/KIOXIA/voxdata/in_the_wild/fake/20568.wav,1,in_the_wild
/Volumes/KIOXIA/voxdata/in_the_wild/fake/19528.wav,1,in_the_wild
/Volumes/KIOXIA/voxdata/in_the_wild/real/16582.wav,0,in_the_wild
/Volumes/KIOXIA/voxdata/in_the_wild/fake/6666.wav,1,in_the_wild
/Volumes/KIOXIA/voxdata/in_the_wild/real/29928.wav,0,in_the_wild
/Volumes/KIOXIA/voxdata/in_the_wild/real/1411.wav,0,in_the_wild
/Volumes/KIOXIA/voxdata/in_the_wild/fake/12873.wav,1,in_the_wild
/Volumes/KIOXIA/voxdata/in_the_wild/real/27039.wav,0,in_the_wild
/Volumes/KIOXIA/voxdata/in_the_wild/fake/1698.wav,1,in_the_wild
/Volumes/KIOXIA/voxdata/in_the_wild/real/20635.wav,0,in_the_wild
/Volumes/KIOXIA/voxdata/in_the_wild/fake/10007.wav,1,in_the_wild
/Volumes/KIOXIA/voxdata/in_the_wild/fake/30226.wav,1,in_the_wild
/Volumes/KIOXIA/voxdata/in_the_wild/real/9658.wav,0,in_the_wild
/Volumes/KIOXIA/voxdata/in_the_wild/real/15635.wav,0,in_the_wild
/Volumes/KIOXIA/voxdata/in_the_wild/fake/27540.wav,1,in_the_wild
/Volumes/KIOXIA/voxdata/in_the_wild/fake/12999.wav,1,in_the_wild
/Volumes/KIOXIA/voxdata/in_the_wild/real/24041.wav,0,in_the_wild
/Volumes/KIOXIA/voxdata/in_the_wild/fake/4860.wav,1,in_the_wild
/Volumes/KIOXIA/voxdata/in_the_wild/real/10001.wav,0,in_the_wild
/Volumes/KIOXIA/voxdata/in_the_wild/fake/6212.wav,1,in_the_wild
/Volumes/KIOXIA/voxdata/in_the_wild/fake/16100.wav,1,in_the_wild
/Volumes/KIOXIA/voxdata/in_the_wild/real/25254.wav,0,in_the_wild
/Volumes/KIOXIA/voxdata/in_the_wild/fake/5634.wav,1,in_the_wild
/Volumes/KIOXIA/voxdata/in_the_wild/fake/8627.wav,1,in_the_wild
/Volumes/KIOXIA/voxdata/in_the_wild/fake/1.wav,1,in_the_wild
/Volumes/KIOXIA/voxdata/in_the_wild/fake/26159.wav,1,in_the_wild
/Volumes/KIOXIA/voxdata/in_the_wild/fake/26395.wav,1,in_the_wild
/Volumes/KIOXIA/voxdata/in_the_wild/real/7541.wav,0,in_the_wild
/Volumes/KIOXIA/voxdata/in_the_wild/fake/22326.wav,1,in_the_wild
/Volumes/KIOXIA/voxdata/in_the_wild/fake/31458.wav,1,in_the_wild
/Volumes/KIOXIA/voxdata/in_the_wild/real/3838.wav,0,in_the_wild
/Volumes/KIOXIA/voxdata/in_the_wild/real/14985.wav,0,in_the_wild
/Volumes/KIOXIA/voxdata/in_the_wild/real/29900.wav,0,in_the_wild
/Volumes/KIOXIA/voxdata/in_the_wild/fake/27493.wav,1,in_the_wild
/Volumes/KIOXIA/voxdata/in_the_wild/fake/11226.wav,1,in_the_wild
/Volumes/KIOXIA/voxdata/in_the_wild/real/13904.wav,0,in_the_wild
/Volumes/KIOXIA/voxdata/in_the_wild/fake/5427.wav,1,in_the_wild
/Volumes/KIOXIA/voxdata/in_the_wild/real/30994.wav,0,in_the_wild
/Volumes/KIOXIA/voxdata/in_the_wild/fake/9221.wav,1,in_the_wild
/Volumes/KIOXIA/voxdata/in_the_wild/real/27045.wav,0,in_the_wild
/Volumes/KIOXIA/voxdata/in_the_wild/fake/15725.wav,1,in_the_wild
/Volumes/KIOXIA/voxdata/in_the_wild/fake/21882.wav,1,in_the_wild
/Volumes/KIOXIA/voxdata/in_the_wild/real/25752.wav,0,in_the_wild
/Volumes/KIOXIA/voxdata/in_the_wild/fake/1722.wav,1,in_the_wild
/Volumes/KIOXIA/voxdata/in_the_wild/fake/492.wav,1,in_the_wild
/Volumes/KIOXIA/voxdata/in_the_wild/fake/6534.wav,1,in_the_wild
/Volumes/KIOXIA/voxdata/in_the_wild/real/6198.wav,0,in_the_wild
/Volumes/KIOXIA/voxdata/in_the_wild/fake/30085.wav,1,in_the_wild
/Volumes/KIOXIA/voxdata/in_the_wild/fake/31262.wav,1,in_the_wild
/Volumes/KIOXIA/voxdata/in_the_wild/real/20346.wav,0,in_the_wild
/Volumes/KIOXIA/voxdata/in_the_wild/real/18997.wav,0,in_the_wild
/Volumes/KIOXIA/voxdata/in_the_wild/fake/22681.wav,1,in_the_wild
/Volumes/KIOXIA/voxdata/in_the_wild/real/23791.wav,0,in_the_wild
/Volumes/KIOXIA/voxdata/in_the_wild/fake/6915.wav,1,in_the_wild
/Volumes/KIOXIA/voxdata/in_the_wild/real/15608.wav,0,in_the_wild
/Volumes/KIOXIA/voxdata/in_the_wild/real/30347.wav,0,in_the_wild
/Volumes/KIOXIA/voxdata/in_the_wild/real/28329.wav,0,in_the_wild
/Volumes/KIOXIA/voxdata/in_the_wild/fake/28662.wav,1,in_the_wild
/Volumes/KIOXIA/voxdata/in_the_wild/fake/2089.wav,1,in_the_wild
/Volumes/KIOXIA/voxdata/in_the_wild/fake/26116.wav,1,in_the_wild
/Volumes/KIOXIA/voxdata/in_the_wild/fake/24207.wav,1,in_the_wild
/Volumes/KIOXIA/voxdata/in_the_wild/fake/28849.wav,1,in_the_wild
/Volumes/KIOXIA/voxdata/in_the_wild/fake/31726.wav,1,in_the_wild
/Volumes/KIOXIA/voxdata/in_the_wild/fake/10888.wav,1,in_the_wild
/Volumes/KIOXIA/voxdata/in_the_wild/fake/30359.wav,1,in_the_wild
/Volumes/KIOXIA/voxdata/in_the_wild/fake/21811.wav,1,in_the_wild
/Volumes/KIOXIA/voxdata/in_the_wild/fake/26794.wav,1,in_the_wild
/Volumes/KIOXIA/voxdata/in_the_wild/fake/28145.wav,1,in_the_wild
/Volumes/KIOXIA/voxdata/in_the_wild/real/27641.wav,0,in_the_wild
/Volumes/KIOXIA/voxdata/in_the_wild/real/210.wav,0,in_the_wild
/Volumes/KIOXIA/voxdata/in_the_wild/fake/10179.wav,1,in_the_wild
/Volumes/KIOXIA/voxdata/in_the_wild/real/23458.wav,0,in_the_wild
/Volumes/KIOXIA/voxdata/in_the_wild/fake/17900.wav,1,in_the_wild
/Volumes/KIOXIA/voxdata/in_the_wild/fake/5468.wav,1,in_the_wild
/Volumes/KIOXIA/voxdata/in_the_wild/fake/14865.wav,1,in_the_wild
/Volumes/KIOXIA/voxdata/in_the_wild/real/22983.wav,0,in_the_wild
/Volumes/KIOXIA/voxdata/in_the_wild/real/22443.wav,0,in_the_wild
/Volumes/KIOXIA/voxdata/in_the_wild/fake/24208.wav,1,in_the_wild
/Volumes/KIOXIA/voxdata/in_the_wild/fake/4112.wav,1,in_the_wild
/Volumes/KIOXIA/voxdata/in_the_wild/fake/10516.wav,1,in_the_wild
/Volumes/KIOXIA/voxdata/in_the_wild/fake/19942.wav,1,in_the_wild
/Volumes/KIOXIA/voxdata/in_the_wild/fake/30062.wav,1,in_the_wild
/Volumes/KIOXIA/voxdata/in_the_wild/fake/2504.wav,1,in_the_wild
/Volumes/KIOXIA/voxdata/in_the_wild/fake/18915.wav,1,in_the_wild
/Volumes/KIOXIA/voxdata/in_the_wild/fake/14763.wav,1,in_the_wild
/Volumes/KIOXIA/voxdata/in_the_wild/fake/22202.wav,1,in_the_wild
/Volumes/KIOXIA/voxdata/in_the_wild/fake/26363.wav,1,in_the_wild
/Volumes/KIOXIA/voxdata/in_the_wild/real/14087.wav,0,in_the_wild
/Volumes/KIOXIA/voxdata/in_the_wild/fake/101.wav,1,in_the_wild
/Volumes/KIOXIA/voxdata/in_the_wild/fake/7133.wav,1,in_the_wild
/Volumes/KIOXIA/voxdata/in_the_wild/fake/18962.wav,1,in_the_wild
/Volumes/KIOXIA/voxdata/in_the_wild/fake/22057.wav,1,in_the_wild
/Volumes/KIOXIA/voxdata/in_the_wild/fake/25246.wav,1,in_the_wild
/Volumes/KIOXIA/voxdata/in_the_wild/fake/15116.wav,1,in_the_wild
/Volumes/KIOXIA/voxdata/in_the_wild/fake/15465.wav,1,in_the_wild
/Volumes/KIOXIA/voxdata/in_the_wild/real/30284.wav,0,in_the_wild
/Volumes/KIOXIA/voxdata/in_the_wild/real/2411.wav,0,in_the_wild
/Volumes/KIOXIA/voxdata/in_the_wild/real/1382.wav,0,in_the_wild
/Volumes/KIOXIA/voxdata/in_the_wild/fake/822.wav,1,in_the_wild
/Volumes/KIOXIA/voxdata/in_the_wild/fake/2441.wav,1,in_the_wild
/Volumes/KIOXIA/voxdata/in_the_wild/real/29025.wav,0,in_the_wild
/Volumes/KIOXIA/voxdata/in_the_wild/fake/2043.wav,1,in_the_wild
/Volumes/KIOXIA/voxdata/in_the_wild/fake/8876.wav,1,in_the_wild
/Volumes/KIOXIA/voxdata/in_the_wild/real/31298.wav,0,in_the_wild
/Volumes/KIOXIA/voxdata/in_the_wild/real/16845.wav,0,in_the_wild
/Volumes/KIOXIA/voxdata/in_the_wild/fake/3698.wav,1,in_the_wild
/Volumes/KIOXIA/voxdata/in_the_wild/fake/27887.wav,1,in_the_wild
/Volumes/KIOXIA/voxdata/in_the_wild/fake/8590.wav,1,in_the_wild
/Volumes/KIOXIA/voxdata/in_the_wild/real/18184.wav,0,in_the_wild
/Volumes/KIOXIA/voxdata/in_the_wild/fake/22405.wav,1,in_the_wild
/Volumes/KIOXIA/voxdata/in_the_wild/fake/22167.wav,1,in_the_wild
/Volumes/KIOXIA/voxdata/in_the_wild/real/2242.wav,0,in_the_wild
/Volumes/KIOXIA/voxdata/in_the_wild/fake/372.wav,1,in_the_wild
/Volumes/KIOXIA/voxdata/in_the_wild/fake/14796.wav,1,in_the_wild
/Volumes/KIOXIA/voxdata/in_the_wild/fake/27225.wav,1,in_the_wild
/Volumes/KIOXIA/voxdata/in_the_wild/fake/19162.wav,1,in_the_wild
/Volumes/KIOXIA/voxdata/in_the_wild/real/9125.wav,0,in_the_wild
/Volumes/KIOXIA/voxdata/in_the_wild/fake/8720.wav,1,in_the_wild
/Volumes/KIOXIA/voxdata/in_the_wild/fake/8139.wav,1,in_the_wild
/Volumes/KIOXIA/voxdata/in_the_wild/fake/26572.wav,1,in_the_wild
/Volumes/KIOXIA/voxdata/in_the_wild/fake/29293.wav,1,in_the_wild
/Volumes/KIOXIA/voxdata/in_the_wild/real/8984.wav,0,in_the_wild
/Volumes/KIOXIA/voxdata/in_the_wild/real/20407.wav,0,in_the_wild
/Volumes/KIOXIA/voxdata/in_the_wild/real/23088.wav,0,in_the_wild
/Volumes/KIOXIA/voxdata/in_the_wild/real/13617.wav,0,in_the_wild
/Volumes/KIOXIA/voxdata/in_the_wild/real/16836.wav,0,in_the_wild
/Volumes/KIOXIA/voxdata/in_the_wild/fake/24013.wav,1,in_the_wild
/Volumes/KIOXIA/voxdata/in_the_wild/real/10944.wav,0,in_the_wild
/Volumes/KIOXIA/voxdata/in_the_wild/real/30326.wav,0,in_the_wild
/Volumes/KIOXIA/voxdata/in_the_wild/fake/3188.wav,1,in_the_wild
/Volumes/KIOXIA/voxdata/in_the_wild/fake/27549.wav,1,in_the_wild
/Volumes/KIOXIA/voxdata/in_the_wild/real/24261.wav,0,in_the_wild
/Volumes/KIOXIA/voxdata/in_the_wild/fake/1251.wav,1,in_the_wild
/Volumes/KIOXIA/voxdata/in_the_wild/real/3761.wav,0,in_the_wild
/Volumes/KIOXIA/voxdata/in_the_wild/fake/24412.wav,1,in_the_wild
/Volumes/KIOXIA/voxdata/in_the_wild/real/26713.wav,0,in_the_wild
/Volumes/KIOXIA/voxdata/in_the_wild/fake/27270.wav,1,in_the_wild
/Volumes/KIOXIA/voxdata/in_the_wild/real/27863.wav,0,in_the_wild
/Volumes/KIOXIA/voxdata/in_the_wild/real/16401.wav,0,in_the_wild
/Volumes/KIOXIA/voxdata/in_the_wild/fake/19305.wav,1,in_the_wild
/Volumes/KIOXIA/voxdata/in_the_wild/fake/11659.wav,1,in_the_wild
/Volumes/KIOXIA/voxdata/in_the_wild/real/10025.wav,0,in_the_wild
/Volumes/KIOXIA/voxdata/in_the_wild/fake/19452.wav,1,in_the_wild
/Volumes/KIOXIA/voxdata/in_the_wild/real/8382.wav,0,in_the_wild
/Volumes/KIOXIA/voxdata/in_the_wild/real/12548.wav,0,in_the_wild
/Volumes/KIOXIA/voxdata/in_the_wild/fake/15719.wav,1,in_the_wild
/Volumes/KIOXIA/voxdata/in_the_wild/fake/29528.wav,1,in_the_wild
/Volumes/KIOXIA/voxdata/in_the_wild/fake/953.wav,1,in_the_wild
/Volumes/KIOXIA/voxdata/in_the_wild/fake/15049.wav,1,in_the_wild
/Volumes/KIOXIA/voxdata/in_the_wild/real/4296.wav,0,in_the_wild
/Volumes/KIOXIA/voxdata/in_the_wild/fake/6303.wav,1,in_the_wild
/Volumes/KIOXIA/voxdata/in_the_wild/fake/3250.wav,1,in_the_wild
/Volumes/KIOXIA/voxdata/in_the_wild/real/29628.wav,0,in_the_wild
/Volumes/KIOXIA/voxdata/in_the_wild/real/18493.wav,0,in_the_wild
/Volumes/KIOXIA/voxdata/in_the_wild/fake/20915.wav,1,in_the_wild
/Volumes/KIOXIA/voxdata/in_the_wild/real/26540.wav,0,in_the_wild
/Volumes/KIOXIA/voxdata/in_the_wild/real/21662.wav,0,in_the_wild
/Volumes/KIOXIA/voxdata/in_the_wild/real/14750.wav,0,in_the_wild
/Volumes/KIOXIA/voxdata/in_the_wild/real/14879.wav,0,in_the_wild
/Volumes/KIOXIA/voxdata/in_the_wild/fake/17066.wav,1,in_the_wild
/Volumes/KIOXIA/voxdata/in_the_wild/real/7028.wav,0,in_the_wild
/Volumes/KIOXIA/voxdata/in_the_wild/real/28801.wav,0,in_the_wild
/Volumes/KIOXIA/voxdata/in_the_wild/real/25766.wav,0,in_the_wild
/Volumes/KIOXIA/voxdata/in_the_wild/real/1712.wav,0,in_the_wild
/Volumes/KIOXIA/voxdata/in_the_wild/real/7832.wav,0,in_the_wild
/Volumes/KIOXIA/voxdata/in_the_wild/real/9138.wav,0,in_the_wild
/Volumes/KIOXIA/voxdata/in_the_wild/fake/9154.wav,1,in_the_wild
/Volumes/KIOXIA/voxdata/in_the_wild/fake/3317.wav,1,in_the_wild
/Volumes/KIOXIA/voxdata/in_the_wild/fake/1604.wav,1,in_the_wild
/Volumes/KIOXIA/voxdata/in_the_wild/real/30106.wav,0,in_the_wild
/Volumes/KIOXIA/voxdata/in_the_wild/fake/18079.wav,1,in_the_wild
/Volumes/KIOXIA/voxdata/in_the_wild/real/5325.wav,0,in_the_wild
/Volumes/KIOXIA/voxdata/in_the_wild/real/22429.wav,0,in_the_wild
/Volumes/KIOXIA/voxdata/in_the_wild/fake/6761.wav,1,in_the_wild
/Volumes/KIOXIA/voxdata/in_the_wild/real/3057.wav,0,in_the_wild
/Volumes/KIOXIA/voxdata/in_the_wild/fake/31452.wav,1,in_the_wild
/Volumes/KIOXIA/voxdata/in_the_wild/fake/10282.wav,1,in_the_wild
/Volumes/KIOXIA/voxdata/in_the_wild/fake/2104.wav,1,in_the_wild
/Volumes/KIOXIA/voxdata/in_the_wild/real/17241.wav,0,in_the_wild
/Volumes/KIOXIA/voxdata/in_the_wild/real/458.wav,0,in_the_wild
/Volumes/KIOXIA/voxdata/in_the_wild/fake/6497.wav,1,in_the_wild
/Volumes/KIOXIA/voxdata/in_the_wild/fake/6770.wav,1,in_the_wild
/Volumes/KIOXIA/voxdata/in_the_wild/real/17515.wav,0,in_the_wild
/Volumes/KIOXIA/voxdata/in_the_wild/real/12741.wav,0,in_the_wild
/Volumes/KIOXIA/voxdata/in_the_wild/real/30892.wav,0,in_the_wild
/Volumes/KIOXIA/voxdata/in_the_wild/fake/29466.wav,1,in_the_wild
/Volumes/KIOXIA/voxdata/in_the_wild/real/18333.wav,0,in_the_wild
/Volumes/KIOXIA/voxdata/in_the_wild/real/6409.wav,0,in_the_wild
/Volumes/KIOXIA/voxdata/in_the_wild/real/21954.wav,0,in_the_wild
/Volumes/KIOXIA/voxdata/in_the_wild/real/25877.wav,0,in_the_wild
/Volumes/KIOXIA/voxdata/in_the_wild/fake/18467.wav,1,in_the_wild
/Volumes/KIOXIA/voxdata/in_the_wild/real/27322.wav,0,in_the_wild
/Volumes/KIOXIA/voxdata/in_the_wild/real/12936.wav,0,in_the_wild
/Volumes/KIOXIA/voxdata/in_the_wild/real/1668.wav,0,in_the_wild
/Volumes/KIOXIA/voxdata/in_the_wild/fake/20362.wav,1,in_the_wild
/Volumes/KIOXIA/voxdata/in_the_wild/fake/22808.wav,1,in_the_wild
/Volumes/KIOXIA/voxdata/in_the_wild/real/12572.wav,0,in_the_wild
/Volumes/KIOXIA/voxdata/in_the_wild/fake/8859.wav,1,in_the_wild
/Volumes/KIOXIA/voxdata/in_the_wild/real/17729.wav,0,in_the_wild
/Volumes/KIOXIA/voxdata/in_the_wild/real/9126.wav,0,in_the_wild
/Volumes/KIOXIA/voxdata/in_the_wild/fake/4648.wav,1,in_the_wild
/Volumes/KIOXIA/voxdata/in_the_wild/real/16206.wav,0,in_the_wild
/Volumes/KIOXIA/voxdata/in_the_wild/fake/31089.wav,1,in_the_wild
/Volumes/KIOXIA/voxdata/in_the_wild/fake/2280.wav,1,in_the_wild
/Volumes/KIOXIA/voxdata/in_the_wild/fake/19580.wav,1,in_the_wild
/Volumes/KIOXIA/voxdata/in_the_wild/real/21344.wav,0,in_the_wild
/Volumes/KIOXIA/voxdata/in_the_wild/real/4783.wav,0,in_the_wild
/Volumes/KIOXIA/voxdata/in_the_wild/real/25910.wav,0,in_the_wild
/Volumes/KIOXIA/voxdata/in_the_wild/real/17932.wav,0,in_the_wild
/Volumes/KIOXIA/voxdata/in_the_wild/real/11341.wav,0,in_the_wild
/Volumes/KIOXIA/voxdata/in_the_wild/real/28120.wav,0,in_the_wild
/Volumes/KIOXIA/voxdata/in_the_wild/real/4523.wav,0,in_the_wild
/Volumes/KIOXIA/voxdata/in_the_wild/real/17037.wav,0,in_the_wild
/Volumes/KIOXIA/voxdata/in_the_wild/real/15654.wav,0,in_the_wild
/Volumes/KIOXIA/voxdata/in_the_wild/real/21874.wav,0,in_the_wild
/Volumes/KIOXIA/voxdata/in_the_wild/real/22259.wav,0,in_the_wild
/Volumes/KIOXIA/voxdata/in_the_wild/fake/17676.wav,1,in_the_wild
/Volumes/KIOXIA/voxdata/in_the_wild/fake/17539.wav,1,in_the_wild
/Volumes/KIOXIA/voxdata/in_the_wild/real/1166.wav,0,in_the_wild
/Volumes/KIOXIA/voxdata/in_the_wild/fake/13984.wav,1,in_the_wild
/Volumes/KIOXIA/voxdata/in_the_wild/real/11004.wav,0,in_the_wild
/Volumes/KIOXIA/voxdata/in_the_wild/real/3892.wav,0,in_the_wild
/Volumes/KIOXIA/voxdata/in_the_wild/real/26387.wav,0,in_the_wild
/Volumes/KIOXIA/voxdata/in_the_wild/real/27330.wav,0,in_the_wild
/Volumes/KIOXIA/voxdata/in_the_wild/real/4725.wav,0,in_the_wild
/Volumes/KIOXIA/voxdata/in_the_wild/fake/30697.wav,1,in_the_wild
/Volumes/KIOXIA/voxdata/in_the_wild/fake/2002.wav,1,in_the_wild
/Volumes/KIOXIA/voxdata/in_the_wild/real/19089.wav,0,in_the_wild
/Volumes/KIOXIA/voxdata/in_the_wild/fake/5370.wav,1,in_the_wild
/Volumes/KIOXIA/voxdata/in_the_wild/fake/22066.wav,1,in_the_wild
/Volumes/KIOXIA/voxdata/in_the_wild/fake/17693.wav,1,in_the_wild
/Volumes/KIOXIA/voxdata/in_the_wild/fake/17733.wav,1,in_the_wild
/Volumes/KIOXIA/voxdata/in_the_wild/fake/28869.wav,1,in_the_wild
/Volumes/KIOXIA/voxdata/in_the_wild/fake/20955.wav,1,in_the_wild
/Volumes/KIOXIA/voxdata/in_the_wild/real/29112.wav,0,in_the_wild
/Volumes/KIOXIA/voxdata/in_the_wild/fake/18764.wav,1,in_the_wild
/Volumes/KIOXIA/voxdata/in_the_wild/real/25730.wav,0,in_the_wild
/Volumes/KIOXIA/voxdata/in_the_wild/fake/24061.wav,1,in_the_wild
/Volumes/KIOXIA/voxdata/in_the_wild/real/5910.wav,0,in_the_wild
/Volumes/KIOXIA/voxdata/in_the_wild/fake/21511.wav,1,in_the_wild
/Volumes/KIOXIA/voxdata/in_the_wild/real/9027.wav,0,in_the_wild
/Volumes/KIOXIA/voxdata/in_the_wild/real/15530.wav,0,in_the_wild
/Volumes/KIOXIA/voxdata/in_the_wild/fake/7075.wav,1,in_the_wild
/Volumes/KIOXIA/voxdata/in_the_wild/real/3940.wav,0,in_the_wild
/Volumes/KIOXIA/voxdata/in_the_wild/fake/5891.wav,1,in_the_wild
/Volumes/KIOXIA/voxdata/in_the_wild/real/31692.wav,0,in_the_wild
/Volumes/KIOXIA/voxdata/in_the_wild/fake/18086.wav,1,in_the_wild
/Volumes/KIOXIA/voxdata/in_the_wild/fake/29549.wav,1,in_the_wild
/Volumes/KIOXIA/voxdata/in_the_wild/fake/4904.wav,1,in_the_wild
/Volumes/KIOXIA/voxdata/in_the_wild/real/922.wav,0,in_the_wild
/Volumes/KIOXIA/voxdata/in_the_wild/fake/2627.wav,1,in_the_wild
/Volumes/KIOXIA/voxdata/in_the_wild/real/12701.wav,0,in_the_wild
/Volumes/KIOXIA/voxdata/in_the_wild/fake/31583.wav,1,in_the_wild
/Volumes/KIOXIA/voxdata/in_the_wild/fake/1078.wav,1,in_the_wild
/Volumes/KIOXIA/voxdata/in_the_wild/fake/15183.wav,1,in_the_wild
/Volumes/KIOXIA/voxdata/in_the_wild/fake/26416.wav,1,in_the_wild
/Volumes/KIOXIA/voxdata/in_the_wild/real/18510.wav,0,in_the_wild
/Volumes/KIOXIA/voxdata/in_the_wild/fake/7487.wav,1,in_the_wild
/Volumes/KIOXIA/voxdata/in_the_wild/real/15763.wav,0,in_the_wild
/Volumes/KIOXIA/voxdata/in_the_wild/fake/16950.wav,1,in_the_wild
/Volumes/KIOXIA/voxdata/in_the_wild/fake/18878.wav,1,in_the_wild
/Volumes/KIOXIA/voxdata/in_the_wild/real/10276.wav,0,in_the_wild
/Volumes/KIOXIA/voxdata/in_the_wild/real/23178.wav,0,in_the_wild
/Volumes/KIOXIA/voxdata/in_the_wild/fake/21728.wav,1,in_the_wild
/Volumes/KIOXIA/voxdata/in_the_wild/real/17180.wav,0,in_the_wild
/Volumes/KIOXIA/voxdata/in_the_wild/fake/7129.wav,1,in_the_wild
/Volumes/KIOXIA/voxdata/in_the_wild/real/24769.wav,0,in_the_wild
/Volumes/KIOXIA/voxdata/in_the_wild/fake/13638.wav,1,in_the_wild
/Volumes/KIOXIA/voxdata/in_the_wild/real/3132.wav,0,in_the_wild
/Volumes/KIOXIA/voxdata/in_the_wild/real/31520.wav,0,in_the_wild
/Volumes/KIOXIA/voxdata/in_the_wild/real/8527.wav,0,in_the_wild
/Volumes/KIOXIA/voxdata/in_the_wild/real/8272.wav,0,in_the_wild
/Volumes/KIOXIA/voxdata/in_the_wild/real/30579.wav,0,in_the_wild
/Volumes/KIOXIA/voxdata/in_the_wild/fake/6843.wav,1,in_the_wild
/Volumes/KIOXIA/voxdata/in_the_wild/fake/9589.wav,1,in_the_wild
/Volumes/KIOXIA/voxdata/in_the_wild/real/19402.wav,0,in_the_wild
/Volumes/KIOXIA/voxdata/in_the_wild/real/13299.wav,0,in_the_wild
/Volumes/KIOXIA/voxdata/in_the_wild/fake/4417.wav,1,in_the_wild
/Volumes/KIOXIA/voxdata/in_the_wild/real/12257.wav,0,in_the_wild
/Volumes/KIOXIA/voxdata/in_the_wild/fake/30171.wav,1,in_the_wild
/Volumes/KIOXIA/voxdata/in_the_wild/real/19464.wav,0,in_the_wild
/Volumes/KIOXIA/voxdata/in_the_wild/real/6583.wav,0,in_the_wild
/Volumes/KIOXIA/voxdata/in_the_wild/fake/11789.wav,1,in_the_wild
/Volumes/KIOXIA/voxdata/in_the_wild/real/26326.wav,0,in_the_wild
/Volumes/KIOXIA/voxdata/in_the_wild/fake/677.wav,1,in_the_wild
/Volumes/KIOXIA/voxdata/in_the_wild/fake/30041.wav,1,in_the_wild
/Volumes/KIOXIA/voxdata/in_the_wild/real/10745.wav,0,in_the_wild
/Volumes/KIOXIA/voxdata/in_the_wild/real/13106.wav,0,in_the_wild
/Volumes/KIOXIA/voxdata/in_the_wild/fake/4546.wav,1,in_the_wild
/Volumes/KIOXIA/voxdata/in_the_wild/real/1304.wav,0,in_the_wild
/Volumes/KIOXIA/voxdata/in_the_wild/fake/22228.wav,1,in_the_wild
/Volumes/KIOXIA/voxdata/in_the_wild/real/22936.wav,0,in_the_wild
/Volumes/KIOXIA/voxdata/in_the_wild/fake/19527.wav,1,in_the_wild
/Volumes/KIOXIA/voxdata/in_the_wild/real/27787.wav,0,in_the_wild
/Volumes/KIOXIA/voxdata/in_the_wild/fake/21470.wav,1,in_the_wild
/Volumes/KIOXIA/voxdata/in_the_wild/real/2491.wav,0,in_the_wild
/Volumes/KIOXIA/voxdata/in_the_wild/real/25343.wav,0,in_the_wild
/Volumes/KIOXIA/voxdata/in_the_wild/fake/17730.wav,1,in_the_wild
/Volumes/KIOXIA/voxdata/in_the_wild/fake/29915.wav,1,in_the_wild
/Volumes/KIOXIA/voxdata/in_the_wild/fake/31622.wav,1,in_the_wild
/Volumes/KIOXIA/voxdata/in_the_wild/fake/10169.wav,1,in_the_wild
/Volumes/KIOXIA/voxdata/in_the_wild/real/6460.wav,0,in_the_wild
/Volumes/KIOXIA/voxdata/in_the_wild/fake/4826.wav,1,in_the_wild
/Volumes/KIOXIA/voxdata/in_the_wild/real/19653.wav,0,in_the_wild
/Volumes/KIOXIA/voxdata/in_the_wild/real/28363.wav,0,in_the_wild
/Volumes/KIOXIA/voxdata/in_the_wild/real/27945.wav,0,in_the_wild
/Volumes/KIOXIA/voxdata/in_the_wild/real/11013.wav,0,in_the_wild
/Volumes/KIOXIA/voxdata/in_the_wild/fake/1350.wav,1,in_the_wild
/Volumes/KIOXIA/voxdata/in_the_wild/real/23089.wav,0,in_the_wild
/Volumes/KIOXIA/voxdata/in_the_wild/real/23518.wav,0,in_the_wild
/Volumes/KIOXIA/voxdata/in_the_wild/real/15488.wav,0,in_the_wild
/Volumes/KIOXIA/voxdata/in_the_wild/real/29488.wav,0,in_the_wild
/Volumes/KIOXIA/voxdata/in_the_wild/fake/17602.wav,1,in_the_wild
/Volumes/KIOXIA/voxdata/in_the_wild/real/25627.wav,0,in_the_wild
/Volumes/KIOXIA/voxdata/in_the_wild/fake/11914.wav,1,in_the_wild
/Volumes/KIOXIA/voxdata/in_the_wild/fake/25929.wav,1,in_the_wild
/Volumes/KIOXIA/voxdata/in_the_wild/real/7761.wav,0,in_the_wild
/Volumes/KIOXIA/voxdata/in_the_wild/real/10616.wav,0,in_the_wild
/Volumes/KIOXIA/voxdata/in_the_wild/real/12891.wav,0,in_the_wild
/Volumes/KIOXIA/voxdata/in_the_wild/fake/8164.wav,1,in_the_wild
/Volumes/KIOXIA/voxdata/in_the_wild/fake/15511.wav,1,in_the_wild
/Volumes/KIOXIA/voxdata/in_the_wild/real/1036.wav,0,in_the_wild
/Volumes/KIOXIA/voxdata/in_the_wild/fake/126.wav,1,in_the_wild
/Volumes/KIOXIA/voxdata/in_the_wild/real/7880.wav,0,in_the_wild
/Volumes/KIOXIA/voxdata/in_the_wild/fake/29652.wav,1,in_the_wild
/Volumes/KIOXIA/voxdata/in_the_wild/real/18335.wav,0,in_the_wild
/Volumes/KIOXIA/voxdata/in_the_wild/real/24971.wav,0,in_the_wild
/Volumes/KIOXIA/voxdata/in_the_wild/fake/29485.wav,1,in_the_wild
/Volumes/KIOXIA/voxdata/in_the_wild/fake/18081.wav,1,in_the_wild
/Volumes/KIOXIA/voxdata/in_the_wild/fake/30827.wav,1,in_the_wild
/Volumes/KIOXIA/voxdata/in_the_wild/real/20209.wav,0,in_the_wild
/Volumes/KIOXIA/voxdata/in_the_wild/real/30277.wav,0,in_the_wild
/Volumes/KIOXIA/voxdata/in_the_wild/fake/23848.wav,1,in_the_wild
/Volumes/KIOXIA/voxdata/in_the_wild/fake/21170.wav,1,in_the_wild
/Volumes/KIOXIA/voxdata/in_the_wild/real/3377.wav,0,in_the_wild
/Volumes/KIOXIA/voxdata/in_the_wild/real/10738.wav,0,in_the_wild
/Volumes/KIOXIA/voxdata/in_the_wild/fake/14890.wav,1,in_the_wild
/Volumes/KIOXIA/voxdata/in_the_wild/fake/25178.wav,1,in_the_wild
/Volumes/KIOXIA/voxdata/in_the_wild/real/1942.wav,0,in_the_wild
/Volumes/KIOXIA/voxdata/in_the_wild/real/10754.wav,0,in_the_wild
/Volumes/KIOXIA/voxdata/in_the_wild/fake/25938.wav,1,in_the_wild
/Volumes/KIOXIA/voxdata/in_the_wild/real/30541.wav,0,in_the_wild
/Volumes/KIOXIA/voxdata/in_the_wild/fake/25447.wav,1,in_the_wild
/Volumes/KIOXIA/voxdata/in_the_wild/fake/29971.wav,1,in_the_wild
/Volumes/KIOXIA/voxdata/in_the_wild/fake/22698.wav,1,in_the_wild
/Volumes/KIOXIA/voxdata/in_the_wild/real/27468.wav,0,in_the_wild
/Volumes/KIOXIA/voxdata/in_the_wild/fake/25418.wav,1,in_the_wild
/Volumes/KIOXIA/voxdata/in_the_wild/real/7029.wav,0,in_the_wild
/Volumes/KIOXIA/voxdata/in_the_wild/fake/5021.wav,1,in_the_wild
/Volumes/KIOXIA/voxdata/in_the_wild/fake/15189.wav,1,in_the_wild
/Volumes/KIOXIA/voxdata/in_the_wild/real/5936.wav,0,in_the_wild
/Volumes/KIOXIA/voxdata/in_the_wild/real/23453.wav,0,in_the_wild
/Volumes/KIOXIA/voxdata/in_the_wild/fake/28132.wav,1,in_the_wild
/Volumes/KIOXIA/voxdata/in_the_wild/fake/20735.wav,1,in_the_wild
/Volumes/KIOXIA/voxdata/in_the_wild/fake/19936.wav,1,in_the_wild
/Volumes/KIOXIA/voxdata/in_the_wild/fake/5680.wav,1,in_the_wild
/Volumes/KIOXIA/voxdata/in_the_wild/fake/11544.wav,1,in_the_wild
/Volumes/KIOXIA/voxdata/in_the_wild/real/15679.wav,0,in_the_wild
/Volumes/KIOXIA/voxdata/in_the_wild/fake/17562.wav,1,in_the_wild
/Volumes/KIOXIA/voxdata/in_the_wild/real/28141.wav,0,in_the_wild
/Volumes/KIOXIA/voxdata/in_the_wild/real/10878.wav,0,in_the_wild
/Volumes/KIOXIA/voxdata/in_the_wild/real/27466.wav,0,in_the_wild
/Volumes/KIOXIA/voxdata/in_the_wild/fake/20005.wav,1,in_the_wild
/Volumes/KIOXIA/voxdata/in_the_wild/fake/15100.wav,1,in_the_wild
/Volumes/KIOXIA/voxdata/in_the_wild/fake/770.wav,1,in_the_wild
/Volumes/KIOXIA/voxdata/in_the_wild/fake/22904.wav,1,in_the_wild
/Volumes/KIOXIA/voxdata/in_the_wild/fake/12892.wav,1,in_the_wild
/Volumes/KIOXIA/voxdata/in_the_wild/fake/15789.wav,1,in_the_wild
/Volumes/KIOXIA/voxdata/in_the_wild/fake/12404.wav,1,in_the_wild
/Volumes/KIOXIA/voxdata/in_the_wild/fake/5717.wav,1,in_the_wild
/Volumes/KIOXIA/voxdata/in_the_wild/fake/25186.wav,1,in_the_wild
/Volumes/KIOXIA/voxdata/in_the_wild/real/25482.wav,0,in_the_wild
/Volumes/KIOXIA/voxdata/in_the_wild/real/30005.wav,0,in_the_wild
/Volumes/KIOXIA/voxdata/in_the_wild/real/20850.wav,0,in_the_wild
/Volumes/KIOXIA/voxdata/in_the_wild/fake/5520.wav,1,in_the_wild
/Volumes/KIOXIA/voxdata/in_the_wild/fake/30468.wav,1,in_the_wild
/Volumes/KIOXIA/voxdata/in_the_wild/real/13661.wav,0,in_the_wild
/Volumes/KIOXIA/voxdata/in_the_wild/fake/12856.wav,1,in_the_wild
/Volumes/KIOXIA/voxdata/in_the_wild/fake/27621.wav,1,in_the_wild
/Volumes/KIOXIA/voxdata/in_the_wild/real/31057.wav,0,in_the_wild
/Volumes/KIOXIA/voxdata/in_the_wild/fake/4264.wav,1,in_the_wild
/Volumes/KIOXIA/voxdata/in_the_wild/fake/20002.wav,1,in_the_wild
/Volumes/KIOXIA/voxdata/in_the_wild/fake/27231.wav,1,in_the_wild
/Volumes/KIOXIA/voxdata/in_the_wild/real/8211.wav,0,in_the_wild
/Volumes/KIOXIA/voxdata/in_the_wild/fake/22869.wav,1,in_the_wild
/Volumes/KIOXIA/voxdata/in_the_wild/real/30246.wav,0,in_the_wild
/Volumes/KIOXIA/voxdata/in_the_wild/fake/11504.wav,1,in_the_wild
/Volumes/KIOXIA/voxdata/in_the_wild/fake/16065.wav,1,in_the_wild
/Volumes/KIOXIA/voxdata/in_the_wild/fake/16631.wav,1,in_the_wild
/Volumes/KIOXIA/voxdata/in_the_wild/real/29104.wav,0,in_the_wild
/Volumes/KIOXIA/voxdata/in_the_wild/fake/16101.wav,1,in_the_wild
/Volumes/KIOXIA/voxdata/in_the_wild/fake/21043.wav,1,in_the_wild
/Volumes/KIOXIA/voxdata/in_the_wild/fake/22100.wav,1,in_the_wild
/Volumes/KIOXIA/voxdata/in_the_wild/real/16215.wav,0,in_the_wild
/Volumes/KIOXIA/voxdata/in_the_wild/fake/17590.wav,1,in_the_wild
/Volumes/KIOXIA/voxdata/in_the_wild/fake/26675.wav,1,in_the_wild
/Volumes/KIOXIA/voxdata/in_the_wild/real/18104.wav,0,in_the_wild
/Volumes/KIOXIA/voxdata/in_the_wild/real/14266.wav,0,in_the_wild
/Volumes/KIOXIA/voxdata/in_the_wild/fake/14249.wav,1,in_the_wild
/Volumes/KIOXIA/voxdata/in_the_wild/fake/6441.wav,1,in_the_wild
/Volumes/KIOXIA/voxdata/in_the_wild/real/379.wav,0,in_the_wild
/Volumes/KIOXIA/voxdata/in_the_wild/fake/20659.wav,1,in_the_wild
/Volumes/KIOXIA/voxdata/in_the_wild/real/18194.wav,0,in_the_wild
/Volumes/KIOXIA/voxdata/in_the_wild/fake/2880.wav,1,in_the_wild
/Volumes/KIOXIA/voxdata/in_the_wild/fake/30561.wav,1,in_the_wild
/Volumes/KIOXIA/voxdata/in_the_wild/fake/50.wav,1,in_the_wild
/Volumes/KIOXIA/voxdata/in_the_wild/real/584.wav,0,in_the_wild
/Volumes/KIOXIA/voxdata/in_the_wild/real/8054.wav,0,in_the_wild
/Volumes/KIOXIA/voxdata/in_the_wild/fake/4882.wav,1,in_the_wild
/Volumes/KIOXIA/voxdata/in_the_wild/fake/2096.wav,1,in_the_wild
/Volumes/KIOXIA/voxdata/in_the_wild/fake/573.wav,1,in_the_wild
/Volumes/KIOXIA/voxdata/in_the_wild/real/17800.wav,0,in_the_wild
/Volumes/KIOXIA/voxdata/in_the_wild/fake/26095.wav,1,in_the_wild
/Volumes/KIOXIA/voxdata/in_the_wild/real/18388.wav,0,in_the_wild
/Volumes/KIOXIA/voxdata/in_the_wild/real/26865.wav,0,in_the_wild
/Volumes/KIOXIA/voxdata/in_the_wild/real/243.wav,0,in_the_wild
/Volumes/KIOXIA/voxdata/in_the_wild/real/6335.wav,0,in_the_wild
/Volumes/KIOXIA/voxdata/in_the_wild/real/2473.wav,0,in_the_wild
/Volumes/KIOXIA/voxdata/in_the_wild/fake/14797.wav,1,in_the_wild
/Volumes/KIOXIA/voxdata/in_the_wild/fake/21815.wav,1,in_the_wild
/Volumes/KIOXIA/voxdata/in_the_wild/fake/23681.wav,1,in_the_wild
/Volumes/KIOXIA/voxdata/in_the_wild/real/7333.wav,0,in_the_wild
/Volumes/KIOXIA/voxdata/in_the_wild/real/19952.wav,0,in_the_wild
/Volumes/KIOXIA/voxdata/in_the_wild/real/22778.wav,0,in_the_wild
/Volumes/KIOXIA/voxdata/in_the_wild/fake/17071.wav,1,in_the_wild
/Volumes/KIOXIA/voxdata/in_the_wild/fake/18750.wav,1,in_the_wild
/Volumes/KIOXIA/voxdata/in_the_wild/fake/22865.wav,1,in_the_wild
/Volumes/KIOXIA/voxdata/in_the_wild/real/8576.wav,0,in_the_wild
/Volumes/KIOXIA/voxdata/in_the_wild/fake/8426.wav,1,in_the_wild
/Volumes/KIOXIA/voxdata/in_the_wild/fake/30684.wav,1,in_the_wild
/Volumes/KIOXIA/voxdata/in_the_wild/fake/17353.wav,1,in_the_wild
/Volumes/KIOXIA/voxdata/in_the_wild/real/10871.wav,0,in_the_wild
/Volumes/KIOXIA/voxdata/in_the_wild/fake/29170.wav,1,in_the_wild
/Volumes/KIOXIA/voxdata/in_the_wild/fake/1021.wav,1,in_the_wild
/Volumes/KIOXIA/voxdata/in_the_wild/real/3342.wav,0,in_the_wild
/Volumes/KIOXIA/voxdata/in_the_wild/real/10724.wav,0,in_the_wild
/Volumes/KIOXIA/voxdata/in_the_wild/fake/7507.wav,1,in_the_wild
/Volumes/KIOXIA/voxdata/in_the_wild/fake/18154.wav,1,in_the_wild
/Volumes/KIOXIA/voxdata/in_the_wild/real/3067.wav,0,in_the_wild
/Volumes/KIOXIA/voxdata/in_the_wild/real/22754.wav,0,in_the_wild
/Volumes/KIOXIA/voxdata/in_the_wild/fake/7443.wav,1,in_the_wild
/Volumes/KIOXIA/voxdata/in_the_wild/fake/3787.wav,1,in_the_wild
/Volumes/KIOXIA/voxdata/in_the_wild/real/17044.wav,0,in_the_wild
/Volumes/KIOXIA/voxdata/in_the_wild/real/26420.wav,0,in_the_wild
/Volumes/KIOXIA/voxdata/in_the_wild/fake/25694.wav,1,in_the_wild
/Volumes/KIOXIA/voxdata/in_the_wild/fake/6896.wav,1,in_the_wild
/Volumes/KIOXIA/voxdata/in_the_wild/real/28410.wav,0,in_the_wild
/Volumes/KIOXIA/voxdata/in_the_wild/real/21531.wav,0,in_the_wild
/Volumes/KIOXIA/voxdata/in_the_wild/real/6931.wav,0,in_the_wild
/Volumes/KIOXIA/voxdata/in_the_wild/real/7817.wav,0,in_the_wild
/Volumes/KIOXIA/voxdata/in_the_wild/fake/16900.wav,1,in_the_wild
/Volumes/KIOXIA/voxdata/in_the_wild/fake/3842.wav,1,in_the_wild
/Volumes/KIOXIA/voxdata/in_the_wild/fake/15149.wav,1,in_the_wild
/Volumes/KIOXIA/voxdata/in_the_wild/real/5528.wav,0,in_the_wild
/Volumes/KIOXIA/voxdata/in_the_wild/fake/17797.wav,1,in_the_wild
/Volumes/KIOXIA/voxdata/in_the_wild/fake/21402.wav,1,in_the_wild
/Volumes/KIOXIA/voxdata/in_the_wild/real/29380.wav,0,in_the_wild
/Volumes/KIOXIA/voxdata/in_the_wild/fake/40.wav,1,in_the_wild
/Volumes/KIOXIA/voxdata/in_the_wild/real/19107.wav,0,in_the_wild
/Volumes/KIOXIA/voxdata/in_the_wild/fake/5987.wav,1,in_the_wild
/Volumes/KIOXIA/voxdata/in_the_wild/real/22513.wav,0,in_the_wild
/Volumes/KIOXIA/voxdata/in_the_wild/real/6895.wav,0,in_the_wild
/Volumes/KIOXIA/voxdata/in_the_wild/real/14012.wav,0,in_the_wild
/Volumes/KIOXIA/voxdata/in_the_wild/fake/3938.wav,1,in_the_wild
/Volumes/KIOXIA/voxdata/in_the_wild/real/2527.wav,0,in_the_wild
/Volumes/KIOXIA/voxdata/in_the_wild/fake/231.wav,1,in_the_wild
/Volumes/KIOXIA/voxdata/in_the_wild/fake/31121.wav,1,in_the_wild
/Volumes/KIOXIA/voxdata/in_the_wild/real/28762.wav,0,in_the_wild
/Volumes/KIOXIA/voxdata/in_the_wild/real/5808.wav,0,in_the_wild
/Volumes/KIOXIA/voxdata/in_the_wild/real/29239.wav,0,in_the_wild
/Volumes/KIOXIA/voxdata/in_the_wild/fake/4488.wav,1,in_the_wild
/Volumes/KIOXIA/voxdata/in_the_wild/fake/15615.wav,1,in_the_wild
/Volumes/KIOXIA/voxdata/in_the_wild/real/11335.wav,0,in_the_wild
/Volumes/KIOXIA/voxdata/in_the_wild/real/31673.wav,0,in_the_wild
/Volumes/KIOXIA/voxdata/in_the_wild/fake/9935.wav,1,in_the_wild
/Volumes/KIOXIA/voxdata/in_the_wild/fake/17446.wav,1,in_the_wild
/Volumes/KIOXIA/voxdata/in_the_wild/real/29803.wav,0,in_the_wild
/Volumes/KIOXIA/voxdata/in_the_wild/real/29571.wav,0,in_the_wild
/Volumes/KIOXIA/voxdata/in_the_wild/fake/8429.wav,1,in_the_wild
/Volumes/KIOXIA/voxdata/in_the_wild/real/28225.wav,0,in_the_wild
/Volumes/KIOXIA/voxdata/in_the_wild/fake/19445.wav,1,in_the_wild
/Volumes/KIOXIA/voxdata/in_the_wild/fake/16381.wav,1,in_the_wild
/Volumes/KIOXIA/voxdata/in_the_wild/fake/26977.wav,1,in_the_wild
/Volumes/KIOXIA/voxdata/in_the_wild/real/30688.wav,0,in_the_wild
/Volumes/KIOXIA/voxdata/in_the_wild/fake/23645.wav,1,in_the_wild
/Volumes/KIOXIA/voxdata/in_the_wild/fake/2099.wav,1,in_the_wild
/Volumes/KIOXIA/voxdata/in_the_wild/fake/7211.wav,1,in_the_wild
/Volumes/KIOXIA/voxdata/in_the_wild/fake/5887.wav,1,in_the_wild
/Volumes/KIOXIA/voxdata/in_the_wild/real/15655.wav,0,in_the_wild
/Volumes/KIOXIA/voxdata/in_the_wild/fake/9166.wav,1,in_the_wild
/Volumes/KIOXIA/voxdata/in_the_wild/real/28698.wav,0,in_the_wild
/Volumes/KIOXIA/voxdata/in_the_wild/fake/7900.wav,1,in_the_wild
/Volumes/KIOXIA/voxdata/in_the_wild/fake/5927.wav,1,in_the_wild
/Volumes/KIOXIA/voxdata/in_the_wild/real/2987.wav,0,in_the_wild
/Volumes/KIOXIA/voxdata/in_the_wild/fake/26388.wav,1,in_the_wild
/Volumes/KIOXIA/voxdata/in_the_wild/real/11106.wav,0,in_the_wild
/Volumes/KIOXIA/voxdata/in_the_wild/fake/23401.wav,1,in_the_wild
/Volumes/KIOXIA/voxdata/in_the_wild/fake/4680.wav,1,in_the_wild
/Volumes/KIOXIA/voxdata/in_the_wild/fake/17351.wav,1,in_the_wild
/Volumes/KIOXIA/voxdata/in_the_wild/real/25805.wav,0,in_the_wild
/Volumes/KIOXIA/voxdata/in_the_wild/real/27285.wav,0,in_the_wild
/Volumes/KIOXIA/voxdata/in_the_wild/real/16135.wav,0,in_the_wild
/Volumes/KIOXIA/voxdata/in_the_wild/real/7576.wav,0,in_the_wild
/Volumes/KIOXIA/voxdata/in_the_wild/real/15831.wav,0,in_the_wild
/Volumes/KIOXIA/voxdata/in_the_wild/fake/30910.wav,1,in_the_wild
/Volumes/KIOXIA/voxdata/in_the_wild/fake/9822.wav,1,in_the_wild
/Volumes/KIOXIA/voxdata/in_the_wild/fake/23909.wav,1,in_the_wild
/Volumes/KIOXIA/voxdata/in_the_wild/fake/25162.wav,1,in_the_wild
/Volumes/KIOXIA/voxdata/in_the_wild/real/28027.wav,0,in_the_wild
/Volumes/KIOXIA/voxdata/in_the_wild/real/10399.wav,0,in_the_wild
/Volumes/KIOXIA/voxdata/in_the_wild/real/1292.wav,0,in_the_wild
/Volumes/KIOXIA/voxdata/in_the_wild/fake/2818.wav,1,in_the_wild
/Volumes/KIOXIA/voxdata/in_the_wild/fake/536.wav,1,in_the_wild
/Volumes/KIOXIA/voxdata/in_the_wild/real/4924.wav,0,in_the_wild
/Volumes/KIOXIA/voxdata/in_the_wild/fake/8752.wav,1,in_the_wild
/Volumes/KIOXIA/voxdata/in_the_wild/real/26640.wav,0,in_the_wild
/Volumes/KIOXIA/voxdata/in_the_wild/real/11870.wav,0,in_the_wild
/Volumes/KIOXIA/voxdata/in_the_wild/real/2727.wav,0,in_the_wild
/Volumes/KIOXIA/voxdata/in_the_wild/fake/14032.wav,1,in_the_wild
/Volumes/KIOXIA/voxdata/in_the_wild/fake/21778.wav,1,in_the_wild
/Volumes/KIOXIA/voxdata/in_the_wild/real/19778.wav,0,in_the_wild
/Volumes/KIOXIA/voxdata/in_the_wild/fake/3676.wav,1,in_the_wild
/Volumes/KIOXIA/voxdata/in_the_wild/fake/28267.wav,1,in_the_wild
/Volumes/KIOXIA/voxdata/in_the_wild/real/24799.wav,0,in_the_wild
/Volumes/KIOXIA/voxdata/in_the_wild/fake/23185.wav,1,in_the_wild
/Volumes/KIOXIA/voxdata/in_the_wild/real/23484.wav,0,in_the_wild
/Volumes/KIOXIA/voxdata/in_the_wild/real/27366.wav,0,in_the_wild
/Volumes/KIOXIA/voxdata/in_the_wild/real/22226.wav,0,in_the_wild
/Volumes/KIOXIA/voxdata/in_the_wild/fake/27272.wav,1,in_the_wild
/Volumes/KIOXIA/voxdata/in_the_wild/real/8453.wav,0,in_the_wild
/Volumes/KIOXIA/voxdata/in_the_wild/real/28250.wav,0,in_the_wild
/Volumes/KIOXIA/voxdata/in_the_wild/real/15433.wav,0,in_the_wild
/Volumes/KIOXIA/voxdata/in_the_wild/real/22578.wav,0,in_the_wild
/Volumes/KIOXIA/voxdata/in_the_wild/fake/4659.wav,1,in_the_wild
/Volumes/KIOXIA/voxdata/in_the_wild/real/18059.wav,0,in_the_wild
/Volumes/KIOXIA/voxdata/in_the_wild/fake/16691.wav,1,in_the_wild
/Volumes/KIOXIA/voxdata/in_the_wild/fake/27588.wav,1,in_the_wild
/Volumes/KIOXIA/voxdata/in_the_wild/real/22038.wav,0,in_the_wild
/Volumes/KIOXIA/voxdata/in_the_wild/real/11654.wav,0,in_the_wild
/Volumes/KIOXIA/voxdata/in_the_wild/fake/24927.wav,1,in_the_wild
/Volumes/KIOXIA/voxdata/in_the_wild/fake/17867.wav,1,in_the_wild
/Volumes/KIOXIA/voxdata/in_the_wild/fake/20184.wav,1,in_the_wild
/Volumes/KIOXIA/voxdata/in_the_wild/real/24180.wav,0,in_the_wild
/Volumes/KIOXIA/voxdata/in_the_wild/fake/6976.wav,1,in_the_wild
/Volumes/KIOXIA/voxdata/in_the_wild/real/17554.wav,0,in_the_wild
/Volumes/KIOXIA/voxdata/in_the_wild/fake/16146.wav,1,in_the_wild
/Volumes/KIOXIA/voxdata/in_the_wild/fake/24544.wav,1,in_the_wild
/Volumes/KIOXIA/voxdata/in_the_wild/fake/1307.wav,1,in_the_wild
/Volumes/KIOXIA/voxdata/in_the_wild/real/9796.wav,0,in_the_wild
/Volumes/KIOXIA/voxdata/in_the_wild/real/22895.wav,0,in_the_wild
/Volumes/KIOXIA/voxdata/in_the_wild/real/30315.wav,0,in_the_wild
/Volumes/KIOXIA/voxdata/in_the_wild/fake/26538.wav,1,in_the_wild
/Volumes/KIOXIA/voxdata/in_the_wild/fake/24441.wav,1,in_the_wild
/Volumes/KIOXIA/voxdata/in_the_wild/real/12961.wav,0,in_the_wild
/Volumes/KIOXIA/voxdata/in_the_wild/real/22166.wav,0,in_the_wild
/Volumes/KIOXIA/voxdata/in_the_wild/real/25967.wav,0,in_the_wild
/Volumes/KIOXIA/voxdata/in_the_wild/real/13197.wav,0,in_the_wild
/Volumes/KIOXIA/voxdata/in_the_wild/real/8712.wav,0,in_the_wild
/Volumes/KIOXIA/voxdata/in_the_wild/real/20141.wav,0,in_the_wild
/Volumes/KIOXIA/voxdata/in_the_wild/fake/22278.wav,1,in_the_wild
/Volumes/KIOXIA/voxdata/in_the_wild/fake/4448.wav,1,in_the_wild
/Volumes/KIOXIA/voxdata/in_the_wild/real/17226.wav,0,in_the_wild
/Volumes/KIOXIA/voxdata/in_the_wild/fake/28983.wav,1,in_the_wild
/Volumes/KIOXIA/voxdata/in_the_wild/fake/21602.wav,1,in_the_wild
/Volumes/KIOXIA/voxdata/in_the_wild/fake/27551.wav,1,in_the_wild
/Volumes/KIOXIA/voxdata/in_the_wild/real/10466.wav,0,in_the_wild
/Volumes/KIOXIA/voxdata/in_the_wild/fake/14281.wav,1,in_the_wild
/Volumes/KIOXIA/voxdata/in_the_wild/fake/28366.wav,1,in_the_wild
/Volumes/KIOXIA/voxdata/in_the_wild/fake/12826.wav,1,in_the_wild
/Volumes/KIOXIA/voxdata/in_the_wild/fake/1297.wav,1,in_the_wild
/Volumes/KIOXIA/voxdata/in_the_wild/fake/13469.wav,1,in_the_wild
/Volumes/KIOXIA/voxdata/in_the_wild/real/608.wav,0,in_the_wild
/Volumes/KIOXIA/voxdata/in_the_wild/real/10615.wav,0,in_the_wild
/Volumes/KIOXIA/voxdata/in_the_wild/fake/19013.wav,1,in_the_wild
/Volumes/KIOXIA/voxdata/in_the_wild/fake/17506.wav,1,in_the_wild
/Volumes/KIOXIA/voxdata/in_the_wild/real/15562.wav,0,in_the_wild
/Volumes/KIOXIA/voxdata/in_the_wild/fake/3485.wav,1,in_the_wild
/Volumes/KIOXIA/voxdata/in_the_wild/real/27595.wav,0,in_the_wild
/Volumes/KIOXIA/voxdata/in_the_wild/real/28492.wav,0,in_the_wild
/Volumes/KIOXIA/voxdata/in_the_wild/real/17700.wav,0,in_the_wild
/Volumes/KIOXIA/voxdata/in_the_wild/fake/7863.wav,1,in_the_wild
/Volumes/KIOXIA/voxdata/in_the_wild/fake/26437.wav,1,in_the_wild
/Volumes/KIOXIA/voxdata/in_the_wild/real/1448.wav,0,in_the_wild
/Volumes/KIOXIA/voxdata/in_the_wild/fake/2443.wav,1,in_the_wild
/Volumes/KIOXIA/voxdata/in_the_wild/fake/16417.wav,1,in_the_wild
/Volumes/KIOXIA/voxdata/in_the_wild/real/21259.wav,0,in_the_wild
/Volumes/KIOXIA/voxdata/in_the_wild/fake/7845.wav,1,in_the_wild
/Volumes/KIOXIA/voxdata/in_the_wild/fake/4692.wav,1,in_the_wild
/Volumes/KIOXIA/voxdata/in_the_wild/fake/4836.wav,1,in_the_wild
/Volumes/KIOXIA/voxdata/in_the_wild/fake/3089.wav,1,in_the_wild
/Volumes/KIOXIA/voxdata/in_the_wild/real/4784.wav,0,in_the_wild
/Volumes/KIOXIA/voxdata/in_the_wild/real/10473.wav,0,in_the_wild
/Volumes/KIOXIA/voxdata/in_the_wild/real/21817.wav,0,in_the_wild
/Volumes/KIOXIA/voxdata/in_the_wild/fake/23371.wav,1,in_the_wild
/Volumes/KIOXIA/voxdata/in_the_wild/real/16848.wav,0,in_the_wild
/Volumes/KIOXIA/voxdata/in_the_wild/fake/11717.wav,1,in_the_wild
/Volumes/KIOXIA/voxdata/in_the_wild/fake/22091.wav,1,in_the_wild
/Volumes/KIOXIA/voxdata/in_the_wild/fake/22260.wav,1,in_the_wild
/Volumes/KIOXIA/voxdata/in_the_wild/fake/9408.wav,1,in_the_wild
/Volumes/KIOXIA/voxdata/in_the_wild/fake/26458.wav,1,in_the_wild
/Volumes/KIOXIA/voxdata/in_the_wild/real/27816.wav,0,in_the_wild
/Volumes/KIOXIA/voxdata/in_the_wild/fake/24022.wav,1,in_the_wild
/Volumes/KIOXIA/voxdata/in_the_wild/real/3450.wav,0,in_the_wild
/Volumes/KIOXIA/voxdata/in_the_wild/fake/12661.wav,1,in_the_wild
/Volumes/KIOXIA/voxdata/in_the_wild/real/22130.wav,0,in_the_wild
/Volumes/KIOXIA/voxdata/in_the_wild/fake/23890.wav,1,in_the_wild
/Volumes/KIOXIA/voxdata/in_the_wild/real/5016.wav,0,in_the_wild
/Volumes/KIOXIA/voxdata/in_the_wild/fake/5964.wav,1,in_the_wild
/Volumes/KIOXIA/voxdata/in_the_wild/real/8613.wav,0,in_the_wild
/Volumes/KIOXIA/voxdata/in_the_wild/real/13907.wav,0,in_the_wild
/Volumes/KIOXIA/voxdata/in_the_wild/fake/3079.wav,1,in_the_wild
/Volumes/KIOXIA/voxdata/in_the_wild/fake/29927.wav,1,in_the_wild
/Volumes/KIOXIA/voxdata/in_the_wild/fake/2979.wav,1,in_the_wild
/Volumes/KIOXIA/voxdata/in_the_wild/real/30610.wav,0,in_the_wild
/Volumes/KIOXIA/voxdata/in_the_wild/fake/20970.wav,1,in_the_wild
/Volumes/KIOXIA/voxdata/in_the_wild/real/20543.wav,0,in_the_wild
/Volumes/KIOXIA/voxdata/in_the_wild/real/10292.wav,0,in_the_wild
/Volumes/KIOXIA/voxdata/in_the_wild/real/4470.wav,0,in_the_wild
/Volumes/KIOXIA/voxdata/in_the_wild/fake/30163.wav,1,in_the_wild
/Volumes/KIOXIA/voxdata/in_the_wild/real/8985.wav,0,in_the_wild
/Volumes/KIOXIA/voxdata/in_the_wild/real/31274.wav,0,in_the_wild
/Volumes/KIOXIA/voxdata/in_the_wild/fake/8464.wav,1,in_the_wild
/Volumes/KIOXIA/voxdata/in_the_wild/real/10910.wav,0,in_the_wild
/Volumes/KIOXIA/voxdata/in_the_wild/fake/13556.wav,1,in_the_wild
/Volumes/KIOXIA/voxdata/in_the_wild/real/13165.wav,0,in_the_wild
/Volumes/KIOXIA/voxdata/in_the_wild/real/13320.wav,0,in_the_wild
/Volumes/KIOXIA/voxdata/in_the_wild/fake/6538.wav,1,in_the_wild
/Volumes/KIOXIA/voxdata/in_the_wild/real/8719.wav,0,in_the_wild
/Volumes/KIOXIA/voxdata/in_the_wild/fake/22845.wav,1,in_the_wild
/Volumes/KIOXIA/voxdata/in_the_wild/real/5319.wav,0,in_the_wild
/Volumes/KIOXIA/voxdata/in_the_wild/fake/5697.wav,1,in_the_wild
/Volumes/KIOXIA/voxdata/in_the_wild/real/11961.wav,0,in_the_wild
/Volumes/KIOXIA/voxdata/in_the_wild/real/2626.wav,0,in_the_wild
/Volumes/KIOXIA/voxdata/in_the_wild/real/15612.wav,0,in_the_wild
/Volumes/KIOXIA/voxdata/in_the_wild/real/10272.wav,0,in_the_wild
/Volumes/KIOXIA/voxdata/in_the_wild/fake/26412.wav,1,in_the_wild
/Volumes/KIOXIA/voxdata/in_the_wild/fake/31204.wav,1,in_the_wild
/Volumes/KIOXIA/voxdata/in_the_wild/fake/2529.wav,1,in_the_wild
/Volumes/KIOXIA/voxdata/in_the_wild/fake/6297.wav,1,in_the_wild
/Volumes/KIOXIA/voxdata/in_the_wild/fake/22045.wav,1,in_the_wild
/Volumes/KIOXIA/voxdata/in_the_wild/fake/14623.wav,1,in_the_wild
/Volumes/KIOXIA/voxdata/in_the_wild/fake/25867.wav,1,in_the_wild
/Volumes/KIOXIA/voxdata/in_the_wild/real/4773.wav,0,in_the_wild
/Volumes/KIOXIA/voxdata/in_the_wild/fake/17841.wav,1,in_the_wild
/Volumes/KIOXIA/voxdata/in_the_wild/fake/47.wav,1,in_the_wild
/Volumes/KIOXIA/voxdata/in_the_wild/fake/19646.wav,1,in_the_wild
/Volumes/KIOXIA/voxdata/in_the_wild/fake/11195.wav,1,in_the_wild
/Volumes/KIOXIA/voxdata/in_the_wild/fake/2700.wav,1,in_the_wild
/Volumes/KIOXIA/voxdata/in_the_wild/real/13800.wav,0,in_the_wild
/Volumes/KIOXIA/voxdata/in_the_wild/real/23133.wav,0,in_the_wild
/Volumes/KIOXIA/voxdata/in_the_wild/real/4925.wav,0,in_the_wild
/Volumes/KIOXIA/voxdata/in_the_wild/real/9413.wav,0,in_the_wild
/Volumes/KIOXIA/voxdata/in_the_wild/fake/25189.wav,1,in_the_wild
/Volumes/KIOXIA/voxdata/in_the_wild/fake/13224.wav,1,in_the_wild
/Volumes/KIOXIA/voxdata/in_the_wild/real/1775.wav,0,in_the_wild
/Volumes/KIOXIA/voxdata/in_the_wild/fake/2889.wav,1,in_the_wild
/Volumes/KIOXIA/voxdata/in_the_wild/fake/28350.wav,1,in_the_wild
/Volumes/KIOXIA/voxdata/in_the_wild/real/18459.wav,0,in_the_wild
/Volumes/KIOXIA/voxdata/in_the_wild/fake/27292.wav,1,in_the_wild
/Volumes/KIOXIA/voxdata/in_the_wild/real/5286.wav,0,in_the_wild
/Volumes/KIOXIA/voxdata/in_the_wild/fake/6767.wav,1,in_the_wild
/Volumes/KIOXIA/voxdata/in_the_wild/real/19755.wav,0,in_the_wild
/Volumes/KIOXIA/voxdata/in_the_wild/real/20390.wav,0,in_the_wild
/Volumes/KIOXIA/voxdata/in_the_wild/real/27476.wav,0,in_the_wild
/Volumes/KIOXIA/voxdata/in_the_wild/real/22386.wav,0,in_the_wild
/Volumes/KIOXIA/voxdata/in_the_wild/real/4350.wav,0,in_the_wild
/Volumes/KIOXIA/voxdata/in_the_wild/real/12151.wav,0,in_the_wild
/Volumes/KIOXIA/voxdata/in_the_wild/real/588.wav,0,in_the_wild
/Volumes/KIOXIA/voxdata/in_the_wild/fake/17790.wav,1,in_the_wild
/Volumes/KIOXIA/voxdata/in_the_wild/fake/11467.wav,1,in_the_wild
/Volumes/KIOXIA/voxdata/in_the_wild/fake/28139.wav,1,in_the_wild
/Volumes/KIOXIA/voxdata/in_the_wild/real/25244.wav,0,in_the_wild
/Volumes/KIOXIA/voxdata/in_the_wild/fake/12932.wav,1,in_the_wild
/Volumes/KIOXIA/voxdata/in_the_wild/real/6204.wav,0,in_the_wild
/Volumes/KIOXIA/voxdata/in_the_wild/real/20413.wav,0,in_the_wild
/Volumes/KIOXIA/voxdata/in_the_wild/real/19454.wav,0,in_the_wild
/Volumes/KIOXIA/voxdata/in_the_wild/fake/16111.wav,1,in_the_wild
/Volumes/KIOXIA/voxdata/in_the_wild/fake/23488.wav,1,in_the_wild
/Volumes/KIOXIA/voxdata/in_the_wild/fake/21040.wav,1,in_the_wild
/Volumes/KIOXIA/voxdata/in_the_wild/real/20991.wav,0,in_the_wild
/Volumes/KIOXIA/voxdata/in_the_wild/fake/3835.wav,1,in_the_wild
/Volumes/KIOXIA/voxdata/in_the_wild/fake/19014.wav,1,in_the_wild
/Volumes/KIOXIA/voxdata/in_the_wild/real/19176.wav,0,in_the_wild
/Volumes/KIOXIA/voxdata/in_the_wild/fake/17344.wav,1,in_the_wild
/Volumes/KIOXIA/voxdata/in_the_wild/real/17641.wav,0,in_the_wild
/Volumes/KIOXIA/voxdata/in_the_wild/fake/901.wav,1,in_the_wild
/Volumes/KIOXIA/voxdata/in_the_wild/fake/10587.wav,1,in_the_wild
/Volumes/KIOXIA/voxdata/in_the_wild/fake/24597.wav,1,in_the_wild
/Volumes/KIOXIA/voxdata/in_the_wild/fake/3926.wav,1,in_the_wild
/Volumes/KIOXIA/voxdata/in_the_wild/fake/26797.wav,1,in_the_wild
/Volumes/KIOXIA/voxdata/in_the_wild/real/25414.wav,0,in_the_wild
/Volumes/KIOXIA/voxdata/in_the_wild/real/10165.wav,0,in_the_wild
/Volumes/KIOXIA/voxdata/in_the_wild/real/4242.wav,0,in_the_wild
/Volumes/KIOXIA/voxdata/in_the_wild/real/21795.wav,0,in_the_wild
/Volumes/KIOXIA/voxdata/in_the_wild/real/28572.wav,0,in_the_wild
/Volumes/KIOXIA/voxdata/in_the_wild/fake/21757.wav,1,in_the_wild
/Volumes/KIOXIA/voxdata/in_the_wild/fake/29297.wav,1,in_the_wild
/Volumes/KIOXIA/voxdata/in_the_wild/real/6525.wav,0,in_the_wild
/Volumes/KIOXIA/voxdata/in_the_wild/real/17382.wav,0,in_the_wild
/Volumes/KIOXIA/voxdata/in_the_wild/real/11010.wav,0,in_the_wild
/Volumes/KIOXIA/voxdata/in_the_wild/fake/28756.wav,1,in_the_wild
/Volumes/KIOXIA/voxdata/in_the_wild/fake/4065.wav,1,in_the_wild
/Volumes/KIOXIA/voxdata/in_the_wild/fake/307.wav,1,in_the_wild
/Volumes/KIOXIA/voxdata/in_the_wild/fake/1212.wav,1,in_the_wild
/Volumes/KIOXIA/voxdata/in_the_wild/real/14543.wav,0,in_the_wild
/Volumes/KIOXIA/voxdata/in_the_wild/real/5120.wav,0,in_the_wild
/Volumes/KIOXIA/voxdata/in_the_wild/real/3557.wav,0,in_the_wild
/Volumes/KIOXIA/voxdata/in_the_wild/fake/23068.wav,1,in_the_wild
/Volumes/KIOXIA/voxdata/in_the_wild/fake/2390.wav,1,in_the_wild
/Volumes/KIOXIA/voxdata/in_the_wild/fake/1560.wav,1,in_the_wild
/Volumes/KIOXIA/voxdata/in_the_wild/real/16997.wav,0,in_the_wild
/Volumes/KIOXIA/voxdata/in_the_wild/fake/7895.wav,1,in_the_wild
/Volumes/KIOXIA/voxdata/in_the_wild/real/29040.wav,0,in_the_wild
/Volumes/KIOXIA/voxdata/in_the_wild/fake/2507.wav,1,in_the_wild
/Volumes/KIOXIA/voxdata/in_the_wild/real/23638.wav,0,in_the_wild
/Volumes/KIOXIA/voxdata/in_the_wild/fake/11470.wav,1,in_the_wild
/Volumes/KIOXIA/voxdata/in_the_wild/real/513.wav,0,in_the_wild
/Volumes/KIOXIA/voxdata/in_the_wild/real/30907.wav,0,in_the_wild
/Volumes/KIOXIA/voxdata/in_the_wild/fake/1373.wav,1,in_the_wild
/Volumes/KIOXIA/voxdata/in_the_wild/fake/29425.wav,1,in_the_wild
/Volumes/KIOXIA/voxdata/in_the_wild/fake/21463.wav,1,in_the_wild
/Volumes/KIOXIA/voxdata/in_the_wild/fake/13367.wav,1,in_the_wild
/Volumes/KIOXIA/voxdata/in_the_wild/fake/25450.wav,1,in_the_wild
/Volumes/KIOXIA/voxdata/in_the_wild/fake/29200.wav,1,in_the_wild
/Volumes/KIOXIA/voxdata/in_the_wild/fake/6417.wav,1,in_the_wild
/Volumes/KIOXIA/voxdata/in_the_wild/fake/24048.wav,1,in_the_wild
/Volumes/KIOXIA/voxdata/in_the_wild/real/1994.wav,0,in_the_wild
/Volumes/KIOXIA/voxdata/in_the_wild/fake/11568.wav,1,in_the_wild
/Volumes/KIOXIA/voxdata/in_the_wild/real/23589.wav,0,in_the_wild
/Volumes/KIOXIA/voxdata/in_the_wild/real/31301.wav,0,in_the_wild
/Volumes/KIOXIA/voxdata/in_the_wild/real/31529.wav,0,in_the_wild
/Volumes/KIOXIA/voxdata/in_the_wild/real/12171.wav,0,in_the_wild
/Volumes/KIOXIA/voxdata/in_the_wild/real/30173.wav,0,in_the_wild
/Volumes/KIOXIA/voxdata/in_the_wild/fake/25054.wav,1,in_the_wild
/Volumes/KIOXIA/voxdata/in_the_wild/real/8976.wav,0,in_the_wild
/Volumes/KIOXIA/voxdata/in_the_wild/real/8259.wav,0,in_the_wild
/Volumes/KIOXIA/voxdata/in_the_wild/real/1541.wav,0,in_the_wild
/Volumes/KIOXIA/voxdata/in_the_wild/fake/24199.wav,1,in_the_wild
/Volumes/KIOXIA/voxdata/in_the_wild/real/14007.wav,0,in_the_wild
/Volumes/KIOXIA/voxdata/in_the_wild/real/12881.wav,0,in_the_wild
/Volumes/KIOXIA/voxdata/in_the_wild/fake/21703.wav,1,in_the_wild
/Volumes/KIOXIA/voxdata/in_the_wild/real/18172.wav,0,in_the_wild
/Volumes/KIOXIA/voxdata/in_the_wild/real/4917.wav,0,in_the_wild
/Volumes/KIOXIA/voxdata/in_the_wild/real/17139.wav,0,in_the_wild
/Volumes/KIOXIA/voxdata/in_the_wild/fake/25049.wav,1,in_the_wild
/Volumes/KIOXIA/voxdata/in_the_wild/fake/515.wav,1,in_the_wild
/Volumes/KIOXIA/voxdata/in_the_wild/real/3200.wav,0,in_the_wild
/Volumes/KIOXIA/voxdata/in_the_wild/fake/13546.wav,1,in_the_wild
/Volumes/KIOXIA/voxdata/in_the_wild/fake/2258.wav,1,in_the_wild
/Volumes/KIOXIA/voxdata/in_the_wild/real/19470.wav,0,in_the_wild
/Volumes/KIOXIA/voxdata/in_the_wild/real/19590.wav,0,in_the_wild
/Volumes/KIOXIA/voxdata/in_the_wild/real/9294.wav,0,in_the_wild
/Volumes/KIOXIA/voxdata/in_the_wild/real/25062.wav,0,in_the_wild
/Volumes/KIOXIA/voxdata/in_the_wild/real/14852.wav,0,in_the_wild
/Volumes/KIOXIA/voxdata/in_the_wild/fake/17666.wav,1,in_the_wild
/Volumes/KIOXIA/voxdata/in_the_wild/real/24015.wav,0,in_the_wild
/Volumes/KIOXIA/voxdata/in_the_wild/fake/11728.wav,1,in_the_wild
/Volumes/KIOXIA/voxdata/in_the_wild/real/28078.wav,0,in_the_wild
/Volumes/KIOXIA/voxdata/in_the_wild/real/27840.wav,0,in_the_wild
/Volumes/KIOXIA/voxdata/in_the_wild/real/19313.wav,0,in_the_wild
/Volumes/KIOXIA/voxdata/in_the_wild/real/23510.wav,0,in_the_wild
/Volumes/KIOXIA/voxdata/in_the_wild/real/24125.wav,0,in_the_wild
/Volumes/KIOXIA/voxdata/in_the_wild/fake/29933.wav,1,in_the_wild
/Volumes/KIOXIA/voxdata/in_the_wild/real/17129.wav,0,in_the_wild
/Volumes/KIOXIA/voxdata/in_the_wild/real/25636.wav,0,in_the_wild
/Volumes/KIOXIA/voxdata/in_the_wild/real/20117.wav,0,in_the_wild
/Volumes/KIOXIA/voxdata/in_the_wild/fake/12708.wav,1,in_the_wild
/Volumes/KIOXIA/voxdata/in_the_wild/real/25230.wav,0,in_the_wild
/Volumes/KIOXIA/voxdata/in_the_wild/real/9994.wav,0,in_the_wild
/Volumes/KIOXIA/voxdata/in_the_wild/fake/4144.wav,1,in_the_wild
/Volumes/KIOXIA/voxdata/in_the_wild/real/6171.wav,0,in_the_wild
/Volumes/KIOXIA/voxdata/in_the_wild/real/25047.wav,0,in_the_wild
/Volumes/KIOXIA/voxdata/in_the_wild/fake/28174.wav,1,in_the_wild
/Volumes/KIOXIA/voxdata/in_the_wild/real/22117.wav,0,in_the_wild
/Volumes/KIOXIA/voxdata/in_the_wild/real/10324.wav,0,in_the_wild
/Volumes/KIOXIA/voxdata/in_the_wild/real/20733.wav,0,in_the_wild
/Volumes/KIOXIA/voxdata/in_the_wild/real/20517.wav,0,in_the_wild
/Volumes/KIOXIA/voxdata/in_the_wild/fake/31120.wav,1,in_the_wild
/Volumes/KIOXIA/voxdata/in_the_wild/real/11431.wav,0,in_the_wild
/Volumes/KIOXIA/voxdata/in_the_wild/fake/30784.wav,1,in_the_wild
/Volumes/KIOXIA/voxdata/in_the_wild/real/22282.wav,0,in_the_wild
/Volumes/KIOXIA/voxdata/in_the_wild/fake/5302.wav,1,in_the_wild
/Volumes/KIOXIA/voxdata/in_the_wild/real/14305.wav,0,in_the_wild
/Volumes/KIOXIA/voxdata/in_the_wild/fake/14751.wav,1,in_the_wild
/Volumes/KIOXIA/voxdata/in_the_wild/fake/26733.wav,1,in_the_wild
/Volumes/KIOXIA/voxdata/in_the_wild/real/15378.wav,0,in_the_wild
/Volumes/KIOXIA/voxdata/in_the_wild/real/5438.wav,0,in_the_wild
/Volumes/KIOXIA/voxdata/in_the_wild/real/3483.wav,0,in_the_wild
/Volumes/KIOXIA/voxdata/in_the_wild/fake/29282.wav,1,in_the_wild
/Volumes/KIOXIA/voxdata/in_the_wild/fake/5266.wav,1,in_the_wild
/Volumes/KIOXIA/voxdata/in_the_wild/fake/16792.wav,1,in_the_wild
/Volumes/KIOXIA/voxdata/in_the_wild/real/3657.wav,0,in_the_wild
/Volumes/KIOXIA/voxdata/in_the_wild/real/17186.wav,0,in_the_wild
/Volumes/KIOXIA/voxdata/in_the_wild/fake/24598.wav,1,in_the_wild
/Volumes/KIOXIA/voxdata/in_the_wild/fake/10788.wav,1,in_the_wild
/Volumes/KIOXIA/voxdata/in_the_wild/fake/28599.wav,1,in_the_wild
/Volumes/KIOXIA/voxdata/in_the_wild/fake/27684.wav,1,in_the_wild
/Volumes/KIOXIA/voxdata/in_the_wild/real/21201.wav,0,in_the_wild
/Volumes/KIOXIA/voxdata/in_the_wild/real/16433.wav,0,in_the_wild
/Volumes/KIOXIA/voxdata/in_the_wild/fake/26262.wav,1,in_the_wild
/Volumes/KIOXIA/voxdata/in_the_wild/real/13490.wav,0,in_the_wild
/Volumes/KIOXIA/voxdata/in_the_wild/fake/29244.wav,1,in_the_wild
/Volumes/KIOXIA/voxdata/in_the_wild/fake/13608.wav,1,in_the_wild
/Volumes/KIOXIA/voxdata/in_the_wild/real/19386.wav,0,in_the_wild
/Volumes/KIOXIA/voxdata/in_the_wild/real/13364.wav,0,in_the_wild
/Volumes/KIOXIA/voxdata/in_the_wild/fake/6372.wav,1,in_the_wild
/Volumes/KIOXIA/voxdata/in_the_wild/real/22616.wav,0,in_the_wild
/Volumes/KIOXIA/voxdata/in_the_wild/real/21091.wav,0,in_the_wild
/Volumes/KIOXIA/voxdata/in_the_wild/real/3582.wav,0,in_the_wild
/Volumes/KIOXIA/voxdata/in_the_wild/real/25409.wav,0,in_the_wild
/Volumes/KIOXIA/voxdata/in_the_wild/real/2608.wav,0,in_the_wild
/Volumes/KIOXIA/voxdata/in_the_wild/fake/5565.wav,1,in_the_wild
/Volumes/KIOXIA/voxdata/in_the_wild/real/1456.wav,0,in_the_wild
/Volumes/KIOXIA/voxdata/in_the_wild/real/22759.wav,0,in_the_wild
/Volumes/KIOXIA/voxdata/in_the_wild/real/11510.wav,0,in_the_wild
/Volumes/KIOXIA/voxdata/in_the_wild/fake/1794.wav,1,in_the_wild
/Volumes/KIOXIA/voxdata/in_the_wild/real/18678.wav,0,in_the_wild
/Volumes/KIOXIA/voxdata/in_the_wild/real/23717.wav,0,in_the_wild
/Volumes/KIOXIA/voxdata/in_the_wild/fake/8759.wav,1,in_the_wild
/Volumes/KIOXIA/voxdata/in_the_wild/real/23923.wav,0,in_the_wild
/Volumes/KIOXIA/voxdata/in_the_wild/fake/18905.wav,1,in_the_wild
/Volumes/KIOXIA/voxdata/in_the_wild/fake/19831.wav,1,in_the_wild
/Volumes/KIOXIA/voxdata/in_the_wild/fake/23264.wav,1,in_the_wild
/Volumes/KIOXIA/voxdata/in_the_wild/fake/1650.wav,1,in_the_wild
/Volumes/KIOXIA/voxdata/in_the_wild/fake/14683.wav,1,in_the_wild
/Volumes/KIOXIA/voxdata/in_the_wild/real/17385.wav,0,in_the_wild
/Volumes/KIOXIA/voxdata/in_the_wild/fake/3944.wav,1,in_the_wild
/Volumes/KIOXIA/voxdata/in_the_wild/real/16747.wav,0,in_the_wild
/Volumes/KIOXIA/voxdata/in_the_wild/fake/28555.wav,1,in_the_wild
/Volumes/KIOXIA/voxdata/in_the_wild/real/11015.wav,0,in_the_wild
/Volumes/KIOXIA/voxdata/in_the_wild/fake/493.wav,1,in_the_wild
/Volumes/KIOXIA/voxdata/in_the_wild/fake/18943.wav,1,in_the_wild
/Volumes/KIOXIA/voxdata/in_the_wild/fake/22585.wav,1,in_the_wild
/Volumes/KIOXIA/voxdata/in_the_wild/real/17822.wav,0,in_the_wild
/Volumes/KIOXIA/voxdata/in_the_wild/fake/489.wav,1,in_the_wild
/Volumes/KIOXIA/voxdata/in_the_wild/fake/13566.wav,1,in_the_wild
/Volumes/KIOXIA/voxdata/in_the_wild/real/21786.wav,0,in_the_wild
/Volumes/KIOXIA/voxdata/in_the_wild/fake/6002.wav,1,in_the_wild
/Volumes/KIOXIA/voxdata/in_the_wild/real/23915.wav,0,in_the_wild
/Volumes/KIOXIA/voxdata/in_the_wild/fake/579.wav,1,in_the_wild
/Volumes/KIOXIA/voxdata/in_the_wild/real/9353.wav,0,in_the_wild
/Volumes/KIOXIA/voxdata/in_the_wild/real/10416.wav,0,in_the_wild
/Volumes/KIOXIA/voxdata/in_the_wild/real/3805.wav,0,in_the_wild
/Volumes/KIOXIA/voxdata/in_the_wild/fake/15180.wav,1,in_the_wild
/Volumes/KIOXIA/voxdata/in_the_wild/fake/827.wav,1,in_the_wild
/Volumes/KIOXIA/voxdata/in_the_wild/real/30586.wav,0,in_the_wild
/Volumes/KIOXIA/voxdata/in_the_wild/real/12316.wav,0,in_the_wild
/Volumes/KIOXIA/voxdata/in_the_wild/real/14972.wav,0,in_the_wild
/Volumes/KIOXIA/voxdata/in_the_wild/fake/28199.wav,1,in_the_wild
/Volumes/KIOXIA/voxdata/in_the_wild/real/6274.wav,0,in_the_wild
/Volumes/KIOXIA/voxdata/in_the_wild/fake/5977.wav,1,in_the_wild
/Volumes/KIOXIA/voxdata/in_the_wild/fake/14132.wav,1,in_the_wild
/Volumes/KIOXIA/voxdata/in_the_wild/fake/703.wav,1,in_the_wild
/Volumes/KIOXIA/voxdata/in_the_wild/real/17447.wav,0,in_the_wild
/Volumes/KIOXIA/voxdata/in_the_wild/real/10561.wav,0,in_the_wild
/Volumes/KIOXIA/voxdata/in_the_wild/real/28648.wav,0,in_the_wild
/Volumes/KIOXIA/voxdata/in_the_wild/fake/1614.wav,1,in_the_wild
/Volumes/KIOXIA/voxdata/in_the_wild/real/3346.wav,0,in_the_wild
/Volumes/KIOXIA/voxdata/in_the_wild/fake/1170.wav,1,in_the_wild
/Volumes/KIOXIA/voxdata/in_the_wild/real/24420.wav,0,in_the_wild
/Volumes/KIOXIA/voxdata/in_the_wild/real/9637.wav,0,in_the_wild
/Volumes/KIOXIA/voxdata/in_the_wild/real/21652.wav,0,in_the_wild
/Volumes/KIOXIA/voxdata/in_the_wild/real/13403.wav,0,in_the_wild
/Volumes/KIOXIA/voxdata/in_the_wild/real/4314.wav,0,in_the_wild
/Volumes/KIOXIA/voxdata/in_the_wild/real/25817.wav,0,in_the_wild
/Volumes/KIOXIA/voxdata/in_the_wild/fake/6298.wav,1,in_the_wild
/Volumes/KIOXIA/voxdata/in_the_wild/real/30190.wav,0,in_the_wild
/Volumes/KIOXIA/voxdata/in_the_wild/real/13491.wav,0,in_the_wild
/Volumes/KIOXIA/voxdata/in_the_wild/fake/16205.wav,1,in_the_wild
/Volumes/KIOXIA/voxdata/in_the_wild/real/935.wav,0,in_the_wild
/Volumes/KIOXIA/voxdata/in_the_wild/real/27363.wav,0,in_the_wild
/Volumes/KIOXIA/voxdata/in_the_wild/real/23833.wav,0,in_the_wild
/Volumes/KIOXIA/voxdata/in_the_wild/real/1500.wav,0,in_the_wild
/Volumes/KIOXIA/voxdata/in_the_wild/fake/12640.wav,1,in_the_wild
/Volumes/KIOXIA/voxdata/in_the_wild/real/644.wav,0,in_the_wild
/Volumes/KIOXIA/voxdata/in_the_wild/real/22277.wav,0,in_the_wild
/Volumes/KIOXIA/voxdata/in_the_wild/real/28324.wav,0,in_the_wild
/Volumes/KIOXIA/voxdata/in_the_wild/real/20815.wav,0,in_the_wild
/Volumes/KIOXIA/voxdata/in_the_wild/real/2434.wav,0,in_the_wild
/Volumes/KIOXIA/voxdata/in_the_wild/real/8073.wav,0,in_the_wild
/Volumes/KIOXIA/voxdata/in_the_wild/fake/22864.wav,1,in_the_wild
/Volumes/KIOXIA/voxdata/in_the_wild/fake/3022.wav,1,in_the_wild
/Volumes/KIOXIA/voxdata/in_the_wild/fake/7259.wav,1,in_the_wild
/Volumes/KIOXIA/voxdata/in_the_wild/real/16808.wav,0,in_the_wild
/Volumes/KIOXIA/voxdata/in_the_wild/fake/14170.wav,1,in_the_wild
/Volumes/KIOXIA/voxdata/in_the_wild/fake/10168.wav,1,in_the_wild
/Volumes/KIOXIA/voxdata/in_the_wild/real/29457.wav,0,in_the_wild
/Volumes/KIOXIA/voxdata/in_the_wild/real/10063.wav,0,in_the_wild
/Volumes/KIOXIA/voxdata/in_the_wild/fake/21779.wav,1,in_the_wild
/Volumes/KIOXIA/voxdata/in_the_wild/real/16375.wav,0,in_the_wild
/Volumes/KIOXIA/voxdata/in_the_wild/real/21616.wav,0,in_the_wild
/Volumes/KIOXIA/voxdata/in_the_wild/fake/27313.wav,1,in_the_wild
/Volumes/KIOXIA/voxdata/in_the_wild/real/2413.wav,0,in_the_wild
/Volumes/KIOXIA/voxdata/in_the_wild/real/25128.wav,0,in_the_wild
/Volumes/KIOXIA/voxdata/in_the_wild/fake/2967.wav,1,in_the_wild
/Volumes/KIOXIA/voxdata/in_the_wild/fake/6596.wav,1,in_the_wild
/Volumes/KIOXIA/voxdata/in_the_wild/real/2185.wav,0,in_the_wild
/Volumes/KIOXIA/voxdata/in_the_wild/real/31623.wav,0,in_the_wild
/Volumes/KIOXIA/voxdata/in_the_wild/fake/16615.wav,1,in_the_wild
/Volumes/KIOXIA/voxdata/in_the_wild/fake/20677.wav,1,in_the_wild
/Volumes/KIOXIA/voxdata/in_the_wild/real/18679.wav,0,in_the_wild
/Volumes/KIOXIA/voxdata/in_the_wild/fake/12537.wav,1,in_the_wild
/Volumes/KIOXIA/voxdata/in_the_wild/fake/24332.wav,1,in_the_wild
/Volumes/KIOXIA/voxdata/in_the_wild/fake/9597.wav,1,in_the_wild
/Volumes/KIOXIA/voxdata/in_the_wild/real/15619.wav,0,in_the_wild
/Volumes/KIOXIA/voxdata/in_the_wild/fake/31162.wav,1,in_the_wild
/Volumes/KIOXIA/voxdata/in_the_wild/fake/30154.wav,1,in_the_wild
/Volumes/KIOXIA/voxdata/in_the_wild/real/26161.wav,0,in_the_wild
/Volumes/KIOXIA/voxdata/in_the_wild/real/19444.wav,0,in_the_wild
/Volumes/KIOXIA/voxdata/in_the_wild/real/4861.wav,0,in_the_wild
/Volumes/KIOXIA/voxdata/in_the_wild/real/13530.wav,0,in_the_wild
/Volumes/KIOXIA/voxdata/in_the_wild/real/27180.wav,0,in_the_wild
/Volumes/KIOXIA/voxdata/in_the_wild/real/26693.wav,0,in_the_wild
/Volumes/KIOXIA/voxdata/in_the_wild/real/23647.wav,0,in_the_wild
/Volumes/KIOXIA/voxdata/in_the_wild/real/27265.wav,0,in_the_wild
/Volumes/KIOXIA/voxdata/in_the_wild/fake/6959.wav,1,in_the_wild
/Volumes/KIOXIA/voxdata/in_the_wild/fake/20136.wav,1,in_the_wild
/Volumes/KIOXIA/voxdata/in_the_wild/fake/30486.wav,1,in_the_wild
/Volumes/KIOXIA/voxdata/in_the_wild/fake/29217.wav,1,in_the_wild
/Volumes/KIOXIA/voxdata/in_the_wild/real/31145.wav,0,in_the_wild
/Volumes/KIOXIA/voxdata/in_the_wild/real/18889.wav,0,in_the_wild
/Volumes/KIOXIA/voxdata/in_the_wild/real/15397.wav,0,in_the_wild
/Volumes/KIOXIA/voxdata/in_the_wild/fake/18813.wav,1,in_the_wild
/Volumes/KIOXIA/voxdata/in_the_wild/real/8665.wav,0,in_the_wild
/Volumes/KIOXIA/voxdata/in_the_wild/real/5487.wav,0,in_the_wild
/Volumes/KIOXIA/voxdata/in_the_wild/fake/27025.wav,1,in_the_wild
/Volumes/KIOXIA/voxdata/in_the_wild/fake/30763.wav,1,in_the_wild
/Volumes/KIOXIA/voxdata/in_the_wild/fake/25664.wav,1,in_the_wild
/Volumes/KIOXIA/voxdata/in_the_wild/fake/28033.wav,1,in_the_wild
/Volumes/KIOXIA/voxdata/in_the_wild/fake/25953.wav,1,in_the_wild
/Volumes/KIOXIA/voxdata/in_the_wild/fake/17168.wav,1,in_the_wild
/Volumes/KIOXIA/voxdata/in_the_wild/fake/9448.wav,1,in_the_wild
/Volumes/KIOXIA/voxdata/in_the_wild/fake/16625.wav,1,in_the_wild
/Volumes/KIOXIA/voxdata/in_the_wild/fake/25075.wav,1,in_the_wild
/Volumes/KIOXIA/voxdata/in_the_wild/real/11911.wav,0,in_the_wild
/Volumes/KIOXIA/voxdata/in_the_wild/real/4301.wav,0,in_the_wild
/Volumes/KIOXIA/voxdata/in_the_wild/real/23980.wav,0,in_the_wild
/Volumes/KIOXIA/voxdata/in_the_wild/real/15022.wav,0,in_the_wild
/Volumes/KIOXIA/voxdata/in_the_wild/real/4070.wav,0,in_the_wild
/Volumes/KIOXIA/voxdata/in_the_wild/real/9554.wav,0,in_the_wild
/Volumes/KIOXIA/voxdata/in_the_wild/fake/14840.wav,1,in_the_wild
/Volumes/KIOXIA/voxdata/in_the_wild/fake/18124.wav,1,in_the_wild
/Volumes/KIOXIA/voxdata/in_the_wild/real/27271.wav,0,in_the_wild
/Volumes/KIOXIA/voxdata/in_the_wild/fake/21237.wav,1,in_the_wild
/Volumes/KIOXIA/voxdata/in_the_wild/fake/31752.wav,1,in_the_wild
/Volumes/KIOXIA/voxdata/in_the_wild/real/20618.wav,0,in_the_wild
/Volumes/KIOXIA/voxdata/in_the_wild/fake/8733.wav,1,in_the_wild
/Volumes/KIOXIA/voxdata/in_the_wild/real/10823.wav,0,in_the_wild
/Volumes/KIOXIA/voxdata/in_the_wild/real/20743.wav,0,in_the_wild
/Volumes/KIOXIA/voxdata/in_the_wild/real/26803.wav,0,in_the_wild
/Volumes/KIOXIA/voxdata/in_the_wild/fake/5399.wav,1,in_the_wild
/Volumes/KIOXIA/voxdata/in_the_wild/fake/23794.wav,1,in_the_wild
/Volumes/KIOXIA/voxdata/in_the_wild/fake/21224.wav,1,in_the_wild
/Volumes/KIOXIA/voxdata/in_the_wild/fake/22012.wav,1,in_the_wild
/Volumes/KIOXIA/voxdata/in_the_wild/real/31595.wav,0,in_the_wild
/Volumes/KIOXIA/voxdata/in_the_wild/real/20752.wav,0,in_the_wild
/Volumes/KIOXIA/voxdata/in_the_wild/fake/5190.wav,1,in_the_wild
/Volumes/KIOXIA/voxdata/in_the_wild/fake/23162.wav,1,in_the_wild
/Volumes/KIOXIA/voxdata/in_the_wild/fake/1534.wav,1,in_the_wild
/Volumes/KIOXIA/voxdata/in_the_wild/real/19297.wav,0,in_the_wild
/Volumes/KIOXIA/voxdata/in_the_wild/real/13234.wav,0,in_the_wild
/Volumes/KIOXIA/voxdata/in_the_wild/real/12642.wav,0,in_the_wild
/Volumes/KIOXIA/voxdata/in_the_wild/real/28087.wav,0,in_the_wild
/Volumes/KIOXIA/voxdata/in_the_wild/real/5334.wav,0,in_the_wild
/Volumes/KIOXIA/voxdata/in_the_wild/real/11720.wav,0,in_the_wild
/Volumes/KIOXIA/voxdata/in_the_wild/real/14534.wav,0,in_the_wild
/Volumes/KIOXIA/voxdata/in_the_wild/fake/19197.wav,1,in_the_wild
/Volumes/KIOXIA/voxdata/in_the_wild/real/12980.wav,0,in_the_wild
/Volumes/KIOXIA/voxdata/in_the_wild/fake/3230.wav,1,in_the_wild
/Volumes/KIOXIA/voxdata/in_the_wild/real/7250.wav,0,in_the_wild
/Volumes/KIOXIA/voxdata/in_the_wild/real/12994.wav,0,in_the_wild
/Volumes/KIOXIA/voxdata/in_the_wild/fake/13089.wav,1,in_the_wild
/Volumes/KIOXIA/voxdata/in_the_wild/real/25326.wav,0,in_the_wild
/Volumes/KIOXIA/voxdata/in_the_wild/real/10468.wav,0,in_the_wild
/Volumes/KIOXIA/voxdata/in_the_wild/real/10244.wav,0,in_the_wild
/Volumes/KIOXIA/voxdata/in_the_wild/real/28247.wav,0,in_the_wild
/Volumes/KIOXIA/voxdata/in_the_wild/fake/5439.wav,1,in_the_wild
/Volumes/KIOXIA/voxdata/in_the_wild/real/27009.wav,0,in_the_wild
/Volumes/KIOXIA/voxdata/in_the_wild/fake/11472.wav,1,in_the_wild
/Volumes/KIOXIA/voxdata/in_the_wild/fake/25240.wav,1,in_the_wild
/Volumes/KIOXIA/voxdata/in_the_wild/fake/4254.wav,1,in_the_wild
/Volumes/KIOXIA/voxdata/in_the_wild/fake/25513.wav,1,in_the_wild
/Volumes/KIOXIA/voxdata/in_the_wild/real/28669.wav,0,in_the_wild
/Volumes/KIOXIA/voxdata/in_the_wild/real/18863.wav,0,in_the_wild
/Volumes/KIOXIA/voxdata/in_the_wild/real/16388.wav,0,in_the_wild
/Volumes/KIOXIA/voxdata/in_the_wild/real/23713.wav,0,in_the_wild
/Volumes/KIOXIA/voxdata/in_the_wild/fake/10328.wav,1,in_the_wild
/Volumes/KIOXIA/voxdata/in_the_wild/fake/21220.wav,1,in_the_wild
/Volumes/KIOXIA/voxdata/in_the_wild/fake/14993.wav,1,in_the_wild
/Volumes/KIOXIA/voxdata/in_the_wild/real/9447.wav,0,in_the_wild
/Volumes/KIOXIA/voxdata/in_the_wild/fake/10318.wav,1,in_the_wild
/Volumes/KIOXIA/voxdata/in_the_wild/real/26909.wav,0,in_the_wild
/Volumes/KIOXIA/voxdata/in_the_wild/real/12539.wav,0,in_the_wild
/Volumes/KIOXIA/voxdata/in_the_wild/fake/2295.wav,1,in_the_wild
/Volumes/KIOXIA/voxdata/in_the_wild/real/11474.wav,0,in_the_wild
/Volumes/KIOXIA/voxdata/in_the_wild/fake/24481.wav,1,in_the_wild
/Volumes/KIOXIA/voxdata/in_the_wild/fake/8383.wav,1,in_the_wild
/Volumes/KIOXIA/voxdata/in_the_wild/fake/24988.wav,1,in_the_wild
/Volumes/KIOXIA/voxdata/in_the_wild/real/17566.wav,0,in_the_wild
/Volumes/KIOXIA/voxdata/in_the_wild/fake/3365.wav,1,in_the_wild
/Volumes/KIOXIA/voxdata/in_the_wild/real/29974.wav,0,in_the_wild
/Volumes/KIOXIA/voxdata/in_the_wild/fake/18239.wav,1,in_the_wild
/Volumes/KIOXIA/voxdata/in_the_wild/fake/5770.wav,1,in_the_wild
/Volumes/KIOXIA/voxdata/in_the_wild/fake/9898.wav,1,in_the_wild
/Volumes/KIOXIA/voxdata/in_the_wild/real/11016.wav,0,in_the_wild
/Volumes/KIOXIA/voxdata/in_the_wild/fake/26964.wav,1,in_the_wild
/Volumes/KIOXIA/voxdata/in_the_wild/real/30539.wav,0,in_the_wild
/Volumes/KIOXIA/voxdata/in_the_wild/fake/8384.wav,1,in_the_wild
/Volumes/KIOXIA/voxdata/in_the_wild/fake/11631.wav,1,in_the_wild
/Volumes/KIOXIA/voxdata/in_the_wild/real/15659.wav,0,in_the_wild
/Volumes/KIOXIA/voxdata/in_the_wild/fake/23523.wav,1,in_the_wild
/Volumes/KIOXIA/voxdata/in_the_wild/fake/24898.wav,1,in_the_wild
/Volumes/KIOXIA/voxdata/in_the_wild/fake/17669.wav,1,in_the_wild
/Volumes/KIOXIA/voxdata/in_the_wild/real/27414.wav,0,in_the_wild
/Volumes/KIOXIA/voxdata/in_the_wild/real/23516.wav,0,in_the_wild
/Volumes/KIOXIA/voxdata/in_the_wild/fake/18974.wav,1,in_the_wild
/Volumes/KIOXIA/voxdata/in_the_wild/fake/30977.wav,1,in_the_wild
/Volumes/KIOXIA/voxdata/in_the_wild/real/22042.wav,0,in_the_wild
/Volumes/KIOXIA/voxdata/in_the_wild/fake/11578.wav,1,in_the_wild
/Volumes/KIOXIA/voxdata/in_the_wild/real/9388.wav,0,in_the_wild
/Volumes/KIOXIA/voxdata/in_the_wild/fake/27483.wav,1,in_the_wild
/Volumes/KIOXIA/voxdata/in_the_wild/fake/22485.wav,1,in_the_wild
/Volumes/KIOXIA/voxdata/in_the_wild/real/13362.wav,0,in_the_wild
/Volumes/KIOXIA/voxdata/in_the_wild/real/29469.wav,0,in_the_wild
/Volumes/KIOXIA/voxdata/in_the_wild/real/9203.wav,0,in_the_wild
/Volumes/KIOXIA/voxdata/in_the_wild/real/27635.wav,0,in_the_wild
/Volumes/KIOXIA/voxdata/in_the_wild/fake/3506.wav,1,in_the_wild
/Volumes/KIOXIA/voxdata/in_the_wild/real/13571.wav,0,in_the_wild
/Volumes/KIOXIA/voxdata/in_the_wild/fake/12386.wav,1,in_the_wild
/Volumes/KIOXIA/voxdata/in_the_wild/fake/8069.wav,1,in_the_wild
/Volumes/KIOXIA/voxdata/in_the_wild/real/24124.wav,0,in_the_wild
/Volumes/KIOXIA/voxdata/in_the_wild/fake/10940.wav,1,in_the_wild
/Volumes/KIOXIA/voxdata/in_the_wild/real/948.wav,0,in_the_wild
/Volumes/KIOXIA/voxdata/in_the_wild/fake/2055.wav,1,in_the_wild
/Volumes/KIOXIA/voxdata/in_the_wild/fake/9838.wav,1,in_the_wild
/Volumes/KIOXIA/voxdata/in_the_wild/real/25444.wav,0,in_the_wild
/Volumes/KIOXIA/voxdata/in_the_wild/fake/12346.wav,1,in_the_wild
/Volumes/KIOXIA/voxdata/in_the_wild/fake/13200.wav,1,in_the_wild
/Volumes/KIOXIA/voxdata/in_the_wild/fake/11164.wav,1,in_the_wild
/Volumes/KIOXIA/voxdata/in_the_wild/fake/15495.wav,1,in_the_wild
/Volumes/KIOXIA/voxdata/in_the_wild/real/23856.wav,0,in_the_wild
/Volumes/KIOXIA/voxdata/in_the_wild/fake/4115.wav,1,in_the_wild
/Volumes/KIOXIA/voxdata/in_the_wild/real/24565.wav,0,in_the_wild
/Volumes/KIOXIA/voxdata/in_the_wild/fake/9679.wav,1,in_the_wild
/Volumes/KIOXIA/voxdata/in_the_wild/real/7294.wav,0,in_the_wild
/Volumes/KIOXIA/voxdata/in_the_wild/fake/20325.wav,1,in_the_wild
/Volumes/KIOXIA/voxdata/in_the_wild/real/3994.wav,0,in_the_wild
/Volumes/KIOXIA/voxdata/in_the_wild/real/31278.wav,0,in_the_wild
/Volumes/KIOXIA/voxdata/in_the_wild/fake/26029.wav,1,in_the_wild
/Volumes/KIOXIA/voxdata/in_the_wild/fake/29785.wav,1,in_the_wild
/Volumes/KIOXIA/voxdata/in_the_wild/real/6315.wav,0,in_the_wild
/Volumes/KIOXIA/voxdata/in_the_wild/real/10726.wav,0,in_the_wild
/Volumes/KIOXIA/voxdata/in_the_wild/real/5037.wav,0,in_the_wild
/Volumes/KIOXIA/voxdata/in_the_wild/real/31591.wav,0,in_the_wild
/Volumes/KIOXIA/voxdata/in_the_wild/fake/10200.wav,1,in_the_wild
/Volumes/KIOXIA/voxdata/in_the_wild/fake/14958.wav,1,in_the_wild
/Volumes/KIOXIA/voxdata/in_the_wild/real/10657.wav,0,in_the_wild
/Volumes/KIOXIA/voxdata/in_the_wild/fake/30621.wav,1,in_the_wild
/Volumes/KIOXIA/voxdata/in_the_wild/real/18887.wav,0,in_the_wild
/Volumes/KIOXIA/voxdata/in_the_wild/fake/25743.wav,1,in_the_wild
/Volumes/KIOXIA/voxdata/in_the_wild/real/23855.wav,0,in_the_wild
/Volumes/KIOXIA/voxdata/in_the_wild/fake/23254.wav,1,in_the_wild
/Volumes/KIOXIA/voxdata/in_the_wild/fake/15255.wav,1,in_the_wild
/Volumes/KIOXIA/voxdata/in_the_wild/fake/10809.wav,1,in_the_wild
/Volumes/KIOXIA/voxdata/in_the_wild/real/16653.wav,0,in_the_wild
/Volumes/KIOXIA/voxdata/in_the_wild/fake/9077.wav,1,in_the_wild
/Volumes/KIOXIA/voxdata/in_the_wild/real/9114.wav,0,in_the_wild
/Volumes/KIOXIA/voxdata/in_the_wild/fake/31465.wav,1,in_the_wild
/Volumes/KIOXIA/voxdata/in_the_wild/real/19083.wav,0,in_the_wild
/Volumes/KIOXIA/voxdata/in_the_wild/fake/25729.wav,1,in_the_wild
/Volumes/KIOXIA/voxdata/in_the_wild/fake/28427.wav,1,in_the_wild
/Volumes/KIOXIA/voxdata/in_the_wild/real/20532.wav,0,in_the_wild
/Volumes/KIOXIA/voxdata/in_the_wild/real/15345.wav,0,in_the_wild
/Volumes/KIOXIA/voxdata/in_the_wild/real/5934.wav,0,in_the_wild
/Volumes/KIOXIA/voxdata/in_the_wild/fake/30336.wav,1,in_the_wild
/Volumes/KIOXIA/voxdata/in_the_wild/real/18780.wav,0,in_the_wild
/Volumes/KIOXIA/voxdata/in_the_wild/fake/15912.wav,1,in_the_wild
/Volumes/KIOXIA/voxdata/in_the_wild/real/27206.wav,0,in_the_wild
/Volumes/KIOXIA/voxdata/in_the_wild/real/23688.wav,0,in_the_wild
/Volumes/KIOXIA/voxdata/in_the_wild/real/7067.wav,0,in_the_wild
/Volumes/KIOXIA/voxdata/in_the_wild/real/24158.wav,0,in_the_wild
/Volumes/KIOXIA/voxdata/in_the_wild/fake/30612.wav,1,in_the_wild
/Volumes/KIOXIA/voxdata/in_the_wild/real/27175.wav,0,in_the_wild
/Volumes/KIOXIA/voxdata/in_the_wild/real/760.wav,0,in_the_wild
/Volumes/KIOXIA/voxdata/in_the_wild/fake/20575.wav,1,in_the_wild
/Volumes/KIOXIA/voxdata/in_the_wild/real/30076.wav,0,in_the_wild
/Volumes/KIOXIA/voxdata/in_the_wild/real/24483.wav,0,in_the_wild
/Volumes/KIOXIA/voxdata/in_the_wild/real/18649.wav,0,in_the_wild
/Volumes/KIOXIA/voxdata/in_the_wild/fake/25420.wav,1,in_the_wild
/Volumes/KIOXIA/voxdata/in_the_wild/real/11899.wav,0,in_the_wild
/Volumes/KIOXIA/voxdata/in_the_wild/fake/20732.wav,1,in_the_wild
/Volumes/KIOXIA/voxdata/in_the_wild/real/7977.wav,0,in_the_wild
/Volumes/KIOXIA/voxdata/in_the_wild/real/25109.wav,0,in_the_wild
/Volumes/KIOXIA/voxdata/in_the_wild/fake/19694.wav,1,in_the_wild
/Volumes/KIOXIA/voxdata/in_the_wild/fake/27663.wav,1,in_the_wild
/Volumes/KIOXIA/voxdata/in_the_wild/real/8109.wav,0,in_the_wild
/Volumes/KIOXIA/voxdata/in_the_wild/fake/26650.wav,1,in_the_wild
/Volumes/KIOXIA/voxdata/in_the_wild/real/15932.wav,0,in_the_wild
/Volumes/KIOXIA/voxdata/in_the_wild/fake/7093.wav,1,in_the_wild
/Volumes/KIOXIA/voxdata/in_the_wild/real/10229.wav,0,in_the_wild
/Volumes/KIOXIA/voxdata/in_the_wild/fake/663.wav,1,in_the_wild
/Volumes/KIOXIA/voxdata/in_the_wild/real/1280.wav,0,in_the_wild
/Volumes/KIOXIA/voxdata/in_the_wild/fake/6304.wav,1,in_the_wild
/Volumes/KIOXIA/voxdata/in_the_wild/fake/31657.wav,1,in_the_wild
/Volumes/KIOXIA/voxdata/in_the_wild/real/826.wav,0,in_the_wild
/Volumes/KIOXIA/voxdata/in_the_wild/fake/13397.wav,1,in_the_wild
/Volumes/KIOXIA/voxdata/in_the_wild/real/31200.wav,0,in_the_wild
/Volumes/KIOXIA/voxdata/in_the_wild/real/9739.wav,0,in_the_wild
/Volumes/KIOXIA/voxdata/in_the_wild/fake/17321.wav,1,in_the_wild
/Volumes/KIOXIA/voxdata/in_the_wild/fake/28977.wav,1,in_the_wild
/Volumes/KIOXIA/voxdata/in_the_wild/fake/2060.wav,1,in_the_wild
/Volumes/KIOXIA/voxdata/in_the_wild/fake/3484.wav,1,in_the_wild
/Volumes/KIOXIA/voxdata/in_the_wild/real/22962.wav,0,in_the_wild
/Volumes/KIOXIA/voxdata/in_the_wild/real/24624.wav,0,in_the_wild
/Volumes/KIOXIA/voxdata/in_the_wild/real/11611.wav,0,in_the_wild
/Volumes/KIOXIA/voxdata/in_the_wild/fake/18423.wav,1,in_the_wild
/Volumes/KIOXIA/voxdata/in_the_wild/real/930.wav,0,in_the_wild
/Volumes/KIOXIA/voxdata/in_the_wild/fake/4029.wav,1,in_the_wild
/Volumes/KIOXIA/voxdata/in_the_wild/real/25073.wav,0,in_the_wild
/Volumes/KIOXIA/voxdata/in_the_wild/fake/14980.wav,1,in_the_wild
/Volumes/KIOXIA/voxdata/in_the_wild/fake/15660.wav,1,in_the_wild
/Volumes/KIOXIA/voxdata/in_the_wild/real/17453.wav,0,in_the_wild
/Volumes/KIOXIA/voxdata/in_the_wild/real/3564.wav,0,in_the_wild
/Volumes/KIOXIA/voxdata/in_the_wild/real/487.wav,0,in_the_wild
/Volumes/KIOXIA/voxdata/in_the_wild/fake/29650.wav,1,in_the_wild
/Volumes/KIOXIA/voxdata/in_the_wild/real/2319.wav,0,in_the_wild
/Volumes/KIOXIA/voxdata/in_the_wild/real/30422.wav,0,in_the_wild
/Volumes/KIOXIA/voxdata/in_the_wild/fake/5512.wav,1,in_the_wild
/Volumes/KIOXIA/voxdata/in_the_wild/real/16760.wav,0,in_the_wild
/Volumes/KIOXIA/voxdata/in_the_wild/fake/18630.wav,1,in_the_wild
/Volumes/KIOXIA/voxdata/in_the_wild/fake/29092.wav,1,in_the_wild
/Volumes/KIOXIA/voxdata/in_the_wild/real/13251.wav,0,in_the_wild
/Volumes/KIOXIA/voxdata/in_the_wild/fake/20120.wav,1,in_the_wild
/Volumes/KIOXIA/voxdata/in_the_wild/fake/28806.wav,1,in_the_wild
/Volumes/KIOXIA/voxdata/in_the_wild/real/2879.wav,0,in_the_wild
/Volumes/KIOXIA/voxdata/in_the_wild/real/4817.wav,0,in_the_wild
/Volumes/KIOXIA/voxdata/in_the_wild/fake/7035.wav,1,in_the_wild
/Volumes/KIOXIA/voxdata/in_the_wild/real/4407.wav,0,in_the_wild
/Volumes/KIOXIA/voxdata/in_the_wild/real/29967.wav,0,in_the_wild
/Volumes/KIOXIA/voxdata/in_the_wild/real/4827.wav,0,in_the_wild
/Volumes/KIOXIA/voxdata/in_the_wild/real/15990.wav,0,in_the_wild
/Volumes/KIOXIA/voxdata/in_the_wild/fake/13180.wav,1,in_the_wild
/Volumes/KIOXIA/voxdata/in_the_wild/real/14631.wav,0,in_the_wild
/Volumes/KIOXIA/voxdata/in_the_wild/real/16089.wav,0,in_the_wild
/Volumes/KIOXIA/voxdata/in_the_wild/fake/8336.wav,1,in_the_wild
/Volumes/KIOXIA/voxdata/in_the_wild/real/27187.wav,0,in_the_wild
/Volumes/KIOXIA/voxdata/in_the_wild/real/28101.wav,0,in_the_wild
/Volumes/KIOXIA/voxdata/in_the_wild/fake/4550.wav,1,in_the_wild
/Volumes/KIOXIA/voxdata/in_the_wild/real/291.wav,0,in_the_wild
/Volumes/KIOXIA/voxdata/in_the_wild/real/12424.wav,0,in_the_wild
/Volumes/KIOXIA/voxdata/in_the_wild/real/12523.wav,0,in_the_wild
/Volumes/KIOXIA/voxdata/in_the_wild/real/22327.wav,0,in_the_wild
/Volumes/KIOXIA/voxdata/in_the_wild/fake/11516.wav,1,in_the_wild
/Volumes/KIOXIA/voxdata/in_the_wild/fake/25082.wav,1,in_the_wild
/Volumes/KIOXIA/voxdata/in_the_wild/real/28823.wav,0,in_the_wild
/Volumes/KIOXIA/voxdata/in_the_wild/fake/28118.wav,1,in_the_wild
/Volumes/KIOXIA/voxdata/in_the_wild/fake/1613.wav,1,in_the_wild
/Volumes/KIOXIA/voxdata/in_the_wild/fake/15449.wav,1,in_the_wild
/Volumes/KIOXIA/voxdata/in_the_wild/real/16362.wav,0,in_the_wild
/Volumes/KIOXIA/voxdata/in_the_wild/fake/26911.wav,1,in_the_wild
/Volumes/KIOXIA/voxdata/in_the_wild/real/13476.wav,0,in_the_wild
/Volumes/KIOXIA/voxdata/in_the_wild/fake/10643.wav,1,in_the_wild
/Volumes/KIOXIA/voxdata/in_the_wild/real/17450.wav,0,in_the_wild
/Volumes/KIOXIA/voxdata/in_the_wild/fake/26219.wav,1,in_the_wild
/Volumes/KIOXIA/voxdata/in_the_wild/fake/6729.wav,1,in_the_wild
/Volumes/KIOXIA/voxdata/in_the_wild/fake/5539.wav,1,in_the_wild
/Volumes/KIOXIA/voxdata/in_the_wild/fake/11585.wav,1,in_the_wild
/Volumes/KIOXIA/voxdata/in_the_wild/real/26708.wav,0,in_the_wild
/Volumes/KIOXIA/voxdata/in_the_wild/fake/27871.wav,1,in_the_wild
/Volumes/KIOXIA/voxdata/in_the_wild/real/8587.wav,0,in_the_wild
/Volumes/KIOXIA/voxdata/in_the_wild/fake/22319.wav,1,in_the_wild
/Volumes/KIOXIA/voxdata/in_the_wild/fake/27741.wav,1,in_the_wild
/Volumes/KIOXIA/voxdata/in_the_wild/fake/29873.wav,1,in_the_wild
/Volumes/KIOXIA/voxdata/in_the_wild/fake/17950.wav,1,in_the_wild
/Volumes/KIOXIA/voxdata/in_the_wild/real/8372.wav,0,in_the_wild
/Volumes/KIOXIA/voxdata/in_the_wild/fake/14770.wav,1,in_the_wild
/Volumes/KIOXIA/voxdata/in_the_wild/real/1305.wav,0,in_the_wild
/Volumes/KIOXIA/voxdata/in_the_wild/fake/14172.wav,1,in_the_wild
/Volumes/KIOXIA/voxdata/in_the_wild/real/8206.wav,0,in_the_wild
/Volumes/KIOXIA/voxdata/in_the_wild/fake/16683.wav,1,in_the_wild
/Volumes/KIOXIA/voxdata/in_the_wild/fake/29027.wav,1,in_the_wild
/Volumes/KIOXIA/voxdata/in_the_wild/real/15575.wav,0,in_the_wild
/Volumes/KIOXIA/voxdata/in_the_wild/real/12753.wav,0,in_the_wild
/Volumes/KIOXIA/voxdata/in_the_wild/real/12653.wav,0,in_the_wild
/Volumes/KIOXIA/voxdata/in_the_wild/real/12489.wav,0,in_the_wild
/Volumes/KIOXIA/voxdata/in_the_wild/fake/15711.wav,1,in_the_wild
/Volumes/KIOXIA/voxdata/in_the_wild/fake/6461.wav,1,in_the_wild
/Volumes/KIOXIA/voxdata/in_the_wild/real/7448.wav,0,in_the_wild
/Volumes/KIOXIA/voxdata/in_the_wild/fake/13094.wav,1,in_the_wild
/Volumes/KIOXIA/voxdata/in_the_wild/fake/7597.wav,1,in_the_wild
/Volumes/KIOXIA/voxdata/in_the_wild/real/22442.wav,0,in_the_wild
/Volumes/KIOXIA/voxdata/in_the_wild/fake/4897.wav,1,in_the_wild
/Volumes/KIOXIA/voxdata/in_the_wild/real/27813.wav,0,in_the_wild
/Volumes/KIOXIA/voxdata/in_the_wild/fake/5551.wav,1,in_the_wild
/Volumes/KIOXIA/voxdata/in_the_wild/fake/6532.wav,1,in_the_wild
/Volumes/KIOXIA/voxdata/in_the_wild/real/23257.wav,0,in_the_wild
/Volumes/KIOXIA/voxdata/in_the_wild/fake/10884.wav,1,in_the_wild
/Volumes/KIOXIA/voxdata/in_the_wild/real/6278.wav,0,in_the_wild
/Volumes/KIOXIA/voxdata/in_the_wild/real/23714.wav,0,in_the_wild
/Volumes/KIOXIA/voxdata/in_the_wild/fake/9762.wav,1,in_the_wild
/Volumes/KIOXIA/voxdata/in_the_wild/real/20476.wav,0,in_the_wild
/Volumes/KIOXIA/voxdata/in_the_wild/real/16255.wav,0,in_the_wild
/Volumes/KIOXIA/voxdata/in_the_wild/fake/357.wav,1,in_the_wild
/Volumes/KIOXIA/voxdata/in_the_wild/real/23013.wav,0,in_the_wild
/Volumes/KIOXIA/voxdata/in_the_wild/fake/28361.wav,1,in_the_wild
/Volumes/KIOXIA/voxdata/in_the_wild/real/10323.wav,0,in_the_wild
/Volumes/KIOXIA/voxdata/in_the_wild/real/10936.wav,0,in_the_wild
/Volumes/KIOXIA/voxdata/in_the_wild/real/1506.wav,0,in_the_wild
/Volumes/KIOXIA/voxdata/in_the_wild/fake/25311.wav,1,in_the_wild
/Volumes/KIOXIA/voxdata/in_the_wild/real/14296.wav,0,in_the_wild
/Volumes/KIOXIA/voxdata/in_the_wild/fake/540.wav,1,in_the_wild
/Volumes/KIOXIA/voxdata/in_the_wild/real/28664.wav,0,in_the_wild
/Volumes/KIOXIA/voxdata/in_the_wild/fake/13849.wav,1,in_the_wild
/Volumes/KIOXIA/voxdata/in_the_wild/real/3958.wav,0,in_the_wild
/Volumes/KIOXIA/voxdata/in_the_wild/real/27732.wav,0,in_the_wild
/Volumes/KIOXIA/voxdata/in_the_wild/fake/29408.wav,1,in_the_wild
/Volumes/KIOXIA/voxdata/in_the_wild/real/25376.wav,0,in_the_wild
/Volumes/KIOXIA/voxdata/in_the_wild/fake/8092.wav,1,in_the_wild
/Volumes/KIOXIA/voxdata/in_the_wild/real/2857.wav,0,in_the_wild
/Volumes/KIOXIA/voxdata/in_the_wild/real/16668.wav,0,in_the_wild
/Volumes/KIOXIA/voxdata/in_the_wild/fake/20645.wav,1,in_the_wild
/Volumes/KIOXIA/voxdata/in_the_wild/fake/27452.wav,1,in_the_wild
/Volumes/KIOXIA/voxdata/in_the_wild/real/11583.wav,0,in_the_wild
/Volumes/KIOXIA/voxdata/in_the_wild/fake/15381.wav,1,in_the_wild
/Volumes/KIOXIA/voxdata/in_the_wild/fake/16599.wav,1,in_the_wild
/Volumes/KIOXIA/voxdata/in_the_wild/real/20506.wav,0,in_the_wild
/Volumes/KIOXIA/voxdata/in_the_wild/fake/22893.wav,1,in_the_wild
/Volumes/KIOXIA/voxdata/in_the_wild/real/241.wav,0,in_the_wild
/Volumes/KIOXIA/voxdata/in_the_wild/real/13962.wav,0,in_the_wild
/Volumes/KIOXIA/voxdata/in_the_wild/real/17053.wav,0,in_the_wild
/Volumes/KIOXIA/voxdata/in_the_wild/real/14391.wav,0,in_the_wild
/Volumes/KIOXIA/voxdata/in_the_wild/fake/3116.wav,1,in_the_wild
/Volumes/KIOXIA/voxdata/in_the_wild/fake/31171.wav,1,in_the_wild
/Volumes/KIOXIA/voxdata/in_the_wild/fake/30323.wav,1,in_the_wild
/Volumes/KIOXIA/voxdata/in_the_wild/real/20783.wav,0,in_the_wild
/Volumes/KIOXIA/voxdata/in_the_wild/fake/25400.wav,1,in_the_wild
/Volumes/KIOXIA/voxdata/in_the_wild/real/14221.wav,0,in_the_wild
/Volumes/KIOXIA/voxdata/in_the_wild/fake/31576.wav,1,in_the_wild
/Volumes/KIOXIA/voxdata/in_the_wild/fake/12086.wav,1,in_the_wild
/Volumes/KIOXIA/voxdata/in_the_wild/fake/21073.wav,1,in_the_wild
/Volumes/KIOXIA/voxdata/in_the_wild/fake/31417.wav,1,in_the_wild
/Volumes/KIOXIA/voxdata/in_the_wild/real/7492.wav,0,in_the_wild
/Volumes/KIOXIA/voxdata/in_the_wild/real/17164.wav,0,in_the_wild
/Volumes/KIOXIA/voxdata/in_the_wild/real/12588.wav,0,in_the_wild
/Volumes/KIOXIA/voxdata/in_the_wild/fake/1499.wav,1,in_the_wild
/Volumes/KIOXIA/voxdata/in_the_wild/real/19231.wav,0,in_the_wild
/Volumes/KIOXIA/voxdata/in_the_wild/fake/27042.wav,1,in_the_wild
/Volumes/KIOXIA/voxdata/in_the_wild/fake/25156.wav,1,in_the_wild
/Volumes/KIOXIA/voxdata/in_the_wild/fake/24264.wav,1,in_the_wild
/Volumes/KIOXIA/voxdata/in_the_wild/real/21229.wav,0,in_the_wild
/Volumes/KIOXIA/voxdata/in_the_wild/real/15731.wav,0,in_the_wild
/Volumes/KIOXIA/voxdata/in_the_wild/real/19357.wav,0,in_the_wild
/Volumes/KIOXIA/voxdata/in_the_wild/fake/21715.wav,1,in_the_wild
/Volumes/KIOXIA/voxdata/in_the_wild/fake/21938.wav,1,in_the_wild
/Volumes/KIOXIA/voxdata/in_the_wild/real/2782.wav,0,in_the_wild
/Volumes/KIOXIA/voxdata/in_the_wild/real/19064.wav,0,in_the_wild
/Volumes/KIOXIA/voxdata/in_the_wild/fake/8658.wav,1,in_the_wild
/Volumes/KIOXIA/voxdata/in_the_wild/fake/26945.wav,1,in_the_wild
/Volumes/KIOXIA/voxdata/in_the_wild/fake/12983.wav,1,in_the_wild
/Volumes/KIOXIA/voxdata/in_the_wild/real/30430.wav,0,in_the_wild
/Volumes/KIOXIA/voxdata/in_the_wild/fake/28885.wav,1,in_the_wild
/Volumes/KIOXIA/voxdata/in_the_wild/real/1394.wav,0,in_the_wild
/Volumes/KIOXIA/voxdata/in_the_wild/fake/19750.wav,1,in_the_wild
/Volumes/KIOXIA/voxdata/in_the_wild/real/5530.wav,0,in_the_wild
/Volumes/KIOXIA/voxdata/in_the_wild/fake/8295.wav,1,in_the_wild
/Volumes/KIOXIA/voxdata/in_the_wild/real/6829.wav,0,in_the_wild
/Volumes/KIOXIA/voxdata/in_the_wild/real/20591.wav,0,in_the_wild
/Volumes/KIOXIA/voxdata/in_the_wild/real/16158.wav,0,in_the_wild
/Volumes/KIOXIA/voxdata/in_the_wild/fake/24037.wav,1,in_the_wild
/Volumes/KIOXIA/voxdata/in_the_wild/real/10123.wav,0,in_the_wild
/Volumes/KIOXIA/voxdata/in_the_wild/real/29685.wav,0,in_the_wild
/Volumes/KIOXIA/voxdata/in_the_wild/fake/16511.wav,1,in_the_wild
/Volumes/KIOXIA/voxdata/in_the_wild/real/15348.wav,0,in_the_wild
/Volumes/KIOXIA/voxdata/in_the_wild/fake/28888.wav,1,in_the_wild
/Volumes/KIOXIA/voxdata/in_the_wild/real/25026.wav,0,in_the_wild
/Volumes/KIOXIA/voxdata/in_the_wild/fake/4599.wav,1,in_the_wild
/Volumes/KIOXIA/voxdata/in_the_wild/real/10649.wav,0,in_the_wild
/Volumes/KIOXIA/voxdata/in_the_wild/real/13911.wav,0,in_the_wild
/Volumes/KIOXIA/voxdata/in_the_wild/fake/21809.wav,1,in_the_wild
/Volumes/KIOXIA/voxdata/in_the_wild/real/7427.wav,0,in_the_wild
/Volumes/KIOXIA/voxdata/in_the_wild/real/4580.wav,0,in_the_wild
/Volumes/KIOXIA/voxdata/in_the_wild/fake/19542.wav,1,in_the_wild
/Volumes/KIOXIA/voxdata/in_the_wild/fake/3869.wav,1,in_the_wild
/Volumes/KIOXIA/voxdata/in_the_wild/fake/16019.wav,1,in_the_wild
/Volumes/KIOXIA/voxdata/in_the_wild/fake/2166.wav,1,in_the_wild
/Volumes/KIOXIA/voxdata/in_the_wild/fake/1249.wav,1,in_the_wild
/Volumes/KIOXIA/voxdata/in_the_wild/real/22344.wav,0,in_the_wild
/Volumes/KIOXIA/voxdata/in_the_wild/real/13977.wav,0,in_the_wild
/Volumes/KIOXIA/voxdata/in_the_wild/fake/19966.wav,1,in_the_wild
/Volumes/KIOXIA/voxdata/in_the_wild/real/25940.wav,0,in_the_wild
/Volumes/KIOXIA/voxdata/in_the_wild/real/17229.wav,0,in_the_wild
/Volumes/KIOXIA/voxdata/in_the_wild/fake/23287.wav,1,in_the_wild
/Volumes/KIOXIA/voxdata/in_the_wild/fake/10320.wav,1,in_the_wild
/Volumes/KIOXIA/voxdata/in_the_wild/fake/24640.wav,1,in_the_wild
/Volumes/KIOXIA/voxdata/in_the_wild/fake/19915.wav,1,in_the_wild
/Volumes/KIOXIA/voxdata/in_the_wild/fake/24484.wav,1,in_the_wild
/Volumes/KIOXIA/voxdata/in_the_wild/fake/8699.wav,1,in_the_wild
/Volumes/KIOXIA/voxdata/in_the_wild/real/5246.wav,0,in_the_wild
/Volumes/KIOXIA/voxdata/in_the_wild/real/12243.wav,0,in_the_wild
/Volumes/KIOXIA/voxdata/in_the_wild/real/9042.wav,0,in_the_wild
/Volumes/KIOXIA/voxdata/in_the_wild/real/21781.wav,0,in_the_wild
/Volumes/KIOXIA/voxdata/in_the_wild/real/17701.wav,0,in_the_wild
/Volumes/KIOXIA/voxdata/in_the_wild/fake/933.wav,1,in_the_wild
/Volumes/KIOXIA/voxdata/in_the_wild/real/2516.wav,0,in_the_wild
/Volumes/KIOXIA/voxdata/in_the_wild/real/7594.wav,0,in_the_wild
/Volumes/KIOXIA/voxdata/in_the_wild/fake/19448.wav,1,in_the_wild
/Volumes/KIOXIA/voxdata/in_the_wild/real/12501.wav,0,in_the_wild
/Volumes/KIOXIA/voxdata/in_the_wild/real/3340.wav,0,in_the_wild
/Volumes/KIOXIA/voxdata/in_the_wild/real/16251.wav,0,in_the_wild
/Volumes/KIOXIA/voxdata/in_the_wild/real/21247.wav,0,in_the_wild
/Volumes/KIOXIA/voxdata/in_the_wild/fake/15895.wav,1,in_the_wild
/Volumes/KIOXIA/voxdata/in_the_wild/fake/13085.wav,1,in_the_wild
/Volumes/KIOXIA/voxdata/in_the_wild/real/13924.wav,0,in_the_wild
/Volumes/KIOXIA/voxdata/in_the_wild/real/18432.wav,0,in_the_wild
/Volumes/KIOXIA/voxdata/in_the_wild/fake/19806.wav,1,in_the_wild
/Volumes/KIOXIA/voxdata/in_the_wild/fake/20355.wav,1,in_the_wild
/Volumes/KIOXIA/voxdata/in_the_wild/real/11612.wav,0,in_the_wild
/Volumes/KIOXIA/voxdata/in_the_wild/real/11432.wav,0,in_the_wild
/Volumes/KIOXIA/voxdata/in_the_wild/real/1523.wav,0,in_the_wild
/Volumes/KIOXIA/voxdata/in_the_wild/fake/13252.wav,1,in_the_wild
/Volumes/KIOXIA/voxdata/in_the_wild/fake/6108.wav,1,in_the_wild
/Volumes/KIOXIA/voxdata/in_the_wild/real/18728.wav,0,in_the_wild
/Volumes/KIOXIA/voxdata/in_the_wild/real/14404.wav,0,in_the_wild
/Volumes/KIOXIA/voxdata/in_the_wild/real/23190.wav,0,in_the_wild
/Volumes/KIOXIA/voxdata/in_the_wild/fake/5933.wav,1,in_the_wild
/Volumes/KIOXIA/voxdata/in_the_wild/real/6012.wav,0,in_the_wild
/Volumes/KIOXIA/voxdata/in_the_wild/fake/30669.wav,1,in_the_wild
/Volumes/KIOXIA/voxdata/in_the_wild/fake/1012.wav,1,in_the_wild
/Volumes/KIOXIA/voxdata/in_the_wild/fake/28515.wav,1,in_the_wild
/Volumes/KIOXIA/voxdata/in_the_wild/real/11491.wav,0,in_the_wild
/Volumes/KIOXIA/voxdata/in_the_wild/fake/10989.wav,1,in_the_wild
/Volumes/KIOXIA/voxdata/in_the_wild/fake/2461.wav,1,in_the_wild
/Volumes/KIOXIA/voxdata/in_the_wild/fake/22444.wav,1,in_the_wild
/Volumes/KIOXIA/voxdata/in_the_wild/fake/28638.wav,1,in_the_wild
/Volumes/KIOXIA/voxdata/in_the_wild/real/20424.wav,0,in_the_wild
/Volumes/KIOXIA/voxdata/in_the_wild/fake/20012.wav,1,in_the_wild
/Volumes/KIOXIA/voxdata/in_the_wild/fake/18299.wav,1,in_the_wild
/Volumes/KIOXIA/voxdata/in_the_wild/fake/5377.wav,1,in_the_wild
/Volumes/KIOXIA/voxdata/in_the_wild/real/17908.wav,0,in_the_wild
/Volumes/KIOXIA/voxdata/in_the_wild/real/15460.wav,0,in_the_wild
/Volumes/KIOXIA/voxdata/in_the_wild/fake/5878.wav,1,in_the_wild
/Volumes/KIOXIA/voxdata/in_the_wild/fake/11984.wav,1,in_the_wild
/Volumes/KIOXIA/voxdata/in_the_wild/fake/5581.wav,1,in_the_wild
/Volumes/KIOXIA/voxdata/in_the_wild/real/22108.wav,0,in_the_wild
/Volumes/KIOXIA/voxdata/in_the_wild/fake/26384.wav,1,in_the_wild
/Volumes/KIOXIA/voxdata/in_the_wild/fake/7790.wav,1,in_the_wild
/Volumes/KIOXIA/voxdata/in_the_wild/fake/10125.wav,1,in_the_wild
/Volumes/KIOXIA/voxdata/in_the_wild/real/1112.wav,0,in_the_wild
/Volumes/KIOXIA/voxdata/in_the_wild/fake/24720.wav,1,in_the_wild
/Volumes/KIOXIA/voxdata/in_the_wild/fake/7583.wav,1,in_the_wild
/Volumes/KIOXIA/voxdata/in_the_wild/fake/22275.wav,1,in_the_wild
/Volumes/KIOXIA/voxdata/in_the_wild/fake/19315.wav,1,in_the_wild
/Volumes/KIOXIA/voxdata/in_the_wild/fake/17587.wav,1,in_the_wild
/Volumes/KIOXIA/voxdata/in_the_wild/real/28467.wav,0,in_the_wild
/Volumes/KIOXIA/voxdata/in_the_wild/real/9854.wav,0,in_the_wild
/Volumes/KIOXIA/voxdata/in_the_wild/fake/2320.wav,1,in_the_wild
/Volumes/KIOXIA/voxdata/in_the_wild/fake/12627.wav,1,in_the_wild
/Volumes/KIOXIA/voxdata/in_the_wild/real/26078.wav,0,in_the_wild
/Volumes/KIOXIA/voxdata/in_the_wild/fake/14472.wav,1,in_the_wild
/Volumes/KIOXIA/voxdata/in_the_wild/real/15925.wav,0,in_the_wild
/Volumes/KIOXIA/voxdata/in_the_wild/fake/9171.wav,1,in_the_wild
/Volumes/KIOXIA/voxdata/in_the_wild/real/24396.wav,0,in_the_wild
/Volumes/KIOXIA/voxdata/in_the_wild/real/1467.wav,0,in_the_wild
/Volumes/KIOXIA/voxdata/in_the_wild/fake/31503.wav,1,in_the_wild
/Volumes/KIOXIA/voxdata/in_the_wild/real/15103.wav,0,in_the_wild
/Volumes/KIOXIA/voxdata/in_the_wild/fake/28617.wav,1,in_the_wild
/Volumes/KIOXIA/voxdata/in_the_wild/real/25843.wav,0,in_the_wild
/Volumes/KIOXIA/voxdata/in_the_wild/real/3076.wav,0,in_the_wild
/Volumes/KIOXIA/voxdata/in_the_wild/real/7897.wav,0,in_the_wild
/Volumes/KIOXIA/voxdata/in_the_wild/fake/14257.wav,1,in_the_wild
/Volumes/KIOXIA/voxdata/in_the_wild/fake/27496.wav,1,in_the_wild
/Volumes/KIOXIA/voxdata/in_the_wild/real/19259.wav,0,in_the_wild
/Volumes/KIOXIA/voxdata/in_the_wild/real/19586.wav,0,in_the_wild
/Volumes/KIOXIA/voxdata/in_the_wild/real/9064.wav,0,in_the_wild
/Volumes/KIOXIA/voxdata/in_the_wild/real/14105.wav,0,in_the_wild
/Volumes/KIOXIA/voxdata/in_the_wild/fake/6642.wav,1,in_the_wild
/Volumes/KIOXIA/voxdata/in_the_wild/fake/7544.wav,1,in_the_wild
/Volumes/KIOXIA/voxdata/in_the_wild/fake/12960.wav,1,in_the_wild
/Volumes/KIOXIA/voxdata/in_the_wild/fake/12320.wav,1,in_the_wild
/Volumes/KIOXIA/voxdata/in_the_wild/real/15710.wav,0,in_the_wild
/Volumes/KIOXIA/voxdata/in_the_wild/real/28310.wav,0,in_the_wild
/Volumes/KIOXIA/voxdata/in_the_wild/fake/18611.wav,1,in_the_wild
/Volumes/KIOXIA/voxdata/in_the_wild/fake/19275.wav,1,in_the_wild
/Volumes/KIOXIA/voxdata/in_the_wild/real/3301.wav,0,in_the_wild
/Volumes/KIOXIA/voxdata/in_the_wild/real/1709.wav,0,in_the_wild
/Volumes/KIOXIA/voxdata/in_the_wild/real/18586.wav,0,in_the_wild
/Volumes/KIOXIA/voxdata/in_the_wild/fake/17743.wav,1,in_the_wild
/Volumes/KIOXIA/voxdata/in_the_wild/fake/19478.wav,1,in_the_wild
/Volumes/KIOXIA/voxdata/in_the_wild/fake/25788.wav,1,in_the_wild
/Volumes/KIOXIA/voxdata/in_the_wild/real/14144.wav,0,in_the_wild
/Volumes/KIOXIA/voxdata/in_the_wild/real/25215.wav,0,in_the_wild
/Volumes/KIOXIA/voxdata/in_the_wild/real/18545.wav,0,in_the_wild
/Volumes/KIOXIA/voxdata/in_the_wild/real/23883.wav,0,in_the_wild
/Volumes/KIOXIA/voxdata/in_the_wild/fake/19610.wav,1,in_the_wild
/Volumes/KIOXIA/voxdata/in_the_wild/real/10480.wav,0,in_the_wild
/Volumes/KIOXIA/voxdata/in_the_wild/fake/28830.wav,1,in_the_wild
/Volumes/KIOXIA/voxdata/in_the_wild/real/3044.wav,0,in_the_wild
/Volumes/KIOXIA/voxdata/in_the_wild/fake/27697.wav,1,in_the_wild
/Volumes/KIOXIA/voxdata/in_the_wild/real/17677.wav,0,in_the_wild
/Volumes/KIOXIA/voxdata/in_the_wild/real/3408.wav,0,in_the_wild
/Volumes/KIOXIA/voxdata/in_the_wild/fake/4440.wav,1,in_the_wild
/Volumes/KIOXIA/voxdata/in_the_wild/real/19010.wav,0,in_the_wild
/Volumes/KIOXIA/voxdata/in_the_wild/real/23595.wav,0,in_the_wild
/Volumes/KIOXIA/voxdata/in_the_wild/real/1329.wav,0,in_the_wild
/Volumes/KIOXIA/voxdata/in_the_wild/fake/11299.wav,1,in_the_wild
/Volumes/KIOXIA/voxdata/in_the_wild/real/1860.wav,0,in_the_wild
/Volumes/KIOXIA/voxdata/in_the_wild/real/23944.wav,0,in_the_wild
/Volumes/KIOXIA/voxdata/in_the_wild/real/31637.wav,0,in_the_wild
/Volumes/KIOXIA/voxdata/in_the_wild/real/12601.wav,0,in_the_wild
/Volumes/KIOXIA/voxdata/in_the_wild/fake/20642.wav,1,in_the_wild
/Volumes/KIOXIA/voxdata/in_the_wild/real/17182.wav,0,in_the_wild
/Volumes/KIOXIA/voxdata/in_the_wild/real/23424.wav,0,in_the_wild
/Volumes/KIOXIA/voxdata/in_the_wild/fake/20297.wav,1,in_the_wild
/Volumes/KIOXIA/voxdata/in_the_wild/real/7924.wav,0,in_the_wild
/Volumes/KIOXIA/voxdata/in_the_wild/real/1334.wav,0,in_the_wild
/Volumes/KIOXIA/voxdata/in_the_wild/real/11223.wav,0,in_the_wild
/Volumes/KIOXIA/voxdata/in_the_wild/fake/25177.wav,1,in_the_wild
/Volumes/KIOXIA/voxdata/in_the_wild/real/7509.wav,0,in_the_wild
/Volumes/KIOXIA/voxdata/in_the_wild/real/5985.wav,0,in_the_wild
/Volumes/KIOXIA/voxdata/in_the_wild/real/22557.wav,0,in_the_wild
/Volumes/KIOXIA/voxdata/in_the_wild/real/2986.wav,0,in_the_wild
/Volumes/KIOXIA/voxdata/in_the_wild/fake/19041.wav,1,in_the_wild
/Volumes/KIOXIA/voxdata/in_the_wild/fake/16629.wav,1,in_the_wild
/Volumes/KIOXIA/voxdata/in_the_wild/fake/21959.wav,1,in_the_wild
/Volumes/KIOXIA/voxdata/in_the_wild/real/19725.wav,0,in_the_wild
/Volumes/KIOXIA/voxdata/in_the_wild/fake/29754.wav,1,in_the_wild
/Volumes/KIOXIA/voxdata/in_the_wild/fake/15671.wav,1,in_the_wild
/Volumes/KIOXIA/voxdata/in_the_wild/fake/2836.wav,1,in_the_wild
/Volumes/KIOXIA/voxdata/in_the_wild/real/4062.wav,0,in_the_wild
/Volumes/KIOXIA/voxdata/in_the_wild/real/22745.wav,0,in_the_wild
/Volumes/KIOXIA/voxdata/in_the_wild/fake/2156.wav,1,in_the_wild
/Volumes/KIOXIA/voxdata/in_the_wild/fake/6003.wav,1,in_the_wild
/Volumes/KIOXIA/voxdata/in_the_wild/real/14897.wav,0,in_the_wild
/Volumes/KIOXIA/voxdata/in_the_wild/real/20393.wav,0,in_the_wild
/Volumes/KIOXIA/voxdata/in_the_wild/fake/15548.wav,1,in_the_wild
/Volumes/KIOXIA/voxdata/in_the_wild/fake/15411.wav,1,in_the_wild
/Volumes/KIOXIA/voxdata/in_the_wild/real/15067.wav,0,in_the_wild
/Volumes/KIOXIA/voxdata/in_the_wild/real/9265.wav,0,in_the_wild
/Volumes/KIOXIA/voxdata/in_the_wild/real/15360.wav,0,in_the_wild
/Volumes/KIOXIA/voxdata/in_the_wild/fake/14815.wav,1,in_the_wild
/Volumes/KIOXIA/voxdata/in_the_wild/real/26019.wav,0,in_the_wild
/Volumes/KIOXIA/voxdata/in_the_wild/real/21064.wav,0,in_the_wild
/Volumes/KIOXIA/voxdata/in_the_wild/fake/20396.wav,1,in_the_wild
/Volumes/KIOXIA/voxdata/in_the_wild/real/13974.wav,0,in_the_wild
/Volumes/KIOXIA/voxdata/in_the_wild/real/24933.wav,0,in_the_wild
/Volumes/KIOXIA/voxdata/in_the_wild/fake/14441.wav,1,in_the_wild
/Volumes/KIOXIA/voxdata/in_the_wild/real/12930.wav,0,in_the_wild
/Volumes/KIOXIA/voxdata/in_the_wild/fake/8648.wav,1,in_the_wild
/Volumes/KIOXIA/voxdata/in_the_wild/real/3012.wav,0,in_the_wild
/Volumes/KIOXIA/voxdata/in_the_wild/real/12136.wav,0,in_the_wild
/Volumes/KIOXIA/voxdata/in_the_wild/real/30342.wav,0,in_the_wild
/Volumes/KIOXIA/voxdata/in_the_wild/fake/25368.wav,1,in_the_wild
/Volumes/KIOXIA/voxdata/in_the_wild/real/24403.wav,0,in_the_wild
/Volumes/KIOXIA/voxdata/in_the_wild/fake/18434.wav,1,in_the_wild
/Volumes/KIOXIA/voxdata/in_the_wild/real/23163.wav,0,in_the_wild
/Volumes/KIOXIA/voxdata/in_the_wild/fake/7377.wav,1,in_the_wild
/Volumes/KIOXIA/voxdata/in_the_wild/real/2840.wav,0,in_the_wild
/Volumes/KIOXIA/voxdata/in_the_wild/real/7913.wav,0,in_the_wild
/Volumes/KIOXIA/voxdata/in_the_wild/real/2553.wav,0,in_the_wild
/Volumes/KIOXIA/voxdata/in_the_wild/fake/8874.wav,1,in_the_wild
/Volumes/KIOXIA/voxdata/in_the_wild/fake/18252.wav,1,in_the_wild
/Volumes/KIOXIA/voxdata/in_the_wild/fake/18642.wav,1,in_the_wild
/Volumes/KIOXIA/voxdata/in_the_wild/fake/10993.wav,1,in_the_wild
/Volumes/KIOXIA/voxdata/in_the_wild/fake/28463.wav,1,in_the_wild
/Volumes/KIOXIA/voxdata/in_the_wild/fake/15922.wav,1,in_the_wild
/Volumes/KIOXIA/voxdata/in_the_wild/real/27365.wav,0,in_the_wild
/Volumes/KIOXIA/voxdata/in_the_wild/fake/27654.wav,1,in_the_wild
/Volumes/KIOXIA/voxdata/in_the_wild/fake/10654.wav,1,in_the_wild
/Volumes/KIOXIA/voxdata/in_the_wild/fake/5330.wav,1,in_the_wild
/Volumes/KIOXIA/voxdata/in_the_wild/fake/21832.wav,1,in_the_wild
/Volumes/KIOXIA/voxdata/in_the_wild/fake/22964.wav,1,in_the_wild
/Volumes/KIOXIA/voxdata/in_the_wild/fake/5579.wav,1,in_the_wild
/Volumes/KIOXIA/voxdata/in_the_wild/real/23822.wav,0,in_the_wild
/Volumes/KIOXIA/voxdata/in_the_wild/real/24204.wav,0,in_the_wild
/Volumes/KIOXIA/voxdata/in_the_wild/real/27511.wav,0,in_the_wild
/Volumes/KIOXIA/voxdata/in_the_wild/fake/14549.wav,1,in_the_wild
/Volumes/KIOXIA/voxdata/in_the_wild/real/4576.wav,0,in_the_wild
/Volumes/KIOXIA/voxdata/in_the_wild/real/12624.wav,0,in_the_wild
/Volumes/KIOXIA/voxdata/in_the_wild/fake/7498.wav,1,in_the_wild
/Volumes/KIOXIA/voxdata/in_the_wild/fake/14342.wav,1,in_the_wild
/Volumes/KIOXIA/voxdata/in_the_wild/real/14914.wav,0,in_the_wild
/Volumes/KIOXIA/voxdata/in_the_wild/fake/29801.wav,1,in_the_wild
/Volumes/KIOXIA/voxdata/in_the_wild/real/14580.wav,0,in_the_wild
/Volumes/KIOXIA/voxdata/in_the_wild/fake/21621.wav,1,in_the_wild
/Volumes/KIOXIA/voxdata/in_the_wild/real/24205.wav,0,in_the_wild
/Volumes/KIOXIA/voxdata/in_the_wild/fake/20392.wav,1,in_the_wild
/Volumes/KIOXIA/voxdata/in_the_wild/fake/15079.wav,1,in_the_wild
/Volumes/KIOXIA/voxdata/in_the_wild/real/22667.wav,0,in_the_wild
/Volumes/KIOXIA/voxdata/in_the_wild/real/27828.wav,0,in_the_wild
/Volumes/KIOXIA/voxdata/in_the_wild/real/17490.wav,0,in_the_wild
/Volumes/KIOXIA/voxdata/in_the_wild/real/27571.wav,0,in_the_wild
/Volumes/KIOXIA/voxdata/in_the_wild/real/8565.wav,0,in_the_wild
/Volumes/KIOXIA/voxdata/in_the_wild/fake/3927.wav,1,in_the_wild
/Volumes/KIOXIA/voxdata/in_the_wild/real/27487.wav,0,in_the_wild
/Volumes/KIOXIA/voxdata/in_the_wild/real/26289.wav,0,in_the_wild
/Volumes/KIOXIA/voxdata/in_the_wild/fake/30450.wav,1,in_the_wild
/Volumes/KIOXIA/voxdata/in_the_wild/fake/10675.wav,1,in_the_wild
/Volumes/KIOXIA/voxdata/in_the_wild/real/16643.wav,0,in_the_wild
/Volumes/KIOXIA/voxdata/in_the_wild/real/19442.wav,0,in_the_wild
/Volumes/KIOXIA/voxdata/in_the_wild/fake/25164.wav,1,in_the_wild
/Volumes/KIOXIA/voxdata/in_the_wild/fake/16207.wav,1,in_the_wild
/Volumes/KIOXIA/voxdata/in_the_wild/real/27324.wav,0,in_the_wild
/Volumes/KIOXIA/voxdata/in_the_wild/real/17022.wav,0,in_the_wild
/Volumes/KIOXIA/voxdata/in_the_wild/real/24395.wav,0,in_the_wild
/Volumes/KIOXIA/voxdata/in_the_wild/fake/9907.wav,1,in_the_wild
/Volumes/KIOXIA/voxdata/in_the_wild/real/30528.wav,0,in_the_wild
/Volumes/KIOXIA/voxdata/in_the_wild/fake/26245.wav,1,in_the_wild
/Volumes/KIOXIA/voxdata/in_the_wild/fake/159.wav,1,in_the_wild
/Volumes/KIOXIA/voxdata/in_the_wild/real/10199.wav,0,in_the_wild
/Volumes/KIOXIA/voxdata/in_the_wild/real/19786.wav,0,in_the_wild
/Volumes/KIOXIA/voxdata/in_the_wild/fake/6313.wav,1,in_the_wild
/Volumes/KIOXIA/voxdata/in_the_wild/real/6362.wav,0,in_the_wild
/Volumes/KIOXIA/voxdata/in_the_wild/real/27992.wav,0,in_the_wild
/Volumes/KIOXIA/voxdata/in_the_wild/fake/23444.wav,1,in_the_wild
/Volumes/KIOXIA/voxdata/in_the_wild/real/22886.wav,0,in_the_wild
/Volumes/KIOXIA/voxdata/in_the_wild/fake/6982.wav,1,in_the_wild
/Volumes/KIOXIA/voxdata/in_the_wild/fake/12500.wav,1,in_the_wild
/Volumes/KIOXIA/voxdata/in_the_wild/fake/29898.wav,1,in_the_wild
/Volumes/KIOXIA/voxdata/in_the_wild/fake/28868.wav,1,in_the_wild
/Volumes/KIOXIA/voxdata/in_the_wild/real/6119.wav,0,in_the_wild
/Volumes/KIOXIA/voxdata/in_the_wild/real/17067.wav,0,in_the_wild
/Volumes/KIOXIA/voxdata/in_the_wild/fake/14254.wav,1,in_the_wild
/Volumes/KIOXIA/voxdata/in_the_wild/fake/9058.wav,1,in_the_wild
/Volumes/KIOXIA/voxdata/in_the_wild/fake/16216.wav,1,in_the_wild
/Volumes/KIOXIA/voxdata/in_the_wild/real/27967.wav,0,in_the_wild
/Volumes/KIOXIA/voxdata/in_the_wild/real/15315.wav,0,in_the_wild
/Volumes/KIOXIA/voxdata/in_the_wild/fake/18054.wav,1,in_the_wild
/Volumes/KIOXIA/voxdata/in_the_wild/real/2520.wav,0,in_the_wild
/Volumes/KIOXIA/voxdata/in_the_wild/real/29413.wav,0,in_the_wild
/Volumes/KIOXIA/voxdata/in_the_wild/fake/31659.wav,1,in_the_wild
/Volumes/KIOXIA/voxdata/in_the_wild/real/16137.wav,0,in_the_wild
/Volumes/KIOXIA/voxdata/in_the_wild/fake/14913.wav,1,in_the_wild
/Volumes/KIOXIA/voxdata/in_the_wild/real/12434.wav,0,in_the_wild
/Volumes/KIOXIA/voxdata/in_the_wild/fake/19978.wav,1,in_the_wild
/Volumes/KIOXIA/voxdata/in_the_wild/real/7869.wav,0,in_the_wild
/Volumes/KIOXIA/voxdata/in_the_wild/real/11210.wav,0,in_the_wild
/Volumes/KIOXIA/voxdata/in_the_wild/fake/14149.wav,1,in_the_wild
/Volumes/KIOXIA/voxdata/in_the_wild/real/2705.wav,0,in_the_wild
/Volumes/KIOXIA/voxdata/in_the_wild/fake/22874.wav,1,in_the_wild
/Volumes/KIOXIA/voxdata/in_the_wild/fake/16943.wav,1,in_the_wild
/Volumes/KIOXIA/voxdata/in_the_wild/fake/13510.wav,1,in_the_wild
/Volumes/KIOXIA/voxdata/in_the_wild/real/11443.wav,0,in_the_wild
/Volumes/KIOXIA/voxdata/in_the_wild/fake/19271.wav,1,in_the_wild
/Volumes/KIOXIA/voxdata/in_the_wild/fake/17576.wav,1,in_the_wild
/Volumes/KIOXIA/voxdata/in_the_wild/fake/23281.wav,1,in_the_wild
/Volumes/KIOXIA/voxdata/in_the_wild/fake/743.wav,1,in_the_wild
/Volumes/KIOXIA/voxdata/in_the_wild/fake/20812.wav,1,in_the_wild
/Volumes/KIOXIA/voxdata/in_the_wild/fake/12482.wav,1,in_the_wild
/Volumes/KIOXIA/voxdata/in_the_wild/real/24569.wav,0,in_the_wild
/Volumes/KIOXIA/voxdata/in_the_wild/fake/20237.wav,1,in_the_wild
/Volumes/KIOXIA/voxdata/in_the_wild/fake/15085.wav,1,in_the_wild
/Volumes/KIOXIA/voxdata/in_the_wild/fake/25905.wav,1,in_the_wild
/Volumes/KIOXIA/voxdata/in_the_wild/fake/14742.wav,1,in_the_wild
/Volumes/KIOXIA/voxdata/in_the_wild/real/12992.wav,0,in_the_wild
/Volumes/KIOXIA/voxdata/in_the_wild/fake/16193.wav,1,in_the_wild
/Volumes/KIOXIA/voxdata/in_the_wild/real/31098.wav,0,in_the_wild
/Volumes/KIOXIA/voxdata/in_the_wild/real/10222.wav,0,in_the_wild
/Volumes/KIOXIA/voxdata/in_the_wild/fake/6809.wav,1,in_the_wild
/Volumes/KIOXIA/voxdata/in_the_wild/fake/18977.wav,1,in_the_wild
/Volumes/KIOXIA/voxdata/in_the_wild/fake/20312.wav,1,in_the_wild
/Volumes/KIOXIA/voxdata/in_the_wild/fake/26876.wav,1,in_the_wild
/Volumes/KIOXIA/voxdata/in_the_wild/fake/14572.wav,1,in_the_wild
/Volumes/KIOXIA/voxdata/in_the_wild/real/13515.wav,0,in_the_wild
/Volumes/KIOXIA/voxdata/in_the_wild/fake/5122.wav,1,in_the_wild
/Volumes/KIOXIA/voxdata/in_the_wild/real/1641.wav,0,in_the_wild
/Volumes/KIOXIA/voxdata/in_the_wild/real/3187.wav,0,in_the_wild
/Volumes/KIOXIA/voxdata/in_the_wild/fake/756.wav,1,in_the_wild
/Volumes/KIOXIA/voxdata/in_the_wild/fake/26565.wav,1,in_the_wild
/Volumes/KIOXIA/voxdata/in_the_wild/fake/7626.wav,1,in_the_wild
/Volumes/KIOXIA/voxdata/in_the_wild/real/14068.wav,0,in_the_wild
/Volumes/KIOXIA/voxdata/in_the_wild/fake/16191.wav,1,in_the_wild
/Volumes/KIOXIA/voxdata/in_the_wild/fake/15920.wav,1,in_the_wild
/Volumes/KIOXIA/voxdata/in_the_wild/real/23994.wav,0,in_the_wild
/Volumes/KIOXIA/voxdata/in_the_wild/real/28278.wav,0,in_the_wild
/Volumes/KIOXIA/voxdata/in_the_wild/real/8698.wav,0,in_the_wild
/Volumes/KIOXIA/voxdata/in_the_wild/fake/16034.wav,1,in_the_wild
/Volumes/KIOXIA/voxdata/in_the_wild/fake/17903.wav,1,in_the_wild
/Volumes/KIOXIA/voxdata/in_the_wild/fake/7820.wav,1,in_the_wild
/Volumes/KIOXIA/voxdata/in_the_wild/fake/25308.wav,1,in_the_wild
/Volumes/KIOXIA/voxdata/in_the_wild/fake/19341.wav,1,in_the_wild
/Volumes/KIOXIA/voxdata/in_the_wild/real/7472.wav,0,in_the_wild
/Volumes/KIOXIA/voxdata/in_the_wild/fake/19682.wav,1,in_the_wild
/Volumes/KIOXIA/voxdata/in_the_wild/real/15409.wav,0,in_the_wild
/Volumes/KIOXIA/voxdata/in_the_wild/fake/17221.wav,1,in_the_wild
/Volumes/KIOXIA/voxdata/in_the_wild/fake/13570.wav,1,in_the_wild
/Volumes/KIOXIA/voxdata/in_the_wild/fake/16819.wav,1,in_the_wild
/Volumes/KIOXIA/voxdata/in_the_wild/fake/23057.wav,1,in_the_wild
/Volumes/KIOXIA/voxdata/in_the_wild/fake/12896.wav,1,in_the_wild
/Volumes/KIOXIA/voxdata/in_the_wild/fake/15648.wav,1,in_the_wild
/Volumes/KIOXIA/voxdata/in_the_wild/fake/13425.wav,1,in_the_wild
/Volumes/KIOXIA/voxdata/in_the_wild/fake/2571.wav,1,in_the_wild
/Volumes/KIOXIA/voxdata/in_the_wild/real/7837.wav,0,in_the_wild
/Volumes/KIOXIA/voxdata/in_the_wild/real/959.wav,0,in_the_wild
/Volumes/KIOXIA/voxdata/in_the_wild/fake/21565.wav,1,in_the_wild
/Volumes/KIOXIA/voxdata/in_the_wild/fake/26055.wav,1,in_the_wild
/Volumes/KIOXIA/voxdata/in_the_wild/fake/15689.wav,1,in_the_wild
/Volumes/KIOXIA/voxdata/in_the_wild/real/24977.wav,0,in_the_wild
/Volumes/KIOXIA/voxdata/in_the_wild/fake/13673.wav,1,in_the_wild
/Volumes/KIOXIA/voxdata/in_the_wild/real/15139.wav,0,in_the_wild
/Volumes/KIOXIA/voxdata/in_the_wild/fake/21365.wav,1,in_the_wild
/Volumes/KIOXIA/voxdata/in_the_wild/real/26282.wav,0,in_the_wild
/Volumes/KIOXIA/voxdata/in_the_wild/fake/8799.wav,1,in_the_wild
/Volumes/KIOXIA/voxdata/in_the_wild/real/6307.wav,0,in_the_wild
/Volumes/KIOXIA/voxdata/in_the_wild/fake/21994.wav,1,in_the_wild
/Volumes/KIOXIA/voxdata/in_the_wild/fake/26407.wav,1,in_the_wild
/Volumes/KIOXIA/voxdata/in_the_wild/fake/4184.wav,1,in_the_wild
/Volumes/KIOXIA/voxdata/in_the_wild/real/17654.wav,0,in_the_wild
/Volumes/KIOXIA/voxdata/in_the_wild/real/16739.wav,0,in_the_wild
/Volumes/KIOXIA/voxdata/in_the_wild/fake/7189.wav,1,in_the_wild
/Volumes/KIOXIA/voxdata/in_the_wild/real/19377.wav,0,in_the_wild
/Volumes/KIOXIA/voxdata/in_the_wild/fake/24662.wav,1,in_the_wild
/Volumes/KIOXIA/voxdata/in_the_wild/real/1916.wav,0,in_the_wild
/Volumes/KIOXIA/voxdata/in_the_wild/real/31258.wav,0,in_the_wild
/Volumes/KIOXIA/voxdata/in_the_wild/fake/495.wav,1,in_the_wild
/Volumes/KIOXIA/voxdata/in_the_wild/real/11929.wav,0,in_the_wild
/Volumes/KIOXIA/voxdata/in_the_wild/real/20672.wav,0,in_the_wild
/Volumes/KIOXIA/voxdata/in_the_wild/real/8983.wav,0,in_the_wild
/Volumes/KIOXIA/voxdata/in_the_wild/fake/11304.wav,1,in_the_wild
/Volumes/KIOXIA/voxdata/in_the_wild/real/7724.wav,0,in_the_wild
/Volumes/KIOXIA/voxdata/in_the_wild/fake/11496.wav,1,in_the_wild
/Volumes/KIOXIA/voxdata/in_the_wild/real/24668.wav,0,in_the_wild
/Volumes/KIOXIA/voxdata/in_the_wild/fake/5046.wav,1,in_the_wild
/Volumes/KIOXIA/voxdata/in_the_wild/real/4714.wav,0,in_the_wild
/Volumes/KIOXIA/voxdata/in_the_wild/fake/20254.wav,1,in_the_wild
/Volumes/KIOXIA/voxdata/in_the_wild/fake/13967.wav,1,in_the_wild
/Volumes/KIOXIA/voxdata/in_the_wild/real/31500.wav,0,in_the_wild
/Volumes/KIOXIA/voxdata/in_the_wild/fake/23894.wav,1,in_the_wild
/Volumes/KIOXIA/voxdata/in_the_wild/real/10767.wav,0,in_the_wild
/Volumes/KIOXIA/voxdata/in_the_wild/fake/26934.wav,1,in_the_wild
/Volumes/KIOXIA/voxdata/in_the_wild/fake/9285.wav,1,in_the_wild
/Volumes/KIOXIA/voxdata/in_the_wild/fake/1524.wav,1,in_the_wild
/Volumes/KIOXIA/voxdata/in_the_wild/real/27172.wav,0,in_the_wild
/Volumes/KIOXIA/voxdata/in_the_wild/fake/11588.wav,1,in_the_wild
/Volumes/KIOXIA/voxdata/in_the_wild/real/18729.wav,0,in_the_wild
/Volumes/KIOXIA/voxdata/in_the_wild/fake/1128.wav,1,in_the_wild
/Volumes/KIOXIA/voxdata/in_the_wild/fake/4368.wav,1,in_the_wild
/Volumes/KIOXIA/voxdata/in_the_wild/real/28135.wav,0,in_the_wild
/Volumes/KIOXIA/voxdata/in_the_wild/real/29356.wav,0,in_the_wild
/Volumes/KIOXIA/voxdata/in_the_wild/fake/26820.wav,1,in_the_wild
/Volumes/KIOXIA/voxdata/in_the_wild/real/23359.wav,0,in_the_wild
/Volumes/KIOXIA/voxdata/in_the_wild/fake/24020.wav,1,in_the_wild
/Volumes/KIOXIA/voxdata/in_the_wild/real/22387.wav,0,in_the_wild
/Volumes/KIOXIA/voxdata/in_the_wild/fake/21299.wav,1,in_the_wild
/Volumes/KIOXIA/voxdata/in_the_wild/real/6393.wav,0,in_the_wild
/Volumes/KIOXIA/voxdata/in_the_wild/fake/14479.wav,1,in_the_wild
/Volumes/KIOXIA/voxdata/in_the_wild/fake/21582.wav,1,in_the_wild
/Volumes/KIOXIA/voxdata/in_the_wild/real/26171.wav,0,in_the_wild
/Volumes/KIOXIA/voxdata/in_the_wild/real/12769.wav,0,in_the_wild
/Volumes/KIOXIA/voxdata/in_the_wild/fake/15268.wav,1,in_the_wild
/Volumes/KIOXIA/voxdata/in_the_wild/real/7651.wav,0,in_the_wild
/Volumes/KIOXIA/voxdata/in_the_wild/fake/9975.wav,1,in_the_wild
/Volumes/KIOXIA/voxdata/in_the_wild/real/29546.wav,0,in_the_wild
/Volumes/KIOXIA/voxdata/in_the_wild/fake/19364.wav,1,in_the_wild
/Volumes/KIOXIA/voxdata/in_the_wild/real/31237.wav,0,in_the_wild
/Volumes/KIOXIA/voxdata/in_the_wild/real/14876.wav,0,in_the_wild
/Volumes/KIOXIA/voxdata/in_the_wild/fake/16180.wav,1,in_the_wild
/Volumes/KIOXIA/voxdata/in_the_wild/fake/25747.wav,1,in_the_wild
/Volumes/KIOXIA/voxdata/in_the_wild/real/17884.wav,0,in_the_wild
/Volumes/KIOXIA/voxdata/in_the_wild/fake/27608.wav,1,in_the_wild
/Volumes/KIOXIA/voxdata/in_the_wild/fake/24760.wav,1,in_the_wild
/Volumes/KIOXIA/voxdata/in_the_wild/fake/13030.wav,1,in_the_wild
/Volumes/KIOXIA/voxdata/in_the_wild/fake/14362.wav,1,in_the_wild
/Volumes/KIOXIA/voxdata/in_the_wild/real/9033.wav,0,in_the_wild
/Volumes/KIOXIA/voxdata/in_the_wild/fake/14329.wav,1,in_the_wild
/Volumes/KIOXIA/voxdata/in_the_wild/fake/13283.wav,1,in_the_wild
/Volumes/KIOXIA/voxdata/in_the_wild/fake/18596.wav,1,in_the_wild
/Volumes/KIOXIA/voxdata/in_the_wild/real/8214.wav,0,in_the_wild
/Volumes/KIOXIA/voxdata/in_the_wild/real/28749.wav,0,in_the_wild
/Volumes/KIOXIA/voxdata/in_the_wild/real/27523.wav,0,in_the_wild
/Volumes/KIOXIA/voxdata/in_the_wild/fake/7767.wav,1,in_the_wild
/Volumes/KIOXIA/voxdata/in_the_wild/fake/7423.wav,1,in_the_wild
/Volumes/KIOXIA/voxdata/in_the_wild/fake/26051.wav,1,in_the_wild
/Volumes/KIOXIA/voxdata/in_the_wild/fake/7254.wav,1,in_the_wild
/Volumes/KIOXIA/voxdata/in_the_wild/real/26749.wav,0,in_the_wild
/Volumes/KIOXIA/voxdata/in_the_wild/real/21675.wav,0,in_the_wild
/Volumes/KIOXIA/voxdata/in_the_wild/fake/4324.wav,1,in_the_wild
/Volumes/KIOXIA/voxdata/in_the_wild/real/1167.wav,0,in_the_wild
/Volumes/KIOXIA/voxdata/in_the_wild/real/14935.wav,0,in_the_wild
/Volumes/KIOXIA/voxdata/in_the_wild/real/30017.wav,0,in_the_wild
/Volumes/KIOXIA/voxdata/in_the_wild/fake/16140.wav,1,in_the_wild
/Volumes/KIOXIA/voxdata/in_the_wild/fake/16214.wav,1,in_the_wild
/Volumes/KIOXIA/voxdata/in_the_wild/real/18057.wav,0,in_the_wild
/Volumes/KIOXIA/voxdata/in_the_wild/fake/29680.wav,1,in_the_wild
/Volumes/KIOXIA/voxdata/in_the_wild/fake/23201.wav,1,in_the_wild
/Volumes/KIOXIA/voxdata/in_the_wild/real/25735.wav,0,in_the_wild
/Volumes/KIOXIA/voxdata/in_the_wild/fake/7618.wav,1,in_the_wild
/Volumes/KIOXIA/voxdata/in_the_wild/fake/20625.wav,1,in_the_wild
/Volumes/KIOXIA/voxdata/in_the_wild/real/9753.wav,0,in_the_wild
/Volumes/KIOXIA/voxdata/in_the_wild/real/1825.wav,0,in_the_wild
/Volumes/KIOXIA/voxdata/in_the_wild/fake/26686.wav,1,in_the_wild
/Volumes/KIOXIA/voxdata/in_the_wild/real/26625.wav,0,in_the_wild
/Volumes/KIOXIA/voxdata/in_the_wild/real/28863.wav,0,in_the_wild
/Volumes/KIOXIA/voxdata/in_the_wild/real/5249.wav,0,in_the_wild
/Volumes/KIOXIA/voxdata/in_the_wild/fake/1546.wav,1,in_the_wild
/Volumes/KIOXIA/voxdata/in_the_wild/fake/3992.wav,1,in_the_wild
/Volumes/KIOXIA/voxdata/in_the_wild/fake/13780.wav,1,in_the_wild
/Volumes/KIOXIA/voxdata/in_the_wild/fake/7834.wav,1,in_the_wild
/Volumes/KIOXIA/voxdata/in_the_wild/real/7503.wav,0,in_the_wild
/Volumes/KIOXIA/voxdata/in_the_wild/real/18010.wav,0,in_the_wild
/Volumes/KIOXIA/voxdata/in_the_wild/real/426.wav,0,in_the_wild
/Volumes/KIOXIA/voxdata/in_the_wild/real/19165.wav,0,in_the_wild
/Volumes/KIOXIA/voxdata/in_the_wild/real/18383.wav,0,in_the_wild
/Volumes/KIOXIA/voxdata/in_the_wild/fake/23639.wav,1,in_the_wild
/Volumes/KIOXIA/voxdata/in_the_wild/real/5155.wav,0,in_the_wild
/Volumes/KIOXIA/voxdata/in_the_wild/real/6936.wav,0,in_the_wild
/Volumes/KIOXIA/voxdata/in_the_wild/real/8239.wav,0,in_the_wild
/Volumes/KIOXIA/voxdata/in_the_wild/real/14727.wav,0,in_the_wild
/Volumes/KIOXIA/voxdata/in_the_wild/real/10554.wav,0,in_the_wild
/Volumes/KIOXIA/voxdata/in_the_wild/real/49.wav,0,in_the_wild
/Volumes/KIOXIA/voxdata/in_the_wild/real/27028.wav,0,in_the_wild
/Volumes/KIOXIA/voxdata/in_the_wild/fake/17437.wav,1,in_the_wild
/Volumes/KIOXIA/voxdata/in_the_wild/fake/26291.wav,1,in_the_wild
/Volumes/KIOXIA/voxdata/in_the_wild/real/17529.wav,0,in_the_wild
/Volumes/KIOXIA/voxdata/in_the_wild/real/8217.wav,0,in_the_wild
/Volumes/KIOXIA/voxdata/in_the_wild/real/11708.wav,0,in_the_wild
/Volumes/KIOXIA/voxdata/in_the_wild/real/23120.wav,0,in_the_wild
/Volumes/KIOXIA/voxdata/in_the_wild/real/28998.wav,0,in_the_wild
/Volumes/KIOXIA/voxdata/in_the_wild/real/18893.wav,0,in_the_wild
/Volumes/KIOXIA/voxdata/in_the_wild/fake/17402.wav,1,in_the_wild
/Volumes/KIOXIA/voxdata/in_the_wild/fake/24459.wav,1,in_the_wild
/Volumes/KIOXIA/voxdata/in_the_wild/real/23590.wav,0,in_the_wild
/Volumes/KIOXIA/voxdata/in_the_wild/real/20634.wav,0,in_the_wild
/Volumes/KIOXIA/voxdata/in_the_wild/real/26393.wav,0,in_the_wild
/Volumes/KIOXIA/voxdata/in_the_wild/real/30440.wav,0,in_the_wild
/Volumes/KIOXIA/voxdata/in_the_wild/fake/28266.wav,1,in_the_wild
/Volumes/KIOXIA/voxdata/in_the_wild/fake/18287.wav,1,in_the_wild
/Volumes/KIOXIA/voxdata/in_the_wild/real/12300.wav,0,in_the_wild
/Volumes/KIOXIA/voxdata/in_the_wild/fake/16311.wav,1,in_the_wild
/Volumes/KIOXIA/voxdata/in_the_wild/fake/5121.wav,1,in_the_wild
/Volumes/KIOXIA/voxdata/in_the_wild/real/23251.wav,0,in_the_wild
/Volumes/KIOXIA/voxdata/in_the_wild/fake/4128.wav,1,in_the_wild
/Volumes/KIOXIA/voxdata/in_the_wild/real/12101.wav,0,in_the_wild
/Volumes/KIOXIA/voxdata/in_the_wild/fake/13168.wav,1,in_the_wild
/Volumes/KIOXIA/voxdata/in_the_wild/fake/28853.wav,1,in_the_wild
/Volumes/KIOXIA/voxdata/in_the_wild/fake/27717.wav,1,in_the_wild
/Volumes/KIOXIA/voxdata/in_the_wild/real/10621.wav,0,in_the_wild
/Volumes/KIOXIA/voxdata/in_the_wild/fake/14919.wav,1,in_the_wild
/Volumes/KIOXIA/voxdata/in_the_wild/real/15473.wav,0,in_the_wild
/Volumes/KIOXIA/voxdata/in_the_wild/fake/30942.wav,1,in_the_wild
/Volumes/KIOXIA/voxdata/in_the_wild/fake/9466.wav,1,in_the_wild
/Volumes/KIOXIA/voxdata/in_the_wild/fake/427.wav,1,in_the_wild
/Volumes/KIOXIA/voxdata/in_the_wild/fake/17621.wav,1,in_the_wild
/Volumes/KIOXIA/voxdata/in_the_wild/fake/28876.wav,1,in_the_wild
/Volumes/KIOXIA/voxdata/in_the_wild/fake/19976.wav,1,in_the_wild
/Volumes/KIOXIA/voxdata/in_the_wild/fake/21475.wav,1,in_the_wild
/Volumes/KIOXIA/voxdata/in_the_wild/real/25134.wav,0,in_the_wild
/Volumes/KIOXIA/voxdata/in_the_wild/real/8256.wav,0,in_the_wild
/Volumes/KIOXIA/voxdata/in_the_wild/fake/28513.wav,1,in_the_wild
/Volumes/KIOXIA/voxdata/in_the_wild/fake/28430.wav,1,in_the_wild
/Volumes/KIOXIA/voxdata/in_the_wild/real/29499.wav,0,in_the_wild
/Volumes/KIOXIA/voxdata/in_the_wild/fake/18296.wav,1,in_the_wild
/Volumes/KIOXIA/voxdata/in_the_wild/real/24410.wav,0,in_the_wild
/Volumes/KIOXIA/voxdata/in_the_wild/real/4140.wav,0,in_the_wild
/Volumes/KIOXIA/voxdata/in_the_wild/real/27973.wav,0,in_the_wild
/Volumes/KIOXIA/voxdata/in_the_wild/real/23096.wav,0,in_the_wild
/Volumes/KIOXIA/voxdata/in_the_wild/real/662.wav,0,in_the_wild
/Volumes/KIOXIA/voxdata/in_the_wild/real/16923.wav,0,in_the_wild
/Volumes/KIOXIA/voxdata/in_the_wild/real/21594.wav,0,in_the_wild
/Volumes/KIOXIA/voxdata/in_the_wild/fake/26279.wav,1,in_the_wild
/Volumes/KIOXIA/voxdata/in_the_wild/real/22877.wav,0,in_the_wild
/Volumes/KIOXIA/voxdata/in_the_wild/fake/31420.wav,1,in_the_wild
/Volumes/KIOXIA/voxdata/in_the_wild/fake/4475.wav,1,in_the_wild
/Volumes/KIOXIA/voxdata/in_the_wild/fake/6340.wav,1,in_the_wild
/Volumes/KIOXIA/voxdata/in_the_wild/real/7587.wav,0,in_the_wild
/Volumes/KIOXIA/voxdata/in_the_wild/real/8438.wav,0,in_the_wild
/Volumes/KIOXIA/voxdata/in_the_wild/real/29495.wav,0,in_the_wild
/Volumes/KIOXIA/voxdata/in_the_wild/real/31395.wav,0,in_the_wild
/Volumes/KIOXIA/voxdata/in_the_wild/fake/16363.wav,1,in_the_wild
/Volumes/KIOXIA/voxdata/in_the_wild/real/25157.wav,0,in_the_wild
/Volumes/KIOXIA/voxdata/in_the_wild/fake/17410.wav,1,in_the_wild
/Volumes/KIOXIA/voxdata/in_the_wild/real/20719.wav,0,in_the_wild
/Volumes/KIOXIA/voxdata/in_the_wild/fake/28328.wav,1,in_the_wild
/Volumes/KIOXIA/voxdata/in_the_wild/real/5107.wav,0,in_the_wild
/Volumes/KIOXIA/voxdata/in_the_wild/real/2831.wav,0,in_the_wild
/Volumes/KIOXIA/voxdata/in_the_wild/fake/61.wav,1,in_the_wild
/Volumes/KIOXIA/voxdata/in_the_wild/real/29452.wav,0,in_the_wild
/Volumes/KIOXIA/voxdata/in_the_wild/real/12739.wav,0,in_the_wild
/Volumes/KIOXIA/voxdata/in_the_wild/real/25452.wav,0,in_the_wild
/Volumes/KIOXIA/voxdata/in_the_wild/fake/14351.wav,1,in_the_wild
/Volumes/KIOXIA/voxdata/in_the_wild/real/25287.wav,0,in_the_wild
/Volumes/KIOXIA/voxdata/in_the_wild/fake/28332.wav,1,in_the_wild
/Volumes/KIOXIA/voxdata/in_the_wild/fake/2001.wav,1,in_the_wild
/Volumes/KIOXIA/voxdata/in_the_wild/fake/20020.wav,1,in_the_wild
/Volumes/KIOXIA/voxdata/in_the_wild/real/8475.wav,0,in_the_wild
/Volumes/KIOXIA/voxdata/in_the_wild/real/894.wav,0,in_the_wild
/Volumes/KIOXIA/voxdata/in_the_wild/fake/24863.wav,1,in_the_wild
/Volumes/KIOXIA/voxdata/in_the_wild/real/11422.wav,0,in_the_wild
/Volumes/KIOXIA/voxdata/in_the_wild/fake/25551.wav,1,in_the_wild
/Volumes/KIOXIA/voxdata/in_the_wild/real/21906.wav,0,in_the_wild
/Volumes/KIOXIA/voxdata/in_the_wild/real/6710.wav,0,in_the_wild
/Volumes/KIOXIA/voxdata/in_the_wild/fake/29654.wav,1,in_the_wild
/Volumes/KIOXIA/voxdata/in_the_wild/fake/16106.wav,1,in_the_wild
/Volumes/KIOXIA/voxdata/in_the_wild/fake/8404.wav,1,in_the_wild
/Volumes/KIOXIA/voxdata/in_the_wild/real/19688.wav,0,in_the_wild
/Volumes/KIOXIA/voxdata/in_the_wild/real/6547.wav,0,in_the_wild
/Volumes/KIOXIA/voxdata/in_the_wild/real/14655.wav,0,in_the_wild
/Volumes/KIOXIA/voxdata/in_the_wild/fake/14378.wav,1,in_the_wild
/Volumes/KIOXIA/voxdata/in_the_wild/fake/30040.wav,1,in_the_wild
/Volumes/KIOXIA/voxdata/in_the_wild/fake/13674.wav,1,in_the_wild
/Volumes/KIOXIA/voxdata/in_the_wild/real/7501.wav,0,in_the_wild
/Volumes/KIOXIA/voxdata/in_the_wild/fake/25401.wav,1,in_the_wild
/Volumes/KIOXIA/voxdata/in_the_wild/fake/20129.wav,1,in_the_wild
/Volumes/KIOXIA/voxdata/in_the_wild/fake/24243.wav,1,in_the_wild
/Volumes/KIOXIA/voxdata/in_the_wild/real/12616.wav,0,in_the_wild
/Volumes/KIOXIA/voxdata/in_the_wild/real/27983.wav,0,in_the_wild
/Volumes/KIOXIA/voxdata/in_the_wild/real/16827.wav,0,in_the_wild
/Volumes/KIOXIA/voxdata/in_the_wild/fake/1485.wav,1,in_the_wild
/Volumes/KIOXIA/voxdata/in_the_wild/real/7873.wav,0,in_the_wild
/Volumes/KIOXIA/voxdata/in_the_wild/real/21548.wav,0,in_the_wild
/Volumes/KIOXIA/voxdata/in_the_wild/real/30940.wav,0,in_the_wild
/Volumes/KIOXIA/voxdata/in_the_wild/fake/25928.wav,1,in_the_wild
/Volumes/KIOXIA/voxdata/in_the_wild/real/13603.wav,0,in_the_wild
/Volumes/KIOXIA/voxdata/in_the_wild/fake/21878.wav,1,in_the_wild
/Volumes/KIOXIA/voxdata/in_the_wild/real/21129.wav,0,in_the_wild
/Volumes/KIOXIA/voxdata/in_the_wild/real/15374.wav,0,in_the_wild
/Volumes/KIOXIA/voxdata/in_the_wild/real/30084.wav,0,in_the_wild
/Volumes/KIOXIA/voxdata/in_the_wild/fake/23422.wav,1,in_the_wild
/Volumes/KIOXIA/voxdata/in_the_wild/fake/4636.wav,1,in_the_wild
/Volumes/KIOXIA/voxdata/in_the_wild/fake/29957.wav,1,in_the_wild
/Volumes/KIOXIA/voxdata/in_the_wild/fake/15078.wav,1,in_the_wild
/Volumes/KIOXIA/voxdata/in_the_wild/fake/8606.wav,1,in_the_wild
/Volumes/KIOXIA/voxdata/in_the_wild/fake/24301.wav,1,in_the_wild
/Volumes/KIOXIA/voxdata/in_the_wild/real/21017.wav,0,in_the_wild
/Volumes/KIOXIA/voxdata/in_the_wild/real/233.wav,0,in_the_wild
/Volumes/KIOXIA/voxdata/in_the_wild/real/12055.wav,0,in_the_wild
/Volumes/KIOXIA/voxdata/in_the_wild/real/19154.wav,0,in_the_wild
/Volumes/KIOXIA/voxdata/in_the_wild/real/3504.wav,0,in_the_wild
/Volumes/KIOXIA/voxdata/in_the_wild/real/22603.wav,0,in_the_wild
/Volumes/KIOXIA/voxdata/in_the_wild/fake/2301.wav,1,in_the_wild
/Volumes/KIOXIA/voxdata/in_the_wild/real/17430.wav,0,in_the_wild
/Volumes/KIOXIA/voxdata/in_the_wild/fake/28635.wav,1,in_the_wild
/Volumes/KIOXIA/voxdata/in_the_wild/fake/5533.wav,1,in_the_wild
/Volumes/KIOXIA/voxdata/in_the_wild/fake/13432.wav,1,in_the_wild
/Volumes/KIOXIA/voxdata/in_the_wild/real/12923.wav,0,in_the_wild
/Volumes/KIOXIA/voxdata/in_the_wild/fake/5674.wav,1,in_the_wild
/Volumes/KIOXIA/voxdata/in_the_wild/real/20218.wav,0,in_the_wild
/Volumes/KIOXIA/voxdata/in_the_wild/real/8887.wav,0,in_the_wild
/Volumes/KIOXIA/voxdata/in_the_wild/fake/4258.wav,1,in_the_wild
/Volumes/KIOXIA/voxdata/in_the_wild/real/5951.wav,0,in_the_wild
/Volumes/KIOXIA/voxdata/in_the_wild/real/7350.wav,0,in_the_wild
/Volumes/KIOXIA/voxdata/in_the_wild/fake/10795.wav,1,in_the_wild
/Volumes/KIOXIA/voxdata/in_the_wild/fake/13134.wav,1,in_the_wild
/Volumes/KIOXIA/voxdata/in_the_wild/real/31124.wav,0,in_the_wild
/Volumes/KIOXIA/voxdata/in_the_wild/fake/12124.wav,1,in_the_wild
/Volumes/KIOXIA/voxdata/in_the_wild/fake/6046.wav,1,in_the_wild
/Volumes/KIOXIA/voxdata/in_the_wild/real/11625.wav,0,in_the_wild
/Volumes/KIOXIA/voxdata/in_the_wild/fake/16025.wav,1,in_the_wild
/Volumes/KIOXIA/voxdata/in_the_wild/fake/12154.wav,1,in_the_wild
/Volumes/KIOXIA/voxdata/in_the_wild/fake/19989.wav,1,in_the_wild
/Volumes/KIOXIA/voxdata/in_the_wild/real/11174.wav,0,in_the_wild
/Volumes/KIOXIA/voxdata/in_the_wild/fake/9399.wav,1,in_the_wild
/Volumes/KIOXIA/voxdata/in_the_wild/fake/22341.wav,1,in_the_wild
/Volumes/KIOXIA/voxdata/in_the_wild/real/17946.wav,0,in_the_wild
/Volumes/KIOXIA/voxdata/in_the_wild/fake/26180.wav,1,in_the_wild
/Volumes/KIOXIA/voxdata/in_the_wild/real/9269.wav,0,in_the_wild
/Volumes/KIOXIA/voxdata/in_the_wild/fake/11394.wav,1,in_the_wild
/Volumes/KIOXIA/voxdata/in_the_wild/fake/7981.wav,1,in_the_wild
/Volumes/KIOXIA/voxdata/in_the_wild/fake/267.wav,1,in_the_wild
/Volumes/KIOXIA/voxdata/in_the_wild/fake/856.wav,1,in_the_wild
/Volumes/KIOXIA/voxdata/in_the_wild/real/22554.wav,0,in_the_wild
/Volumes/KIOXIA/voxdata/in_the_wild/fake/24345.wav,1,in_the_wild
/Volumes/KIOXIA/voxdata/in_the_wild/fake/21263.wav,1,in_the_wild
/Volumes/KIOXIA/voxdata/in_the_wild/fake/23975.wav,1,in_the_wild
/Volumes/KIOXIA/voxdata/in_the_wild/real/12563.wav,0,in_the_wild
/Volumes/KIOXIA/voxdata/in_the_wild/fake/6871.wav,1,in_the_wild
/Volumes/KIOXIA/voxdata/in_the_wild/fake/14920.wav,1,in_the_wild
/Volumes/KIOXIA/voxdata/in_the_wild/fake/12261.wav,1,in_the_wild
/Volumes/KIOXIA/voxdata/in_the_wild/real/28473.wav,0,in_the_wild
/Volumes/KIOXIA/voxdata/in_the_wild/fake/31304.wav,1,in_the_wild
/Volumes/KIOXIA/voxdata/in_the_wild/fake/14332.wav,1,in_the_wild
/Volumes/KIOXIA/voxdata/in_the_wild/real/27706.wav,0,in_the_wild
/Volumes/KIOXIA/voxdata/in_the_wild/real/6064.wav,0,in_the_wild
/Volumes/KIOXIA/voxdata/in_the_wild/fake/3203.wav,1,in_the_wild
/Volumes/KIOXIA/voxdata/in_the_wild/real/775.wav,0,in_the_wild
/Volumes/KIOXIA/voxdata/in_the_wild/fake/1872.wav,1,in_the_wild
/Volumes/KIOXIA/voxdata/in_the_wild/real/18512.wav,0,in_the_wild
/Volumes/KIOXIA/voxdata/in_the_wild/real/10522.wav,0,in_the_wild
/Volumes/KIOXIA/voxdata/in_the_wild/real/24727.wav,0,in_the_wild
/Volumes/KIOXIA/voxdata/in_the_wild/real/9613.wav,0,in_the_wild
/Volumes/KIOXIA/voxdata/in_the_wild/fake/19453.wav,1,in_the_wild
/Volumes/KIOXIA/voxdata/in_the_wild/fake/23937.wav,1,in_the_wild
/Volumes/KIOXIA/voxdata/in_the_wild/fake/27724.wav,1,in_the_wild
/Volumes/KIOXIA/voxdata/in_the_wild/fake/23338.wav,1,in_the_wild
/Volumes/KIOXIA/voxdata/in_the_wild/real/25307.wav,0,in_the_wild
/Volumes/KIOXIA/voxdata/in_the_wild/fake/21281.wav,1,in_the_wild
/Volumes/KIOXIA/voxdata/in_the_wild/fake/25045.wav,1,in_the_wild
/Volumes/KIOXIA/voxdata/in_the_wild/fake/12947.wav,1,in_the_wild
/Volumes/KIOXIA/voxdata/in_the_wild/fake/16398.wav,1,in_the_wild
/Volumes/KIOXIA/voxdata/in_the_wild/real/14359.wav,0,in_the_wild
/Volumes/KIOXIA/voxdata/in_the_wild/real/26352.wav,0,in_the_wild
/Volumes/KIOXIA/voxdata/in_the_wild/real/12984.wav,0,in_the_wild
/Volumes/KIOXIA/voxdata/in_the_wild/fake/30894.wav,1,in_the_wild
/Volumes/KIOXIA/voxdata/in_the_wild/real/26145.wav,0,in_the_wild
/Volumes/KIOXIA/voxdata/in_the_wild/fake/9477.wav,1,in_the_wild
/Volumes/KIOXIA/voxdata/in_the_wild/fake/23462.wav,1,in_the_wild
/Volumes/KIOXIA/voxdata/in_the_wild/real/20696.wav,0,in_the_wild
/Volumes/KIOXIA/voxdata/in_the_wild/real/10044.wav,0,in_the_wild
/Volumes/KIOXIA/voxdata/in_the_wild/real/13891.wav,0,in_the_wild
/Volumes/KIOXIA/voxdata/in_the_wild/fake/15290.wav,1,in_the_wild
/Volumes/KIOXIA/voxdata/in_the_wild/real/5160.wav,0,in_the_wild
/Volumes/KIOXIA/voxdata/in_the_wild/fake/10061.wav,1,in_the_wild
/Volumes/KIOXIA/voxdata/in_the_wild/fake/1697.wav,1,in_the_wild
/Volumes/KIOXIA/voxdata/in_the_wild/real/5132.wav,0,in_the_wild
/Volumes/KIOXIA/voxdata/in_the_wild/real/3742.wav,0,in_the_wild
/Volumes/KIOXIA/voxdata/in_the_wild/fake/1556.wav,1,in_the_wild
/Volumes/KIOXIA/voxdata/in_the_wild/fake/19438.wav,1,in_the_wild
/Volumes/KIOXIA/voxdata/in_the_wild/real/11546.wav,0,in_the_wild
/Volumes/KIOXIA/voxdata/in_the_wild/fake/13408.wav,1,in_the_wild
/Volumes/KIOXIA/voxdata/in_the_wild/real/17142.wav,0,in_the_wild
/Volumes/KIOXIA/voxdata/in_the_wild/fake/16815.wav,1,in_the_wild
/Volumes/KIOXIA/voxdata/in_the_wild/fake/29045.wav,1,in_the_wild
/Volumes/KIOXIA/voxdata/in_the_wild/fake/29547.wav,1,in_the_wild
/Volumes/KIOXIA/voxdata/in_the_wild/fake/22249.wav,1,in_the_wild
/Volumes/KIOXIA/voxdata/in_the_wild/real/27574.wav,0,in_the_wild
/Volumes/KIOXIA/voxdata/in_the_wild/fake/6420.wav,1,in_the_wild
/Volumes/KIOXIA/voxdata/in_the_wild/real/2655.wav,0,in_the_wild
/Volumes/KIOXIA/voxdata/in_the_wild/real/26985.wav,0,in_the_wild
/Volumes/KIOXIA/voxdata/in_the_wild/real/5014.wav,0,in_the_wild
/Volumes/KIOXIA/voxdata/in_the_wild/fake/14031.wav,1,in_the_wild
/Volumes/KIOXIA/voxdata/in_the_wild/real/3651.wav,0,in_the_wild
/Volumes/KIOXIA/voxdata/in_the_wild/real/9984.wav,0,in_the_wild
/Volumes/KIOXIA/voxdata/in_the_wild/real/31549.wav,0,in_the_wild
/Volumes/KIOXIA/voxdata/in_the_wild/real/20697.wav,0,in_the_wild
/Volumes/KIOXIA/voxdata/in_the_wild/real/5235.wav,0,in_the_wild
/Volumes/KIOXIA/voxdata/in_the_wild/fake/12266.wav,1,in_the_wild
/Volumes/KIOXIA/voxdata/in_the_wild/real/18095.wav,0,in_the_wild
/Volumes/KIOXIA/voxdata/in_the_wild/real/27412.wav,0,in_the_wild
/Volumes/KIOXIA/voxdata/in_the_wild/real/25790.wav,0,in_the_wild
/Volumes/KIOXIA/voxdata/in_the_wild/real/17951.wav,0,in_the_wild
/Volumes/KIOXIA/voxdata/in_the_wild/real/16188.wav,0,in_the_wild
/Volumes/KIOXIA/voxdata/in_the_wild/real/23708.wav,0,in_the_wild
/Volumes/KIOXIA/voxdata/in_the_wild/real/26619.wav,0,in_the_wild
/Volumes/KIOXIA/voxdata/in_the_wild/real/17404.wav,0,in_the_wild
/Volumes/KIOXIA/voxdata/in_the_wild/real/11139.wav,0,in_the_wild
/Volumes/KIOXIA/voxdata/in_the_wild/fake/12336.wav,1,in_the_wild
/Volumes/KIOXIA/voxdata/in_the_wild/fake/7581.wav,1,in_the_wild
/Volumes/KIOXIA/voxdata/in_the_wild/fake/10223.wav,1,in_the_wild
/Volumes/KIOXIA/voxdata/in_the_wild/fake/12950.wav,1,in_the_wild
/Volumes/KIOXIA/voxdata/in_the_wild/real/8703.wav,0,in_the_wild
/Volumes/KIOXIA/voxdata/in_the_wild/real/12531.wav,0,in_the_wild
/Volumes/KIOXIA/voxdata/in_the_wild/fake/23537.wav,1,in_the_wild
/Volumes/KIOXIA/voxdata/in_the_wild/fake/26595.wav,1,in_the_wild
/Volumes/KIOXIA/voxdata/in_the_wild/real/7982.wav,0,in_the_wild
/Volumes/KIOXIA/voxdata/in_the_wild/fake/22551.wav,1,in_the_wild
/Volumes/KIOXIA/voxdata/in_the_wild/fake/20037.wav,1,in_the_wild
/Volumes/KIOXIA/voxdata/in_the_wild/real/10703.wav,0,in_the_wild
/Volumes/KIOXIA/voxdata/in_the_wild/real/30267.wav,0,in_the_wild
/Volumes/KIOXIA/voxdata/in_the_wild/real/14798.wav,0,in_the_wild
/Volumes/KIOXIA/voxdata/in_the_wild/fake/2870.wav,1,in_the_wild
/Volumes/KIOXIA/voxdata/in_the_wild/real/11533.wav,0,in_the_wild
/Volumes/KIOXIA/voxdata/in_the_wild/real/10114.wav,0,in_the_wild
/Volumes/KIOXIA/voxdata/in_the_wild/real/30598.wav,0,in_the_wild
/Volumes/KIOXIA/voxdata/in_the_wild/real/16888.wav,0,in_the_wild
/Volumes/KIOXIA/voxdata/in_the_wild/real/11650.wav,0,in_the_wild
/Volumes/KIOXIA/voxdata/in_the_wild/real/14733.wav,0,in_the_wild
/Volumes/KIOXIA/voxdata/in_the_wild/fake/10786.wav,1,in_the_wild
/Volumes/KIOXIA/voxdata/in_the_wild/fake/29548.wav,1,in_the_wild
/Volumes/KIOXIA/voxdata/in_the_wild/fake/2118.wav,1,in_the_wild
/Volumes/KIOXIA/voxdata/in_the_wild/fake/16098.wav,1,in_the_wild
/Volumes/KIOXIA/voxdata/in_the_wild/fake/14315.wav,1,in_the_wild
/Volumes/KIOXIA/voxdata/in_the_wild/fake/722.wav,1,in_the_wild
/Volumes/KIOXIA/voxdata/in_the_wild/real/15420.wav,0,in_the_wild
/Volumes/KIOXIA/voxdata/in_the_wild/fake/21464.wav,1,in_the_wild
/Volumes/KIOXIA/voxdata/in_the_wild/real/10935.wav,0,in_the_wild
/Volumes/KIOXIA/voxdata/in_the_wild/fake/25701.wav,1,in_the_wild
/Volumes/KIOXIA/voxdata/in_the_wild/fake/11185.wav,1,in_the_wild
/Volumes/KIOXIA/voxdata/in_the_wild/real/26582.wav,0,in_the_wild
/Volumes/KIOXIA/voxdata/in_the_wild/fake/30709.wav,1,in_the_wild
/Volumes/KIOXIA/voxdata/in_the_wild/fake/5012.wav,1,in_the_wild
/Volumes/KIOXIA/voxdata/in_the_wild/fake/27768.wav,1,in_the_wild
/Volumes/KIOXIA/voxdata/in_the_wild/fake/20782.wav,1,in_the_wild
/Volumes/KIOXIA/voxdata/in_the_wild/real/20864.wav,0,in_the_wild
/Volumes/KIOXIA/voxdata/in_the_wild/fake/23918.wav,1,in_the_wild
/Volumes/KIOXIA/voxdata/in_the_wild/real/13484.wav,0,in_the_wild
/Volumes/KIOXIA/voxdata/in_the_wild/real/518.wav,0,in_the_wild
/Volumes/KIOXIA/voxdata/in_the_wild/real/6758.wav,0,in_the_wild
/Volumes/KIOXIA/voxdata/in_the_wild/real/13101.wav,0,in_the_wild
/Volumes/KIOXIA/voxdata/in_the_wild/fake/9815.wav,1,in_the_wild
/Volumes/KIOXIA/voxdata/in_the_wild/real/11264.wav,0,in_the_wild
/Volumes/KIOXIA/voxdata/in_the_wild/fake/7087.wav,1,in_the_wild
/Volumes/KIOXIA/voxdata/in_the_wild/fake/16004.wav,1,in_the_wild
/Volumes/KIOXIA/voxdata/in_the_wild/fake/12449.wav,1,in_the_wild
/Volumes/KIOXIA/voxdata/in_the_wild/real/19437.wav,0,in_the_wild
/Volumes/KIOXIA/voxdata/in_the_wild/real/2866.wav,0,in_the_wild
/Volumes/KIOXIA/voxdata/in_the_wild/real/3686.wav,0,in_the_wild
/Volumes/KIOXIA/voxdata/in_the_wild/fake/494.wav,1,in_the_wild
/Volumes/KIOXIA/voxdata/in_the_wild/fake/8209.wav,1,in_the_wild
/Volumes/KIOXIA/voxdata/in_the_wild/real/24426.wav,0,in_the_wild
/Volumes/KIOXIA/voxdata/in_the_wild/fake/2031.wav,1,in_the_wild
/Volumes/KIOXIA/voxdata/in_the_wild/fake/2485.wav,1,in_the_wild
/Volumes/KIOXIA/voxdata/in_the_wild/fake/18978.wav,1,in_the_wild
/Volumes/KIOXIA/voxdata/in_the_wild/real/3029.wav,0,in_the_wild
/Volumes/KIOXIA/voxdata/in_the_wild/fake/8626.wav,1,in_the_wild
/Volumes/KIOXIA/voxdata/in_the_wild/real/23265.wav,0,in_the_wild
/Volumes/KIOXIA/voxdata/in_the_wild/fake/24063.wav,1,in_the_wild
/Volumes/KIOXIA/voxdata/in_the_wild/fake/30467.wav,1,in_the_wild
/Volumes/KIOXIA/voxdata/in_the_wild/real/9256.wav,0,in_the_wild
/Volumes/KIOXIA/voxdata/in_the_wild/real/25671.wav,0,in_the_wild
/Volumes/KIOXIA/voxdata/in_the_wild/fake/4435.wav,1,in_the_wild
/Volumes/KIOXIA/voxdata/in_the_wild/fake/4152.wav,1,in_the_wild
/Volumes/KIOXIA/voxdata/in_the_wild/real/4270.wav,0,in_the_wild
/Volumes/KIOXIA/voxdata/in_the_wild/fake/5033.wav,1,in_the_wild
/Volumes/KIOXIA/voxdata/in_the_wild/real/28099.wav,0,in_the_wild
/Volumes/KIOXIA/voxdata/in_the_wild/fake/9846.wav,1,in_the_wild
/Volumes/KIOXIA/voxdata/in_the_wild/fake/4349.wav,1,in_the_wild
/Volumes/KIOXIA/voxdata/in_the_wild/real/12900.wav,0,in_the_wild
/Volumes/KIOXIA/voxdata/in_the_wild/fake/18992.wav,1,in_the_wild
/Volumes/KIOXIA/voxdata/in_the_wild/real/4466.wav,0,in_the_wild
/Volumes/KIOXIA/voxdata/in_the_wild/real/11332.wav,0,in_the_wild
/Volumes/KIOXIA/voxdata/in_the_wild/real/9330.wav,0,in_the_wild
/Volumes/KIOXIA/voxdata/in_the_wild/real/18357.wav,0,in_the_wild
/Volumes/KIOXIA/voxdata/in_the_wild/real/24284.wav,0,in_the_wild
/Volumes/KIOXIA/voxdata/in_the_wild/real/18030.wav,0,in_the_wild
/Volumes/KIOXIA/voxdata/in_the_wild/real/13567.wav,0,in_the_wild
/Volumes/KIOXIA/voxdata/in_the_wild/fake/7362.wav,1,in_the_wild
/Volumes/KIOXIA/voxdata/in_the_wild/real/30593.wav,0,in_the_wild
/Volumes/KIOXIA/voxdata/in_the_wild/fake/22460.wav,1,in_the_wild
/Volumes/KIOXIA/voxdata/in_the_wild/fake/15865.wav,1,in_the_wild
/Volumes/KIOXIA/voxdata/in_the_wild/fake/3627.wav,1,in_the_wild
/Volumes/KIOXIA/voxdata/in_the_wild/real/15087.wav,0,in_the_wild
/Volumes/KIOXIA/voxdata/in_the_wild/real/30560.wav,0,in_the_wild
/Volumes/KIOXIA/voxdata/in_the_wild/fake/10294.wav,1,in_the_wild
/Volumes/KIOXIA/voxdata/in_the_wild/fake/21290.wav,1,in_the_wild
/Volumes/KIOXIA/voxdata/in_the_wild/real/17543.wav,0,in_the_wild
/Volumes/KIOXIA/voxdata/in_the_wild/real/30244.wav,0,in_the_wild
/Volumes/KIOXIA/voxdata/in_the_wild/real/26747.wav,0,in_the_wild
/Volumes/KIOXIA/voxdata/in_the_wild/fake/16437.wav,1,in_the_wild
/Volumes/KIOXIA/voxdata/in_the_wild/real/29825.wav,0,in_the_wild
/Volumes/KIOXIA/voxdata/in_the_wild/real/31125.wav,0,in_the_wild
/Volumes/KIOXIA/voxdata/in_the_wild/real/14238.wav,0,in_the_wild
/Volumes/KIOXIA/voxdata/in_the_wild/fake/24756.wav,1,in_the_wild
/Volumes/KIOXIA/voxdata/in_the_wild/real/11665.wav,0,in_the_wild
/Volumes/KIOXIA/voxdata/in_the_wild/fake/24913.wav,1,in_the_wild
/Volumes/KIOXIA/voxdata/in_the_wild/fake/9663.wav,1,in_the_wild
/Volumes/KIOXIA/voxdata/in_the_wild/fake/8709.wav,1,in_the_wild
/Volumes/KIOXIA/voxdata/in_the_wild/fake/27066.wav,1,in_the_wild
/Volumes/KIOXIA/voxdata/in_the_wild/fake/5913.wav,1,in_the_wild
/Volumes/KIOXIA/voxdata/in_the_wild/real/15173.wav,0,in_the_wild
/Volumes/KIOXIA/voxdata/in_the_wild/fake/22409.wav,1,in_the_wild
/Volumes/KIOXIA/voxdata/in_the_wild/real/2348.wav,0,in_the_wild
/Volumes/KIOXIA/voxdata/in_the_wild/real/26522.wav,0,in_the_wild
/Volumes/KIOXIA/voxdata/in_the_wild/fake/391.wav,1,in_the_wild
/Volumes/KIOXIA/voxdata/in_the_wild/real/27419.wav,0,in_the_wild
/Volumes/KIOXIA/voxdata/in_the_wild/real/19311.wav,0,in_the_wild
/Volumes/KIOXIA/voxdata/in_the_wild/real/22423.wav,0,in_the_wild
/Volumes/KIOXIA/voxdata/in_the_wild/real/21107.wav,0,in_the_wild
/Volumes/KIOXIA/voxdata/in_the_wild/real/10329.wav,0,in_the_wild
/Volumes/KIOXIA/voxdata/in_the_wild/real/8526.wav,0,in_the_wild
/Volumes/KIOXIA/voxdata/in_the_wild/real/23771.wav,0,in_the_wild
/Volumes/KIOXIA/voxdata/in_the_wild/real/4929.wav,0,in_the_wild
/Volumes/KIOXIA/voxdata/in_the_wild/fake/15127.wav,1,in_the_wild
/Volumes/KIOXIA/voxdata/in_the_wild/real/30117.wav,0,in_the_wild
/Volumes/KIOXIA/voxdata/in_the_wild/fake/21392.wav,1,in_the_wild
/Volumes/KIOXIA/voxdata/in_the_wild/fake/9142.wav,1,in_the_wild
/Volumes/KIOXIA/voxdata/in_the_wild/real/25168.wav,0,in_the_wild
/Volumes/KIOXIA/voxdata/in_the_wild/fake/21283.wav,1,in_the_wild
/Volumes/KIOXIA/voxdata/in_the_wild/real/9683.wav,0,in_the_wild
/Volumes/KIOXIA/voxdata/in_the_wild/fake/29233.wav,1,in_the_wild
/Volumes/KIOXIA/voxdata/in_the_wild/real/30057.wav,0,in_the_wild
/Volumes/KIOXIA/voxdata/in_the_wild/real/4093.wav,0,in_the_wild
/Volumes/KIOXIA/voxdata/in_the_wild/real/16696.wav,0,in_the_wild
/Volumes/KIOXIA/voxdata/in_the_wild/fake/10715.wav,1,in_the_wild
/Volumes/KIOXIA/voxdata/in_the_wild/real/1594.wav,0,in_the_wild
/Volumes/KIOXIA/voxdata/in_the_wild/real/3087.wav,0,in_the_wild
/Volumes/KIOXIA/voxdata/in_the_wild/fake/1553.wav,1,in_the_wild
/Volumes/KIOXIA/voxdata/in_the_wild/real/19985.wav,0,in_the_wild
/Volumes/KIOXIA/voxdata/in_the_wild/real/26832.wav,0,in_the_wild
/Volumes/KIOXIA/voxdata/in_the_wild/real/17948.wav,0,in_the_wild
/Volumes/KIOXIA/voxdata/in_the_wild/real/24462.wav,0,in_the_wild
/Volumes/KIOXIA/voxdata/in_the_wild/fake/16364.wav,1,in_the_wild
/Volumes/KIOXIA/voxdata/in_the_wild/fake/31427.wav,1,in_the_wild
/Volumes/KIOXIA/voxdata/in_the_wild/real/10452.wav,0,in_the_wild
/Volumes/KIOXIA/voxdata/in_the_wild/fake/10968.wav,1,in_the_wild
/Volumes/KIOXIA/voxdata/in_the_wild/fake/19843.wav,1,in_the_wild
/Volumes/KIOXIA/voxdata/in_the_wild/fake/6275.wav,1,in_the_wild
/Volumes/KIOXIA/voxdata/in_the_wild/real/18711.wav,0,in_the_wild
/Volumes/KIOXIA/voxdata/in_the_wild/real/18656.wav,0,in_the_wild
/Volumes/KIOXIA/voxdata/in_the_wild/real/17982.wav,0,in_the_wild
/Volumes/KIOXIA/voxdata/in_the_wild/fake/28704.wav,1,in_the_wild
/Volumes/KIOXIA/voxdata/in_the_wild/real/28017.wav,0,in_the_wild
/Volumes/KIOXIA/voxdata/in_the_wild/real/28705.wav,0,in_the_wild
/Volumes/KIOXIA/voxdata/in_the_wild/real/27590.wav,0,in_the_wild
/Volumes/KIOXIA/voxdata/in_the_wild/fake/19540.wav,1,in_the_wild
/Volumes/KIOXIA/voxdata/in_the_wild/real/22190.wav,0,in_the_wild
/Volumes/KIOXIA/voxdata/in_the_wild/fake/3675.wav,1,in_the_wild
/Volumes/KIOXIA/voxdata/in_the_wild/fake/14709.wav,1,in_the_wild
/Volumes/KIOXIA/voxdata/in_the_wild/fake/30751.wav,1,in_the_wild
/Volumes/KIOXIA/voxdata/in_the_wild/fake/25438.wav,1,in_the_wild
/Volumes/KIOXIA/voxdata/in_the_wild/real/28912.wav,0,in_the_wild
/Volumes/KIOXIA/voxdata/in_the_wild/real/19612.wav,0,in_the_wild
/Volumes/KIOXIA/voxdata/in_the_wild/real/4914.wav,0,in_the_wild
/Volumes/KIOXIA/voxdata/in_the_wild/fake/13411.wav,1,in_the_wild
/Volumes/KIOXIA/voxdata/in_the_wild/real/19352.wav,0,in_the_wild
/Volumes/KIOXIA/voxdata/in_the_wild/fake/5739.wav,1,in_the_wild
/Volumes/KIOXIA/voxdata/in_the_wild/real/24852.wav,0,in_the_wild
/Volumes/KIOXIA/voxdata/in_the_wild/real/3088.wav,0,in_the_wild
/Volumes/KIOXIA/voxdata/in_the_wild/real/20354.wav,0,in_the_wild
/Volumes/KIOXIA/voxdata/in_the_wild/fake/20265.wav,1,in_the_wild
/Volumes/KIOXIA/voxdata/in_the_wild/real/17711.wav,0,in_the_wild
/Volumes/KIOXIA/voxdata/in_the_wild/fake/12639.wav,1,in_the_wild
/Volumes/KIOXIA/voxdata/in_the_wild/real/18207.wav,0,in_the_wild
/Volumes/KIOXIA/voxdata/in_the_wild/fake/21721.wav,1,in_the_wild
/Volumes/KIOXIA/voxdata/in_the_wild/real/684.wav,0,in_the_wild
/Volumes/KIOXIA/voxdata/in_the_wild/real/17864.wav,0,in_the_wild
/Volumes/KIOXIA/voxdata/in_the_wild/real/9198.wav,0,in_the_wild
/Volumes/KIOXIA/voxdata/in_the_wild/real/16730.wav,0,in_the_wild
/Volumes/KIOXIA/voxdata/in_the_wild/fake/4036.wav,1,in_the_wild
/Volumes/KIOXIA/voxdata/in_the_wild/real/18286.wav,0,in_the_wild
/Volumes/KIOXIA/voxdata/in_the_wild/real/31527.wav,0,in_the_wild
/Volumes/KIOXIA/voxdata/in_the_wild/fake/15881.wav,1,in_the_wild
/Volumes/KIOXIA/voxdata/in_the_wild/real/24987.wav,0,in_the_wild
/Volumes/KIOXIA/voxdata/in_the_wild/real/29920.wav,0,in_the_wild
/Volumes/KIOXIA/voxdata/in_the_wild/real/23320.wav,0,in_the_wild
/Volumes/KIOXIA/voxdata/in_the_wild/real/24369.wav,0,in_the_wild
/Volumes/KIOXIA/voxdata/in_the_wild/real/8327.wav,0,in_the_wild
/Volumes/KIOXIA/voxdata/in_the_wild/fake/2451.wav,1,in_the_wild
/Volumes/KIOXIA/voxdata/in_the_wild/fake/14034.wav,1,in_the_wild
/Volumes/KIOXIA/voxdata/in_the_wild/real/9209.wav,0,in_the_wild
/Volumes/KIOXIA/voxdata/in_the_wild/real/25728.wav,0,in_the_wild
/Volumes/KIOXIA/voxdata/in_the_wild/fake/24844.wav,1,in_the_wild
/Volumes/KIOXIA/voxdata/in_the_wild/fake/1962.wav,1,in_the_wild
/Volumes/KIOXIA/voxdata/in_the_wild/fake/22162.wav,1,in_the_wild
/Volumes/KIOXIA/voxdata/in_the_wild/real/12317.wav,0,in_the_wild
/Volumes/KIOXIA/voxdata/in_the_wild/real/18756.wav,0,in_the_wild
/Volumes/KIOXIA/voxdata/in_the_wild/real/27010.wav,0,in_the_wild
/Volumes/KIOXIA/voxdata/in_the_wild/fake/12179.wav,1,in_the_wild
/Volumes/KIOXIA/voxdata/in_the_wild/real/11624.wav,0,in_the_wild
/Volumes/KIOXIA/voxdata/in_the_wild/real/6121.wav,0,in_the_wild
/Volumes/KIOXIA/voxdata/in_the_wild/real/17009.wav,0,in_the_wild
/Volumes/KIOXIA/voxdata/in_the_wild/fake/23788.wav,1,in_the_wild
/Volumes/KIOXIA/voxdata/in_the_wild/fake/27856.wav,1,in_the_wild
/Volumes/KIOXIA/voxdata/in_the_wild/fake/10350.wav,1,in_the_wild
/Volumes/KIOXIA/voxdata/in_the_wild/fake/29028.wav,1,in_the_wild
/Volumes/KIOXIA/voxdata/in_the_wild/fake/1725.wav,1,in_the_wild
/Volumes/KIOXIA/voxdata/in_the_wild/fake/1763.wav,1,in_the_wild
/Volumes/KIOXIA/voxdata/in_the_wild/real/23641.wav,0,in_the_wild
/Volumes/KIOXIA/voxdata/in_the_wild/fake/29438.wav,1,in_the_wild
/Volumes/KIOXIA/voxdata/in_the_wild/fake/14189.wav,1,in_the_wild
/Volumes/KIOXIA/voxdata/in_the_wild/real/15152.wav,0,in_the_wild
/Volumes/KIOXIA/voxdata/in_the_wild/real/23598.wav,0,in_the_wild
/Volumes/KIOXIA/voxdata/in_the_wild/fake/10770.wav,1,in_the_wild
/Volumes/KIOXIA/voxdata/in_the_wild/fake/30223.wav,1,in_the_wild
/Volumes/KIOXIA/voxdata/in_the_wild/fake/30221.wav,1,in_the_wild
/Volumes/KIOXIA/voxdata/in_the_wild/real/17419.wav,0,in_the_wild
/Volumes/KIOXIA/voxdata/in_the_wild/fake/12259.wav,1,in_the_wild
/Volumes/KIOXIA/voxdata/in_the_wild/fake/26484.wav,1,in_the_wild
/Volumes/KIOXIA/voxdata/in_the_wild/fake/14107.wav,1,in_the_wild
/Volumes/KIOXIA/voxdata/in_the_wild/fake/24510.wav,1,in_the_wild
/Volumes/KIOXIA/voxdata/in_the_wild/fake/19441.wav,1,in_the_wild
/Volumes/KIOXIA/voxdata/in_the_wild/real/27408.wav,0,in_the_wild
/Volumes/KIOXIA/voxdata/in_the_wild/fake/11845.wav,1,in_the_wild
/Volumes/KIOXIA/voxdata/in_the_wild/real/1141.wav,0,in_the_wild
/Volumes/KIOXIA/voxdata/in_the_wild/real/27987.wav,0,in_the_wild
/Volumes/KIOXIA/voxdata/in_the_wild/real/22734.wav,0,in_the_wild
/Volumes/KIOXIA/voxdata/in_the_wild/fake/2116.wav,1,in_the_wild
/Volumes/KIOXIA/voxdata/in_the_wild/fake/25749.wav,1,in_the_wild
/Volumes/KIOXIA/voxdata/in_the_wild/fake/7306.wav,1,in_the_wild
/Volumes/KIOXIA/voxdata/in_the_wild/real/18960.wav,0,in_the_wild
/Volumes/KIOXIA/voxdata/in_the_wild/fake/18334.wav,1,in_the_wild
/Volumes/KIOXIA/voxdata/in_the_wild/real/24281.wav,0,in_the_wild
/Volumes/KIOXIA/voxdata/in_the_wild/real/6289.wav,0,in_the_wild
/Volumes/KIOXIA/voxdata/in_the_wild/real/10603.wav,0,in_the_wild
/Volumes/KIOXIA/voxdata/in_the_wild/real/1858.wav,0,in_the_wild
/Volumes/KIOXIA/voxdata/in_the_wild/real/22068.wav,0,in_the_wild
/Volumes/KIOXIA/voxdata/in_the_wild/real/23399.wav,0,in_the_wild
/Volumes/KIOXIA/voxdata/in_the_wild/real/700.wav,0,in_the_wild
/Volumes/KIOXIA/voxdata/in_the_wild/real/29569.wav,0,in_the_wild
/Volumes/KIOXIA/voxdata/in_the_wild/fake/11349.wav,1,in_the_wild
/Volumes/KIOXIA/voxdata/in_the_wild/real/19652.wav,0,in_the_wild
/Volumes/KIOXIA/voxdata/in_the_wild/real/30953.wav,0,in_the_wild
/Volumes/KIOXIA/voxdata/in_the_wild/real/21630.wav,0,in_the_wild
/Volumes/KIOXIA/voxdata/in_the_wild/real/1312.wav,0,in_the_wild
/Volumes/KIOXIA/voxdata/in_the_wild/real/14891.wav,0,in_the_wild
/Volumes/KIOXIA/voxdata/in_the_wild/real/27988.wav,0,in_the_wild
/Volumes/KIOXIA/voxdata/in_the_wild/fake/19858.wav,1,in_the_wild
/Volumes/KIOXIA/voxdata/in_the_wild/real/18435.wav,0,in_the_wild
/Volumes/KIOXIA/voxdata/in_the_wild/real/29924.wav,0,in_the_wild
/Volumes/KIOXIA/voxdata/in_the_wild/real/5020.wav,0,in_the_wild
/Volumes/KIOXIA/voxdata/in_the_wild/real/25586.wav,0,in_the_wild
/Volumes/KIOXIA/voxdata/in_the_wild/real/4050.wav,0,in_the_wild
/Volumes/KIOXIA/voxdata/in_the_wild/fake/7570.wav,1,in_the_wild
/Volumes/KIOXIA/voxdata/in_the_wild/real/21131.wav,0,in_the_wild
/Volumes/KIOXIA/voxdata/in_the_wild/real/6076.wav,0,in_the_wild
/Volumes/KIOXIA/voxdata/in_the_wild/fake/19168.wav,1,in_the_wild
/Volumes/KIOXIA/voxdata/in_the_wild/fake/23619.wav,1,in_the_wild
/Volumes/KIOXIA/voxdata/in_the_wild/fake/12324.wav,1,in_the_wild
/Volumes/KIOXIA/voxdata/in_the_wild/real/16274.wav,0,in_the_wild
/Volumes/KIOXIA/voxdata/in_the_wild/real/4347.wav,0,in_the_wild
/Volumes/KIOXIA/voxdata/in_the_wild/real/20327.wav,0,in_the_wild
/Volumes/KIOXIA/voxdata/in_the_wild/fake/30990.wav,1,in_the_wild
/Volumes/KIOXIA/voxdata/in_the_wild/fake/24847.wav,1,in_the_wild
/Volumes/KIOXIA/voxdata/in_the_wild/real/11214.wav,0,in_the_wild
/Volumes/KIOXIA/voxdata/in_the_wild/fake/19447.wav,1,in_the_wild
/Volumes/KIOXIA/voxdata/in_the_wild/real/16984.wav,0,in_the_wild
/Volumes/KIOXIA/voxdata/in_the_wild/real/26305.wav,0,in_the_wild
/Volumes/KIOXIA/voxdata/in_the_wild/fake/13171.wav,1,in_the_wild
/Volumes/KIOXIA/voxdata/in_the_wild/real/6138.wav,0,in_the_wild
/Volumes/KIOXIA/voxdata/in_the_wild/real/19906.wav,0,in_the_wild
/Volumes/KIOXIA/voxdata/in_the_wild/fake/519.wav,1,in_the_wild
/Volumes/KIOXIA/voxdata/in_the_wild/fake/10619.wav,1,in_the_wild
/Volumes/KIOXIA/voxdata/in_the_wild/real/29737.wav,0,in_the_wild
/Volumes/KIOXIA/voxdata/in_the_wild/fake/25319.wav,1,in_the_wild
/Volumes/KIOXIA/voxdata/in_the_wild/fake/9124.wav,1,in_the_wild
/Volumes/KIOXIA/voxdata/in_the_wild/real/5742.wav,0,in_the_wild
/Volumes/KIOXIA/voxdata/in_the_wild/fake/5410.wav,1,in_the_wild
/Volumes/KIOXIA/voxdata/in_the_wild/fake/18331.wav,1,in_the_wild
/Volumes/KIOXIA/voxdata/in_the_wild/real/3594.wav,0,in_the_wild
/Volumes/KIOXIA/voxdata/in_the_wild/real/11788.wav,0,in_the_wild
/Volumes/KIOXIA/voxdata/in_the_wild/real/5324.wav,0,in_the_wild
/Volumes/KIOXIA/voxdata/in_the_wild/fake/20101.wav,1,in_the_wild
/Volumes/KIOXIA/voxdata/in_the_wild/fake/6721.wav,1,in_the_wild
/Volumes/KIOXIA/voxdata/in_the_wild/real/13346.wav,0,in_the_wild
/Volumes/KIOXIA/voxdata/in_the_wild/fake/22233.wav,1,in_the_wild
/Volumes/KIOXIA/voxdata/in_the_wild/real/22920.wav,0,in_the_wild
/Volumes/KIOXIA/voxdata/in_the_wild/real/30731.wav,0,in_the_wild
/Volumes/KIOXIA/voxdata/in_the_wild/real/9456.wav,0,in_the_wild
/Volumes/KIOXIA/voxdata/in_the_wild/fake/22522.wav,1,in_the_wild
/Volumes/KIOXIA/voxdata/in_the_wild/real/11053.wav,0,in_the_wild
/Volumes/KIOXIA/voxdata/in_the_wild/real/15370.wav,0,in_the_wild
/Volumes/KIOXIA/voxdata/in_the_wild/real/17278.wav,0,in_the_wild
/Volumes/KIOXIA/voxdata/in_the_wild/fake/16679.wav,1,in_the_wild
/Volumes/KIOXIA/voxdata/in_the_wild/fake/8605.wav,1,in_the_wild
/Volumes/KIOXIA/voxdata/in_the_wild/fake/22950.wav,1,in_the_wild
/Volumes/KIOXIA/voxdata/in_the_wild/real/24707.wav,0,in_the_wild
/Volumes/KIOXIA/voxdata/in_the_wild/fake/1538.wav,1,in_the_wild
/Volumes/KIOXIA/voxdata/in_the_wild/fake/3112.wav,1,in_the_wild
/Volumes/KIOXIA/voxdata/in_the_wild/fake/24519.wav,1,in_the_wild
/Volumes/KIOXIA/voxdata/in_the_wild/real/2883.wav,0,in_the_wild
/Volumes/KIOXIA/voxdata/in_the_wild/fake/6328.wav,1,in_the_wild
/Volumes/KIOXIA/voxdata/in_the_wild/real/1451.wav,0,in_the_wild
/Volumes/KIOXIA/voxdata/in_the_wild/fake/30639.wav,1,in_the_wild
/Volumes/KIOXIA/voxdata/in_the_wild/fake/14250.wav,1,in_the_wild
/Volumes/KIOXIA/voxdata/in_the_wild/fake/1908.wav,1,in_the_wild
/Volumes/KIOXIA/voxdata/in_the_wild/real/1848.wav,0,in_the_wild
/Volumes/KIOXIA/voxdata/in_the_wild/fake/16675.wav,1,in_the_wild
/Volumes/KIOXIA/voxdata/in_the_wild/fake/7170.wav,1,in_the_wild
/Volumes/KIOXIA/voxdata/in_the_wild/real/24907.wav,0,in_the_wild
/Volumes/KIOXIA/voxdata/in_the_wild/fake/12348.wav,1,in_the_wild
/Volumes/KIOXIA/voxdata/in_the_wild/real/5001.wav,0,in_the_wild
/Volumes/KIOXIA/voxdata/in_the_wild/real/25373.wav,0,in_the_wild
/Volumes/KIOXIA/voxdata/in_the_wild/fake/30327.wav,1,in_the_wild
/Volumes/KIOXIA/voxdata/in_the_wild/real/13611.wav,0,in_the_wild
/Volumes/KIOXIA/voxdata/in_the_wild/real/14647.wav,0,in_the_wild
/Volumes/KIOXIA/voxdata/in_the_wild/real/18767.wav,0,in_the_wild
/Volumes/KIOXIA/voxdata/in_the_wild/real/12430.wav,0,in_the_wild
/Volumes/KIOXIA/voxdata/in_the_wild/fake/9363.wav,1,in_the_wild
/Volumes/KIOXIA/voxdata/in_the_wild/real/2652.wav,0,in_the_wild
/Volumes/KIOXIA/voxdata/in_the_wild/fake/13770.wav,1,in_the_wild
/Volumes/KIOXIA/voxdata/in_the_wild/real/14941.wav,0,in_the_wild
/Volumes/KIOXIA/voxdata/in_the_wild/real/23117.wav,0,in_the_wild
/Volumes/KIOXIA/voxdata/in_the_wild/real/20825.wav,0,in_the_wild
/Volumes/KIOXIA/voxdata/in_the_wild/real/29442.wav,0,in_the_wild
/Volumes/KIOXIA/voxdata/in_the_wild/fake/17249.wav,1,in_the_wild
/Volumes/KIOXIA/voxdata/in_the_wild/real/31766.wav,0,in_the_wild
/Volumes/KIOXIA/voxdata/in_the_wild/real/20465.wav,0,in_the_wild
/Volumes/KIOXIA/voxdata/in_the_wild/real/17977.wav,0,in_the_wild
/Volumes/KIOXIA/voxdata/in_the_wild/fake/13712.wav,1,in_the_wild
/Volumes/KIOXIA/voxdata/in_the_wild/fake/23898.wav,1,in_the_wild
/Volumes/KIOXIA/voxdata/in_the_wild/real/1578.wav,0,in_the_wild
/Volumes/KIOXIA/voxdata/in_the_wild/real/3919.wav,0,in_the_wild
/Volumes/KIOXIA/voxdata/in_the_wild/fake/9692.wav,1,in_the_wild
/Volumes/KIOXIA/voxdata/in_the_wild/fake/15692.wav,1,in_the_wild
/Volumes/KIOXIA/voxdata/in_the_wild/real/21813.wav,0,in_the_wild
/Volumes/KIOXIA/voxdata/in_the_wild/real/4008.wav,0,in_the_wild
/Volumes/KIOXIA/voxdata/in_the_wild/real/15467.wav,0,in_the_wild
/Volumes/KIOXIA/voxdata/in_the_wild/fake/26928.wav,1,in_the_wild
/Volumes/KIOXIA/voxdata/in_the_wild/fake/12204.wav,1,in_the_wild
/Volumes/KIOXIA/voxdata/in_the_wild/fake/21413.wav,1,in_the_wild
/Volumes/KIOXIA/voxdata/in_the_wild/fake/4912.wav,1,in_the_wild
/Volumes/KIOXIA/voxdata/in_the_wild/real/9801.wav,0,in_the_wild
/Volumes/KIOXIA/voxdata/in_the_wild/real/20925.wav,0,in_the_wild
/Volumes/KIOXIA/voxdata/in_the_wild/real/14394.wav,0,in_the_wild
/Volumes/KIOXIA/voxdata/in_the_wild/fake/7121.wav,1,in_the_wild
/Volumes/KIOXIA/voxdata/in_the_wild/real/8977.wav,0,in_the_wild
/Volumes/KIOXIA/voxdata/in_the_wild/fake/20971.wav,1,in_the_wild
/Volumes/KIOXIA/voxdata/in_the_wild/fake/14402.wav,1,in_the_wild
/Volumes/KIOXIA/voxdata/in_the_wild/fake/6692.wav,1,in_the_wild
/Volumes/KIOXIA/voxdata/in_the_wild/real/323.wav,0,in_the_wild
/Volumes/KIOXIA/voxdata/in_the_wild/real/29545.wav,0,in_the_wild
/Volumes/KIOXIA/voxdata/in_the_wild/real/24970.wav,0,in_the_wild
/Volumes/KIOXIA/voxdata/in_the_wild/fake/23991.wav,1,in_the_wild
/Volumes/KIOXIA/voxdata/in_the_wild/real/1026.wav,0,in_the_wild
/Volumes/KIOXIA/voxdata/in_the_wild/fake/5637.wav,1,in_the_wild
/Volumes/KIOXIA/voxdata/in_the_wild/real/19392.wav,0,in_the_wild
/Volumes/KIOXIA/voxdata/in_the_wild/real/20966.wav,0,in_the_wild
/Volumes/KIOXIA/voxdata/in_the_wild/real/26656.wav,0,in_the_wild
/Volumes/KIOXIA/voxdata/in_the_wild/fake/20053.wav,1,in_the_wild
/Volumes/KIOXIA/voxdata/in_the_wild/fake/7821.wav,1,in_the_wild
/Volumes/KIOXIA/voxdata/in_the_wild/real/11802.wav,0,in_the_wild
/Volumes/KIOXIA/voxdata/in_the_wild/real/2878.wav,0,in_the_wild
/Volumes/KIOXIA/voxdata/in_the_wild/fake/22348.wav,1,in_the_wild
/Volumes/KIOXIA/voxdata/in_the_wild/real/25037.wav,0,in_the_wild
/Volumes/KIOXIA/voxdata/in_the_wild/real/530.wav,0,in_the_wild
/Volumes/KIOXIA/voxdata/in_the_wild/real/5787.wav,0,in_the_wild
/Volumes/KIOXIA/voxdata/in_the_wild/fake/24572.wav,1,in_the_wild
/Volumes/KIOXIA/voxdata/in_the_wild/fake/20176.wav,1,in_the_wild
/Volumes/KIOXIA/voxdata/in_the_wild/real/21716.wav,0,in_the_wild
/Volumes/KIOXIA/voxdata/in_the_wild/fake/28844.wav,1,in_the_wild
/Volumes/KIOXIA/voxdata/in_the_wild/real/15695.wav,0,in_the_wild
/Volumes/KIOXIA/voxdata/in_the_wild/real/7099.wav,0,in_the_wild
/Volumes/KIOXIA/voxdata/in_the_wild/real/10510.wav,0,in_the_wild
/Volumes/KIOXIA/voxdata/in_the_wild/real/18318.wav,0,in_the_wild
/Volumes/KIOXIA/voxdata/in_the_wild/fake/17220.wav,1,in_the_wild
/Volumes/KIOXIA/voxdata/in_the_wild/fake/31208.wav,1,in_the_wild
/Volumes/KIOXIA/voxdata/in_the_wild/fake/16531.wav,1,in_the_wild
/Volumes/KIOXIA/voxdata/in_the_wild/fake/659.wav,1,in_the_wild
/Volumes/KIOXIA/voxdata/in_the_wild/fake/17358.wav,1,in_the_wild
/Volumes/KIOXIA/voxdata/in_the_wild/real/23876.wav,0,in_the_wild
/Volumes/KIOXIA/voxdata/in_the_wild/fake/2980.wav,1,in_the_wild
/Volumes/KIOXIA/voxdata/in_the_wild/fake/23774.wav,1,in_the_wild
/Volumes/KIOXIA/voxdata/in_the_wild/real/14113.wav,0,in_the_wild
/Volumes/KIOXIA/voxdata/in_the_wild/fake/31771.wav,1,in_the_wild
/Volumes/KIOXIA/voxdata/in_the_wild/fake/3495.wav,1,in_the_wild
/Volumes/KIOXIA/voxdata/in_the_wild/fake/9817.wav,1,in_the_wild
/Volumes/KIOXIA/voxdata/in_the_wild/fake/10926.wav,1,in_the_wild
/Volumes/KIOXIA/voxdata/in_the_wild/fake/20178.wav,1,in_the_wild
/Volumes/KIOXIA/voxdata/in_the_wild/fake/21249.wav,1,in_the_wild
/Volumes/KIOXIA/voxdata/in_the_wild/fake/3579.wav,1,in_the_wild
/Volumes/KIOXIA/voxdata/in_the_wild/fake/7323.wav,1,in_the_wild
/Volumes/KIOXIA/voxdata/in_the_wild/real/3863.wav,0,in_the_wild
/Volumes/KIOXIA/voxdata/in_the_wild/fake/8524.wav,1,in_the_wild
/Volumes/KIOXIA/voxdata/in_the_wild/real/6131.wav,0,in_the_wild
/Volumes/KIOXIA/voxdata/in_the_wild/real/9833.wav,0,in_the_wild
/Volumes/KIOXIA/voxdata/in_the_wild/real/28909.wav,0,in_the_wild
/Volumes/KIOXIA/voxdata/in_the_wild/real/29978.wav,0,in_the_wild
/Volumes/KIOXIA/voxdata/in_the_wild/real/14703.wav,0,in_the_wild
/Volumes/KIOXIA/voxdata/in_the_wild/real/1807.wav,0,in_the_wild
/Volumes/KIOXIA/voxdata/in_the_wild/fake/29372.wav,1,in_the_wild
/Volumes/KIOXIA/voxdata/in_the_wild/fake/10378.wav,1,in_the_wild
/Volumes/KIOXIA/voxdata/in_the_wild/fake/20519.wav,1,in_the_wild
/Volumes/KIOXIA/voxdata/in_the_wild/real/7315.wav,0,in_the_wild
/Volumes/KIOXIA/voxdata/in_the_wild/real/1057.wav,0,in_the_wild
/Volumes/KIOXIA/voxdata/in_the_wild/fake/10032.wav,1,in_the_wild
/Volumes/KIOXIA/voxdata/in_the_wild/fake/11218.wav,1,in_the_wild
/Volumes/KIOXIA/voxdata/in_the_wild/fake/10824.wav,1,in_the_wild
/Volumes/KIOXIA/voxdata/in_the_wild/fake/10358.wav,1,in_the_wild
/Volumes/KIOXIA/voxdata/in_the_wild/fake/8088.wav,1,in_the_wild
/Volumes/KIOXIA/voxdata/in_the_wild/fake/1015.wav,1,in_the_wild
/Volumes/KIOXIA/voxdata/in_the_wild/real/10836.wav,0,in_the_wild
/Volumes/KIOXIA/voxdata/in_the_wild/fake/21515.wav,1,in_the_wild
/Volumes/KIOXIA/voxdata/in_the_wild/real/28730.wav,0,in_the_wild
/Volumes/KIOXIA/voxdata/in_the_wild/real/16107.wav,0,in_the_wild
/Volumes/KIOXIA/voxdata/in_the_wild/real/6690.wav,0,in_the_wild
/Volumes/KIOXIA/voxdata/in_the_wild/real/21591.wav,0,in_the_wild
/Volumes/KIOXIA/voxdata/in_the_wild/real/14243.wav,0,in_the_wild
/Volumes/KIOXIA/voxdata/in_the_wild/fake/19877.wav,1,in_the_wild
/Volumes/KIOXIA/voxdata/in_the_wild/real/25769.wav,0,in_the_wild
/Volumes/KIOXIA/voxdata/in_the_wild/real/3384.wav,0,in_the_wild
/Volumes/KIOXIA/voxdata/in_the_wild/fake/12216.wav,1,in_the_wild
/Volumes/KIOXIA/voxdata/in_the_wild/fake/18661.wav,1,in_the_wild
/Volumes/KIOXIA/voxdata/in_the_wild/fake/25546.wav,1,in_the_wild
/Volumes/KIOXIA/voxdata/in_the_wild/fake/9843.wav,1,in_the_wild
/Volumes/KIOXIA/voxdata/in_the_wild/real/30037.wav,0,in_the_wild
/Volumes/KIOXIA/voxdata/in_the_wild/real/29161.wav,0,in_the_wild
/Volumes/KIOXIA/voxdata/in_the_wild/fake/20897.wav,1,in_the_wild
/Volumes/KIOXIA/voxdata/in_the_wild/real/27596.wav,0,in_the_wild
/Volumes/KIOXIA/voxdata/in_the_wild/real/6167.wav,0,in_the_wild
/Volumes/KIOXIA/voxdata/in_the_wild/real/3517.wav,0,in_the_wild
/Volumes/KIOXIA/voxdata/in_the_wild/fake/16258.wav,1,in_the_wild
/Volumes/KIOXIA/voxdata/in_the_wild/real/24533.wav,0,in_the_wild
/Volumes/KIOXIA/voxdata/in_the_wild/fake/21617.wav,1,in_the_wild
/Volumes/KIOXIA/voxdata/in_the_wild/real/13950.wav,0,in_the_wild
/Volumes/KIOXIA/voxdata/in_the_wild/real/31408.wav,0,in_the_wild
/Volumes/KIOXIA/voxdata/in_the_wild/real/18899.wav,0,in_the_wild
/Volumes/KIOXIA/voxdata/in_the_wild/fake/13836.wav,1,in_the_wild
/Volumes/KIOXIA/voxdata/in_the_wild/real/23565.wav,0,in_the_wild
/Volumes/KIOXIA/voxdata/in_the_wild/fake/17981.wav,1,in_the_wild
/Volumes/KIOXIA/voxdata/in_the_wild/fake/1389.wav,1,in_the_wild
/Volumes/KIOXIA/voxdata/in_the_wild/fake/12486.wav,1,in_the_wild
/Volumes/KIOXIA/voxdata/in_the_wild/fake/18443.wav,1,in_the_wild
/Volumes/KIOXIA/voxdata/in_the_wild/real/20793.wav,0,in_the_wild
/Volumes/KIOXIA/voxdata/in_the_wild/real/18833.wav,0,in_the_wild
/Volumes/KIOXIA/voxdata/in_the_wild/fake/6133.wav,1,in_the_wild
/Volumes/KIOXIA/voxdata/in_the_wild/fake/11945.wav,1,in_the_wild
/Volumes/KIOXIA/voxdata/in_the_wild/fake/22294.wav,1,in_the_wild
/Volumes/KIOXIA/voxdata/in_the_wild/real/10445.wav,0,in_the_wild
/Volumes/KIOXIA/voxdata/in_the_wild/fake/6926.wav,1,in_the_wild
/Volumes/KIOXIA/voxdata/in_the_wild/real/9518.wav,0,in_the_wild
/Volumes/KIOXIA/voxdata/in_the_wild/real/7275.wav,0,in_the_wild
/Volumes/KIOXIA/voxdata/in_the_wild/real/6882.wav,0,in_the_wild
/Volumes/KIOXIA/voxdata/in_the_wild/fake/15361.wav,1,in_the_wild
/Volumes/KIOXIA/voxdata/in_the_wild/real/8282.wav,0,in_the_wild
/Volumes/KIOXIA/voxdata/in_the_wild/real/28655.wav,0,in_the_wild
/Volumes/KIOXIA/voxdata/in_the_wild/fake/16877.wav,1,in_the_wild
/Volumes/KIOXIA/voxdata/in_the_wild/fake/13265.wav,1,in_the_wild
/Volumes/KIOXIA/voxdata/in_the_wild/real/22328.wav,0,in_the_wild
/Volumes/KIOXIA/voxdata/in_the_wild/real/9165.wav,0,in_the_wild
/Volumes/KIOXIA/voxdata/in_the_wild/fake/12878.wav,1,in_the_wild
/Volumes/KIOXIA/voxdata/in_the_wild/real/14436.wav,0,in_the_wild
/Volumes/KIOXIA/voxdata/in_the_wild/fake/15025.wav,1,in_the_wild
/Volumes/KIOXIA/voxdata/in_the_wild/real/27727.wav,0,in_the_wild
/Volumes/KIOXIA/voxdata/in_the_wild/real/17282.wav,0,in_the_wild
/Volumes/KIOXIA/voxdata/in_the_wild/fake/31296.wav,1,in_the_wild
/Volumes/KIOXIA/voxdata/in_the_wild/fake/2191.wav,1,in_the_wild
/Volumes/KIOXIA/voxdata/in_the_wild/fake/15327.wav,1,in_the_wild
/Volumes/KIOXIA/voxdata/in_the_wild/fake/3336.wav,1,in_the_wild
/Volumes/KIOXIA/voxdata/in_the_wild/fake/29885.wav,1,in_the_wild
/Volumes/KIOXIA/voxdata/in_the_wild/fake/2669.wav,1,in_the_wild
/Volumes/KIOXIA/voxdata/in_the_wild/real/4982.wav,0,in_the_wild
/Volumes/KIOXIA/voxdata/in_the_wild/real/30685.wav,0,in_the_wild
/Volumes/KIOXIA/voxdata/in_the_wild/real/28682.wav,0,in_the_wild
/Volumes/KIOXIA/voxdata/in_the_wild/fake/16495.wav,1,in_the_wild
/Volumes/KIOXIA/voxdata/in_the_wild/real/7596.wav,0,in_the_wild
/Volumes/KIOXIA/voxdata/in_the_wild/real/9146.wav,0,in_the_wild
/Volumes/KIOXIA/voxdata/in_the_wild/real/6181.wav,0,in_the_wild
/Volumes/KIOXIA/voxdata/in_the_wild/fake/19729.wav,1,in_the_wild
/Volumes/KIOXIA/voxdata/in_the_wild/real/7352.wav,0,in_the_wild
/Volumes/KIOXIA/voxdata/in_the_wild/fake/25068.wav,1,in_the_wild
/Volumes/KIOXIA/voxdata/in_the_wild/real/24404.wav,0,in_the_wild
/Volumes/KIOXIA/voxdata/in_the_wild/real/10802.wav,0,in_the_wild
/Volumes/KIOXIA/voxdata/in_the_wild/real/21205.wav,0,in_the_wild
/Volumes/KIOXIA/voxdata/in_the_wild/real/29361.wav,0,in_the_wild
/Volumes/KIOXIA/voxdata/in_the_wild/fake/20366.wav,1,in_the_wild
/Volumes/KIOXIA/voxdata/in_the_wild/real/8123.wav,0,in_the_wild
/Volumes/KIOXIA/voxdata/in_the_wild/fake/10633.wav,1,in_the_wild
/Volumes/KIOXIA/voxdata/in_the_wild/real/20884.wav,0,in_the_wild
/Volumes/KIOXIA/voxdata/in_the_wild/real/17045.wav,0,in_the_wild
/Volumes/KIOXIA/voxdata/in_the_wild/fake/5164.wav,1,in_the_wild
/Volumes/KIOXIA/voxdata/in_the_wild/fake/2342.wav,1,in_the_wild
/Volumes/KIOXIA/voxdata/in_the_wild/fake/29071.wav,1,in_the_wild
/Volumes/KIOXIA/voxdata/in_the_wild/fake/4084.wav,1,in_the_wild
/Volumes/KIOXIA/voxdata/in_the_wild/fake/7476.wav,1,in_the_wild
/Volumes/KIOXIA/voxdata/in_the_wild/fake/942.wav,1,in_the_wild
/Volumes/KIOXIA/voxdata/in_the_wild/real/22000.wav,0,in_the_wild
/Volumes/KIOXIA/voxdata/in_the_wild/fake/16957.wav,1,in_the_wild
/Volumes/KIOXIA/voxdata/in_the_wild/fake/18809.wav,1,in_the_wild
/Volumes/KIOXIA/voxdata/in_the_wild/real/14594.wav,0,in_the_wild
/Volumes/KIOXIA/voxdata/in_the_wild/fake/18031.wav,1,in_the_wild
/Volumes/KIOXIA/voxdata/in_the_wild/real/30935.wav,0,in_the_wild
/Volumes/KIOXIA/voxdata/in_the_wild/fake/840.wav,1,in_the_wild
/Volumes/KIOXIA/voxdata/in_the_wild/real/25290.wav,0,in_the_wild
/Volumes/KIOXIA/voxdata/in_the_wild/fake/25679.wav,1,in_the_wild
/Volumes/KIOXIA/voxdata/in_the_wild/real/9259.wav,0,in_the_wild
/Volumes/KIOXIA/voxdata/in_the_wild/real/3027.wav,0,in_the_wild
/Volumes/KIOXIA/voxdata/in_the_wild/fake/3129.wav,1,in_the_wild
/Volumes/KIOXIA/voxdata/in_the_wild/real/22043.wav,0,in_the_wild
/Volumes/KIOXIA/voxdata/in_the_wild/real/28014.wav,0,in_the_wild
/Volumes/KIOXIA/voxdata/in_the_wild/real/27883.wav,0,in_the_wild
/Volumes/KIOXIA/voxdata/in_the_wild/real/15011.wav,0,in_the_wild
/Volumes/KIOXIA/voxdata/in_the_wild/real/2285.wav,0,in_the_wild
/Volumes/KIOXIA/voxdata/in_the_wild/real/25364.wav,0,in_the_wild
/Volumes/KIOXIA/voxdata/in_the_wild/fake/12647.wav,1,in_the_wild
/Volumes/KIOXIA/voxdata/in_the_wild/real/9918.wav,0,in_the_wild
/Volumes/KIOXIA/voxdata/in_the_wild/real/29959.wav,0,in_the_wild
/Volumes/KIOXIA/voxdata/in_the_wild/real/15090.wav,0,in_the_wild
/Volumes/KIOXIA/voxdata/in_the_wild/fake/9309.wav,1,in_the_wild
/Volumes/KIOXIA/voxdata/in_the_wild/real/8318.wav,0,in_the_wild
/Volumes/KIOXIA/voxdata/in_the_wild/fake/27262.wav,1,in_the_wild
/Volumes/KIOXIA/voxdata/in_the_wild/fake/18610.wav,1,in_the_wild
/Volumes/KIOXIA/voxdata/in_the_wild/real/15252.wav,0,in_the_wild
/Volumes/KIOXIA/voxdata/in_the_wild/fake/14912.wav,1,in_the_wild
/Volumes/KIOXIA/voxdata/in_the_wild/fake/23008.wav,1,in_the_wild
/Volumes/KIOXIA/voxdata/in_the_wild/fake/21982.wav,1,in_the_wild
/Volumes/KIOXIA/voxdata/in_the_wild/fake/30559.wav,1,in_the_wild
/Volumes/KIOXIA/voxdata/in_the_wild/real/26008.wav,0,in_the_wild
/Volumes/KIOXIA/voxdata/in_the_wild/fake/25871.wav,1,in_the_wild
/Volumes/KIOXIA/voxdata/in_the_wild/fake/7972.wav,1,in_the_wild
/Volumes/KIOXIA/voxdata/in_the_wild/fake/19110.wav,1,in_the_wild
/Volumes/KIOXIA/voxdata/in_the_wild/fake/27795.wav,1,in_the_wild
/Volumes/KIOXIA/voxdata/in_the_wild/fake/25642.wav,1,in_the_wild
/Volumes/KIOXIA/voxdata/in_the_wild/fake/1452.wav,1,in_the_wild
/Volumes/KIOXIA/voxdata/in_the_wild/real/14554.wav,0,in_the_wild
/Volumes/KIOXIA/voxdata/in_the_wild/real/20394.wav,0,in_the_wild
/Volumes/KIOXIA/voxdata/in_the_wild/fake/20229.wav,1,in_the_wild
/Volumes/KIOXIA/voxdata/in_the_wild/real/12074.wav,0,in_the_wild
/Volumes/KIOXIA/voxdata/in_the_wild/real/24455.wav,0,in_the_wild
/Volumes/KIOXIA/voxdata/in_the_wild/real/21740.wav,0,in_the_wild
/Volumes/KIOXIA/voxdata/in_the_wild/fake/14328.wav,1,in_the_wild
/Volumes/KIOXIA/voxdata/in_the_wild/real/24097.wav,0,in_the_wild
/Volumes/KIOXIA/voxdata/in_the_wild/fake/29397.wav,1,in_the_wild
/Volumes/KIOXIA/voxdata/in_the_wild/real/16344.wav,0,in_the_wild
/Volumes/KIOXIA/voxdata/in_the_wild/fake/17876.wav,1,in_the_wild
/Volumes/KIOXIA/voxdata/in_the_wild/real/30170.wav,0,in_the_wild
/Volumes/KIOXIA/voxdata/in_the_wild/real/6742.wav,0,in_the_wild
/Volumes/KIOXIA/voxdata/in_the_wild/fake/853.wav,1,in_the_wild
/Volumes/KIOXIA/voxdata/in_the_wild/real/21188.wav,0,in_the_wild
/Volumes/KIOXIA/voxdata/in_the_wild/fake/6909.wav,1,in_the_wild
/Volumes/KIOXIA/voxdata/in_the_wild/real/30475.wav,0,in_the_wild
/Volumes/KIOXIA/voxdata/in_the_wild/fake/23434.wav,1,in_the_wild
/Volumes/KIOXIA/voxdata/in_the_wild/real/6024.wav,0,in_the_wild
/Volumes/KIOXIA/voxdata/in_the_wild/fake/12156.wav,1,in_the_wild
/Volumes/KIOXIA/voxdata/in_the_wild/real/26221.wav,0,in_the_wild
/Volumes/KIOXIA/voxdata/in_the_wild/real/6800.wav,0,in_the_wild
/Volumes/KIOXIA/voxdata/in_the_wild/fake/4457.wav,1,in_the_wild
/Volumes/KIOXIA/voxdata/in_the_wild/real/17323.wav,0,in_the_wild
/Volumes/KIOXIA/voxdata/in_the_wild/fake/19873.wav,1,in_the_wild
/Volumes/KIOXIA/voxdata/in_the_wild/real/10702.wav,0,in_the_wild
/Volumes/KIOXIA/voxdata/in_the_wild/fake/23840.wav,1,in_the_wild
/Volumes/KIOXIA/voxdata/in_the_wild/real/13884.wav,0,in_the_wild
/Volumes/KIOXIA/voxdata/in_the_wild/real/9845.wav,0,in_the_wild
/Volumes/KIOXIA/voxdata/in_the_wild/real/17617.wav,0,in_the_wild
/Volumes/KIOXIA/voxdata/in_the_wild/real/18577.wav,0,in_the_wild
/Volumes/KIOXIA/voxdata/in_the_wild/fake/5713.wav,1,in_the_wild
/Volumes/KIOXIA/voxdata/in_the_wild/real/25785.wav,0,in_the_wild
/Volumes/KIOXIA/voxdata/in_the_wild/real/258.wav,0,in_the_wild
/Volumes/KIOXIA/voxdata/in_the_wild/real/9571.wav,0,in_the_wild
/Volumes/KIOXIA/voxdata/in_the_wild/fake/22965.wav,1,in_the_wild
/Volumes/KIOXIA/voxdata/in_the_wild/real/7378.wav,0,in_the_wild
/Volumes/KIOXIA/voxdata/in_the_wild/fake/31078.wav,1,in_the_wild
/Volumes/KIOXIA/voxdata/in_the_wild/fake/15964.wav,1,in_the_wild
/Volumes/KIOXIA/voxdata/in_the_wild/fake/9158.wav,1,in_the_wild
/Volumes/KIOXIA/voxdata/in_the_wild/fake/24595.wav,1,in_the_wild
/Volumes/KIOXIA/voxdata/in_the_wild/fake/16846.wav,1,in_the_wild
/Volumes/KIOXIA/voxdata/in_the_wild/fake/16060.wav,1,in_the_wild
/Volumes/KIOXIA/voxdata/in_the_wild/real/16078.wav,0,in_the_wild
/Volumes/KIOXIA/voxdata/in_the_wild/real/22535.wav,0,in_the_wild
/Volumes/KIOXIA/voxdata/in_the_wild/real/2734.wav,0,in_the_wild
/Volumes/KIOXIA/voxdata/in_the_wild/fake/17625.wav,1,in_the_wild
/Volumes/KIOXIA/voxdata/in_the_wild/fake/21056.wav,1,in_the_wild
/Volumes/KIOXIA/voxdata/in_the_wild/fake/23022.wav,1,in_the_wild
/Volumes/KIOXIA/voxdata/in_the_wild/fake/22274.wav,1,in_the_wild
/Volumes/KIOXIA/voxdata/in_the_wild/fake/15006.wav,1,in_the_wild
/Volumes/KIOXIA/voxdata/in_the_wild/real/8560.wav,0,in_the_wild
/Volumes/KIOXIA/voxdata/in_the_wild/real/8234.wav,0,in_the_wild
/Volumes/KIOXIA/voxdata/in_the_wild/real/28833.wav,0,in_the_wild
/Volumes/KIOXIA/voxdata/in_the_wild/fake/1203.wav,1,in_the_wild
/Volumes/KIOXIA/voxdata/in_the_wild/real/4083.wav,0,in_the_wild
/Volumes/KIOXIA/voxdata/in_the_wild/real/1672.wav,0,in_the_wild
/Volumes/KIOXIA/voxdata/in_the_wild/fake/4749.wav,1,in_the_wild
/Volumes/KIOXIA/voxdata/in_the_wild/fake/17104.wav,1,in_the_wild
/Volumes/KIOXIA/voxdata/in_the_wild/real/7967.wav,0,in_the_wild
/Volumes/KIOXIA/voxdata/in_the_wild/real/7303.wav,0,in_the_wild
/Volumes/KIOXIA/voxdata/in_the_wild/fake/30218.wav,1,in_the_wild
/Volumes/KIOXIA/voxdata/in_the_wild/real/9449.wav,0,in_the_wild
/Volumes/KIOXIA/voxdata/in_the_wild/fake/24794.wav,1,in_the_wild
/Volumes/KIOXIA/voxdata/in_the_wild/real/21497.wav,0,in_the_wild
/Volumes/KIOXIA/voxdata/in_the_wild/fake/8654.wav,1,in_the_wild
/Volumes/KIOXIA/voxdata/in_the_wild/fake/30738.wav,1,in_the_wild
/Volumes/KIOXIA/voxdata/in_the_wild/fake/22080.wav,1,in_the_wild
/Volumes/KIOXIA/voxdata/in_the_wild/fake/1610.wav,1,in_the_wild
/Volumes/KIOXIA/voxdata/in_the_wild/fake/17751.wav,1,in_the_wild
/Volumes/KIOXIA/voxdata/in_the_wild/real/6015.wav,0,in_the_wild
/Volumes/KIOXIA/voxdata/in_the_wild/fake/29651.wav,1,in_the_wild
/Volumes/KIOXIA/voxdata/in_the_wild/fake/29934.wav,1,in_the_wild
/Volumes/KIOXIA/voxdata/in_the_wild/fake/10700.wav,1,in_the_wild
/Volumes/KIOXIA/voxdata/in_the_wild/real/12996.wav,0,in_the_wild
/Volumes/KIOXIA/voxdata/in_the_wild/real/25279.wav,0,in_the_wild
/Volumes/KIOXIA/voxdata/in_the_wild/fake/15954.wav,1,in_the_wild
/Volumes/KIOXIA/voxdata/in_the_wild/real/11419.wav,0,in_the_wild
/Volumes/KIOXIA/voxdata/in_the_wild/fake/8241.wav,1,in_the_wild
/Volumes/KIOXIA/voxdata/in_the_wild/real/2999.wav,0,in_the_wild
/Volumes/KIOXIA/voxdata/in_the_wild/fake/20401.wav,1,in_the_wild
/Volumes/KIOXIA/voxdata/in_the_wild/real/10441.wav,0,in_the_wild
/Volumes/KIOXIA/voxdata/in_the_wild/fake/26131.wav,1,in_the_wild
/Volumes/KIOXIA/voxdata/in_the_wild/fake/24865.wav,1,in_the_wild
/Volumes/KIOXIA/voxdata/in_the_wild/real/22870.wav,0,in_the_wild
/Volumes/KIOXIA/voxdata/in_the_wild/real/7475.wav,0,in_the_wild
/Volumes/KIOXIA/voxdata/in_the_wild/real/13831.wav,0,in_the_wild
/Volumes/KIOXIA/voxdata/in_the_wild/real/20589.wav,0,in_the_wild
/Volumes/KIOXIA/voxdata/in_the_wild/real/31509.wav,0,in_the_wild
/Volumes/KIOXIA/voxdata/in_the_wild/fake/9593.wav,1,in_the_wild
/Volumes/KIOXIA/voxdata/in_the_wild/fake/9678.wav,1,in_the_wild
/Volumes/KIOXIA/voxdata/in_the_wild/real/23464.wav,0,in_the_wild
/Volumes/KIOXIA/voxdata/in_the_wild/real/5598.wav,0,in_the_wild
/Volumes/KIOXIA/voxdata/in_the_wild/fake/24098.wav,1,in_the_wild
/Volumes/KIOXIA/voxdata/in_the_wild/real/7602.wav,0,in_the_wild
/Volumes/KIOXIA/voxdata/in_the_wild/fake/15935.wav,1,in_the_wild
/Volumes/KIOXIA/voxdata/in_the_wild/real/13723.wav,0,in_the_wild
/Volumes/KIOXIA/voxdata/in_the_wild/real/24894.wav,0,in_the_wild
/Volumes/KIOXIA/voxdata/in_the_wild/real/7400.wav,0,in_the_wild
/Volumes/KIOXIA/voxdata/in_the_wild/real/4049.wav,0,in_the_wild
/Volumes/KIOXIA/voxdata/in_the_wild/fake/19207.wav,1,in_the_wild
/Volumes/KIOXIA/voxdata/in_the_wild/fake/30722.wav,1,in_the_wild
/Volumes/KIOXIA/voxdata/in_the_wild/real/8381.wav,0,in_the_wild
/Volumes/KIOXIA/voxdata/in_the_wild/real/16937.wav,0,in_the_wild
/Volumes/KIOXIA/voxdata/in_the_wild/real/7987.wav,0,in_the_wild
/Volumes/KIOXIA/voxdata/in_the_wild/real/19225.wav,0,in_the_wild
/Volumes/KIOXIA/voxdata/in_the_wild/real/17199.wav,0,in_the_wild
/Volumes/KIOXIA/voxdata/in_the_wild/real/13989.wav,0,in_the_wild
/Volumes/KIOXIA/voxdata/in_the_wild/fake/15432.wav,1,in_the_wild
/Volumes/KIOXIA/voxdata/in_the_wild/real/355.wav,0,in_the_wild
/Volumes/KIOXIA/voxdata/in_the_wild/real/3602.wav,0,in_the_wild
/Volumes/KIOXIA/voxdata/in_the_wild/fake/12593.wav,1,in_the_wild
/Volumes/KIOXIA/voxdata/in_the_wild/fake/20539.wav,1,in_the_wild
/Volumes/KIOXIA/voxdata/in_the_wild/fake/9828.wav,1,in_the_wild
/Volumes/KIOXIA/voxdata/in_the_wild/fake/12555.wav,1,in_the_wild
/Volumes/KIOXIA/voxdata/in_the_wild/real/31774.wav,0,in_the_wild
/Volumes/KIOXIA/voxdata/in_the_wild/fake/18368.wav,1,in_the_wild
/Volumes/KIOXIA/voxdata/in_the_wild/fake/17238.wav,1,in_the_wild
/Volumes/KIOXIA/voxdata/in_the_wild/real/25723.wav,0,in_the_wild
/Volumes/KIOXIA/voxdata/in_the_wild/real/26438.wav,0,in_the_wild
/Volumes/KIOXIA/voxdata/in_the_wild/fake/2865.wav,1,in_the_wild
/Volumes/KIOXIA/voxdata/in_the_wild/real/23805.wav,0,in_the_wild
/Volumes/KIOXIA/voxdata/in_the_wild/fake/29299.wav,1,in_the_wild
/Volumes/KIOXIA/voxdata/in_the_wild/real/3099.wav,0,in_the_wild
/Volumes/KIOXIA/voxdata/in_the_wild/fake/30054.wav,1,in_the_wild
/Volumes/KIOXIA/voxdata/in_the_wild/real/12442.wav,0,in_the_wild
/Volumes/KIOXIA/voxdata/in_the_wild/real/14606.wav,0,in_the_wild
/Volumes/KIOXIA/voxdata/in_the_wild/fake/24806.wav,1,in_the_wild
/Volumes/KIOXIA/voxdata/in_the_wild/real/7441.wav,0,in_the_wild
/Volumes/KIOXIA/voxdata/in_the_wild/real/24338.wav,0,in_the_wild
/Volumes/KIOXIA/voxdata/in_the_wild/fake/5260.wav,1,in_the_wild
/Volumes/KIOXIA/voxdata/in_the_wild/real/25896.wav,0,in_the_wild
/Volumes/KIOXIA/voxdata/in_the_wild/fake/9405.wav,1,in_the_wild
/Volumes/KIOXIA/voxdata/in_the_wild/fake/23490.wav,1,in_the_wild
/Volumes/KIOXIA/voxdata/in_the_wild/fake/13995.wav,1,in_the_wild
/Volumes/KIOXIA/voxdata/in_the_wild/real/28566.wav,0,in_the_wild
/Volumes/KIOXIA/voxdata/in_the_wild/fake/9473.wav,1,in_the_wild
/Volumes/KIOXIA/voxdata/in_the_wild/fake/15271.wav,1,in_the_wild
/Volumes/KIOXIA/voxdata/in_the_wild/real/31708.wav,0,in_the_wild
/Volumes/KIOXIA/voxdata/in_the_wild/fake/10400.wav,1,in_the_wild
/Volumes/KIOXIA/voxdata/in_the_wild/fake/24077.wav,1,in_the_wild
/Volumes/KIOXIA/voxdata/in_the_wild/real/15819.wav,0,in_the_wild
/Volumes/KIOXIA/voxdata/in_the_wild/fake/13882.wav,1,in_the_wild
/Volumes/KIOXIA/voxdata/in_the_wild/real/21909.wav,0,in_the_wild
/Volumes/KIOXIA/voxdata/in_the_wild/fake/29879.wav,1,in_the_wild
/Volumes/KIOXIA/voxdata/in_the_wild/fake/7236.wav,1,in_the_wild
/Volumes/KIOXIA/voxdata/in_the_wild/real/3488.wav,0,in_the_wild
/Volumes/KIOXIA/voxdata/in_the_wild/real/13551.wav,0,in_the_wild
/Volumes/KIOXIA/voxdata/in_the_wild/real/30448.wav,0,in_the_wild
/Volumes/KIOXIA/voxdata/in_the_wild/fake/29162.wav,1,in_the_wild
/Volumes/KIOXIA/voxdata/in_the_wild/real/789.wav,0,in_the_wild
/Volumes/KIOXIA/voxdata/in_the_wild/real/25058.wav,0,in_the_wild
/Volumes/KIOXIA/voxdata/in_the_wild/fake/422.wav,1,in_the_wild
/Volumes/KIOXIA/voxdata/in_the_wild/real/13046.wav,0,in_the_wild
/Volumes/KIOXIA/voxdata/in_the_wild/fake/12906.wav,1,in_the_wild
/Volumes/KIOXIA/voxdata/in_the_wild/real/19544.wav,0,in_the_wild
/Volumes/KIOXIA/voxdata/in_the_wild/real/14900.wav,0,in_the_wild
/Volumes/KIOXIA/voxdata/in_the_wild/fake/8680.wav,1,in_the_wild
/Volumes/KIOXIA/voxdata/in_the_wild/fake/14677.wav,1,in_the_wild
/Volumes/KIOXIA/voxdata/in_the_wild/fake/21044.wav,1,in_the_wild
/Volumes/KIOXIA/voxdata/in_the_wild/fake/28932.wav,1,in_the_wild
/Volumes/KIOXIA/voxdata/in_the_wild/real/4142.wav,0,in_the_wild
/Volumes/KIOXIA/voxdata/in_the_wild/real/26152.wav,0,in_the_wild
/Volumes/KIOXIA/voxdata/in_the_wild/fake/31378.wav,1,in_the_wild
/Volumes/KIOXIA/voxdata/in_the_wild/real/10628.wav,0,in_the_wild
/Volumes/KIOXIA/voxdata/in_the_wild/real/19436.wav,0,in_the_wild
/Volumes/KIOXIA/voxdata/in_the_wild/real/4318.wav,0,in_the_wild
/Volumes/KIOXIA/voxdata/in_the_wild/real/18391.wav,0,in_the_wild
/Volumes/KIOXIA/voxdata/in_the_wild/fake/655.wav,1,in_the_wild
/Volumes/KIOXIA/voxdata/in_the_wild/fake/30415.wav,1,in_the_wild
/Volumes/KIOXIA/voxdata/in_the_wild/real/15645.wav,0,in_the_wild
/Volumes/KIOXIA/voxdata/in_the_wild/real/30035.wav,0,in_the_wild
/Volumes/KIOXIA/voxdata/in_the_wild/fake/29326.wav,1,in_the_wild
/Volumes/KIOXIA/voxdata/in_the_wild/fake/12005.wav,1,in_the_wild
/Volumes/KIOXIA/voxdata/in_the_wild/fake/26455.wav,1,in_the_wild
/Volumes/KIOXIA/voxdata/in_the_wild/real/1102.wav,0,in_the_wild
/Volumes/KIOXIA/voxdata/in_the_wild/fake/29982.wav,1,in_the_wild
/Volumes/KIOXIA/voxdata/in_the_wild/real/11698.wav,0,in_the_wild
/Volumes/KIOXIA/voxdata/in_the_wild/fake/3227.wav,1,in_the_wild
/Volumes/KIOXIA/voxdata/in_the_wild/fake/5172.wav,1,in_the_wild
/Volumes/KIOXIA/voxdata/in_the_wild/real/28450.wav,0,in_the_wild
/Volumes/KIOXIA/voxdata/in_the_wild/real/6073.wav,0,in_the_wild
/Volumes/KIOXIA/voxdata/in_the_wild/fake/22253.wav,1,in_the_wild
/Volumes/KIOXIA/voxdata/in_the_wild/real/10336.wav,0,in_the_wild
/Volumes/KIOXIA/voxdata/in_the_wild/fake/8288.wav,1,in_the_wild
/Volumes/KIOXIA/voxdata/in_the_wild/fake/25098.wav,1,in_the_wild
/Volumes/KIOXIA/voxdata/in_the_wild/real/11238.wav,0,in_the_wild
/Volumes/KIOXIA/voxdata/in_the_wild/fake/31356.wav,1,in_the_wild
/Volumes/KIOXIA/voxdata/in_the_wild/fake/8634.wav,1,in_the_wild
/Volumes/KIOXIA/voxdata/in_the_wild/fake/4325.wav,1,in_the_wild
/Volumes/KIOXIA/voxdata/in_the_wild/real/24383.wav,0,in_the_wild
/Volumes/KIOXIA/voxdata/in_the_wild/fake/28570.wav,1,in_the_wild
/Volumes/KIOXIA/voxdata/in_the_wild/real/4370.wav,0,in_the_wild
/Volumes/KIOXIA/voxdata/in_the_wild/real/29935.wav,0,in_the_wild
/Volumes/KIOXIA/voxdata/in_the_wild/real/4479.wav,0,in_the_wild
/Volumes/KIOXIA/voxdata/in_the_wild/real/15618.wav,0,in_the_wild
/Volumes/KIOXIA/voxdata/in_the_wild/real/1174.wav,0,in_the_wild
/Volumes/KIOXIA/voxdata/in_the_wild/real/992.wav,0,in_the_wild
/Volumes/KIOXIA/voxdata/in_the_wild/fake/12075.wav,1,in_the_wild
/Volumes/KIOXIA/voxdata/in_the_wild/fake/23018.wav,1,in_the_wild
/Volumes/KIOXIA/voxdata/in_the_wild/real/17041.wav,0,in_the_wild
/Volumes/KIOXIA/voxdata/in_the_wild/real/30983.wav,0,in_the_wild
/Volumes/KIOXIA/voxdata/in_the_wild/fake/3827.wav,1,in_the_wild
/Volumes/KIOXIA/voxdata/in_the_wild/fake/3668.wav,1,in_the_wild
/Volumes/KIOXIA/voxdata/in_the_wild/fake/10544.wav,1,in_the_wild
/Volumes/KIOXIA/voxdata/in_the_wild/fake/11006.wav,1,in_the_wild
/Volumes/KIOXIA/voxdata/in_the_wild/fake/9354.wav,1,in_the_wild
/Volumes/KIOXIA/voxdata/in_the_wild/real/22389.wav,0,in_the_wild
/Volumes/KIOXIA/voxdata/in_the_wild/real/15264.wav,0,in_the_wild
/Volumes/KIOXIA/voxdata/in_the_wild/fake/13448.wav,1,in_the_wild
/Volumes/KIOXIA/voxdata/in_the_wild/real/16143.wav,0,in_the_wild
/Volumes/KIOXIA/voxdata/in_the_wild/real/25611.wav,0,in_the_wild
/Volumes/KIOXIA/voxdata/in_the_wild/fake/16520.wav,1,in_the_wild
/Volumes/KIOXIA/voxdata/in_the_wild/fake/13342.wav,1,in_the_wild
/Volumes/KIOXIA/voxdata/in_the_wild/real/21203.wav,0,in_the_wild
/Volumes/KIOXIA/voxdata/in_the_wild/fake/9913.wav,1,in_the_wild
/Volumes/KIOXIA/voxdata/in_the_wild/fake/5057.wav,1,in_the_wild
/Volumes/KIOXIA/voxdata/in_the_wild/real/9104.wav,0,in_the_wild
/Volumes/KIOXIA/voxdata/in_the_wild/real/945.wav,0,in_the_wild
/Volumes/KIOXIA/voxdata/in_the_wild/real/1147.wav,0,in_the_wild
/Volumes/KIOXIA/voxdata/in_the_wild/real/16327.wav,0,in_the_wild
/Volumes/KIOXIA/voxdata/in_the_wild/real/16767.wav,0,in_the_wild
/Volumes/KIOXIA/voxdata/in_the_wild/fake/19538.wav,1,in_the_wild
/Volumes/KIOXIA/voxdata/in_the_wild/real/6379.wav,0,in_the_wild
/Volumes/KIOXIA/voxdata/in_the_wild/fake/24112.wav,1,in_the_wild
/Volumes/KIOXIA/voxdata/in_the_wild/fake/1252.wav,1,in_the_wild
/Volumes/KIOXIA/voxdata/in_the_wild/fake/21654.wav,1,in_the_wild
/Volumes/KIOXIA/voxdata/in_the_wild/fake/26839.wav,1,in_the_wild
/Volumes/KIOXIA/voxdata/in_the_wild/fake/24084.wav,1,in_the_wild
/Volumes/KIOXIA/voxdata/in_the_wild/real/25825.wav,0,in_the_wild
/Volumes/KIOXIA/voxdata/in_the_wild/fake/11711.wav,1,in_the_wild
/Volumes/KIOXIA/voxdata/in_the_wild/real/2015.wav,0,in_the_wild
/Volumes/KIOXIA/voxdata/in_the_wild/real/19048.wav,0,in_the_wild
/Volumes/KIOXIA/voxdata/in_the_wild/real/5976.wav,0,in_the_wild
/Volumes/KIOXIA/voxdata/in_the_wild/real/22018.wav,0,in_the_wild
/Volumes/KIOXIA/voxdata/in_the_wild/real/15588.wav,0,in_the_wild
/Volumes/KIOXIA/voxdata/in_the_wild/real/5886.wav,0,in_the_wild
/Volumes/KIOXIA/voxdata/in_the_wild/real/4054.wav,0,in_the_wild
/Volumes/KIOXIA/voxdata/in_the_wild/real/2776.wav,0,in_the_wild
/Volumes/KIOXIA/voxdata/in_the_wild/real/10866.wav,0,in_the_wild
/Volumes/KIOXIA/voxdata/in_the_wild/real/2343.wav,0,in_the_wild
/Volumes/KIOXIA/voxdata/in_the_wild/real/12429.wav,0,in_the_wild
/Volumes/KIOXIA/voxdata/in_the_wild/fake/5491.wav,1,in_the_wild
/Volumes/KIOXIA/voxdata/in_the_wild/fake/14114.wav,1,in_the_wild
/Volumes/KIOXIA/voxdata/in_the_wild/fake/19846.wav,1,in_the_wild
/Volumes/KIOXIA/voxdata/in_the_wild/real/24424.wav,0,in_the_wild
/Volumes/KIOXIA/voxdata/in_the_wild/fake/11134.wav,1,in_the_wild
/Volumes/KIOXIA/voxdata/in_the_wild/real/7888.wav,0,in_the_wild
/Volumes/KIOXIA/voxdata/in_the_wild/fake/30628.wav,1,in_the_wild
/Volumes/KIOXIA/voxdata/in_the_wild/real/28820.wav,0,in_the_wild
/Volumes/KIOXIA/voxdata/in_the_wild/real/14509.wav,0,in_the_wild
/Volumes/KIOXIA/voxdata/in_the_wild/real/628.wav,0,in_the_wild
/Volumes/KIOXIA/voxdata/in_the_wild/fake/17399.wav,1,in_the_wild
/Volumes/KIOXIA/voxdata/in_the_wild/fake/8196.wav,1,in_the_wild
/Volumes/KIOXIA/voxdata/in_the_wild/real/30573.wav,0,in_the_wild
/Volumes/KIOXIA/voxdata/in_the_wild/fake/28993.wav,1,in_the_wild
/Volumes/KIOXIA/voxdata/in_the_wild/real/27874.wav,0,in_the_wild
/Volumes/KIOXIA/voxdata/in_the_wild/fake/19298.wav,1,in_the_wild
/Volumes/KIOXIA/voxdata/in_the_wild/real/21784.wav,0,in_the_wild
/Volumes/KIOXIA/voxdata/in_the_wild/fake/7973.wav,1,in_the_wild
/Volumes/KIOXIA/voxdata/in_the_wild/fake/9810.wav,1,in_the_wild
/Volumes/KIOXIA/voxdata/in_the_wild/fake/14458.wav,1,in_the_wild
/Volumes/KIOXIA/voxdata/in_the_wild/real/21422.wav,0,in_the_wild
/Volumes/KIOXIA/voxdata/in_the_wild/fake/12235.wav,1,in_the_wild
/Volumes/KIOXIA/voxdata/in_the_wild/fake/2030.wav,1,in_the_wild
/Volumes/KIOXIA/voxdata/in_the_wild/real/29951.wav,0,in_the_wild
/Volumes/KIOXIA/voxdata/in_the_wild/fake/6604.wav,1,in_the_wild
/Volumes/KIOXIA/voxdata/in_the_wild/real/23414.wav,0,in_the_wild
/Volumes/KIOXIA/voxdata/in_the_wild/fake/31755.wav,1,in_the_wild
/Volumes/KIOXIA/voxdata/in_the_wild/fake/4072.wav,1,in_the_wild
/Volumes/KIOXIA/voxdata/in_the_wild/real/19691.wav,0,in_the_wild
/Volumes/KIOXIA/voxdata/in_the_wild/real/4214.wav,0,in_the_wild
/Volumes/KIOXIA/voxdata/in_the_wild/fake/2525.wav,1,in_the_wild
/Volumes/KIOXIA/voxdata/in_the_wild/fake/14945.wav,1,in_the_wild
/Volumes/KIOXIA/voxdata/in_the_wild/real/24705.wav,0,in_the_wild
/Volumes/KIOXIA/voxdata/in_the_wild/fake/24976.wav,1,in_the_wild
/Volumes/KIOXIA/voxdata/in_the_wild/real/28563.wav,0,in_the_wild
/Volumes/KIOXIA/voxdata/in_the_wild/real/25973.wav,0,in_the_wild
/Volumes/KIOXIA/voxdata/in_the_wild/real/24577.wav,0,in_the_wild
/Volumes/KIOXIA/voxdata/in_the_wild/fake/2137.wav,1,in_the_wild
/Volumes/KIOXIA/voxdata/in_the_wild/fake/21342.wav,1,in_the_wild
/Volumes/KIOXIA/voxdata/in_the_wild/fake/21980.wav,1,in_the_wild
/Volumes/KIOXIA/voxdata/in_the_wild/fake/24947.wav,1,in_the_wild
/Volumes/KIOXIA/voxdata/in_the_wild/real/18531.wav,0,in_the_wild
/Volumes/KIOXIA/voxdata/in_the_wild/real/16239.wav,0,in_the_wild
/Volumes/KIOXIA/voxdata/in_the_wild/fake/9071.wav,1,in_the_wild
/Volumes/KIOXIA/voxdata/in_the_wild/fake/24150.wav,1,in_the_wild
/Volumes/KIOXIA/voxdata/in_the_wild/fake/23241.wav,1,in_the_wild
/Volumes/KIOXIA/voxdata/in_the_wild/real/30474.wav,0,in_the_wild
/Volumes/KIOXIA/voxdata/in_the_wild/fake/31490.wav,1,in_the_wild
/Volumes/KIOXIA/voxdata/in_the_wild/fake/8574.wav,1,in_the_wild
/Volumes/KIOXIA/voxdata/in_the_wild/real/15098.wav,0,in_the_wild
/Volumes/KIOXIA/voxdata/in_the_wild/real/9226.wav,0,in_the_wild
/Volumes/KIOXIA/voxdata/in_the_wild/fake/17671.wav,1,in_the_wild
/Volumes/KIOXIA/voxdata/in_the_wild/real/26485.wav,0,in_the_wild
/Volumes/KIOXIA/voxdata/in_the_wild/real/27994.wav,0,in_the_wild
/Volumes/KIOXIA/voxdata/in_the_wild/real/21579.wav,0,in_the_wild
/Volumes/KIOXIA/voxdata/in_the_wild/real/24905.wav,0,in_the_wild
/Volumes/KIOXIA/voxdata/in_the_wild/real/25345.wav,0,in_the_wild
/Volumes/KIOXIA/voxdata/in_the_wild/real/14544.wav,0,in_the_wild
/Volumes/KIOXIA/voxdata/in_the_wild/fake/26380.wav,1,in_the_wild
/Volumes/KIOXIA/voxdata/in_the_wild/real/21156.wav,0,in_the_wild
/Volumes/KIOXIA/voxdata/in_the_wild/fake/14831.wav,1,in_the_wild
/Volumes/KIOXIA/voxdata/in_the_wild/real/10154.wav,0,in_the_wild
/Volumes/KIOXIA/voxdata/in_the_wild/fake/23738.wav,1,in_the_wild
/Volumes/KIOXIA/voxdata/in_the_wild/fake/10877.wav,1,in_the_wild
/Volumes/KIOXIA/voxdata/in_the_wild/real/9654.wav,0,in_the_wild
/Volumes/KIOXIA/voxdata/in_the_wild/fake/4870.wav,1,in_the_wild
/Volumes/KIOXIA/voxdata/in_the_wild/fake/567.wav,1,in_the_wild
/Volumes/KIOXIA/voxdata/in_the_wild/real/8009.wav,0,in_the_wild
/Volumes/KIOXIA/voxdata/in_the_wild/fake/18461.wav,1,in_the_wild
/Volumes/KIOXIA/voxdata/in_the_wild/fake/23870.wav,1,in_the_wild
/Volumes/KIOXIA/voxdata/in_the_wild/fake/12848.wav,1,in_the_wild
/Volumes/KIOXIA/voxdata/in_the_wild/fake/22543.wav,1,in_the_wild
/Volumes/KIOXIA/voxdata/in_the_wild/real/5954.wav,0,in_the_wild
/Volumes/KIOXIA/voxdata/in_the_wild/fake/12103.wav,1,in_the_wild
/Volumes/KIOXIA/voxdata/in_the_wild/fake/13636.wav,1,in_the_wild
/Volumes/KIOXIA/voxdata/in_the_wild/real/15351.wav,0,in_the_wild
/Volumes/KIOXIA/voxdata/in_the_wild/real/17407.wav,0,in_the_wild
/Volumes/KIOXIA/voxdata/in_the_wild/real/19922.wav,0,in_the_wild
/Volumes/KIOXIA/voxdata/in_the_wild/real/13100.wav,0,in_the_wild
/Volumes/KIOXIA/voxdata/in_the_wild/fake/31205.wav,1,in_the_wild
/Volumes/KIOXIA/voxdata/in_the_wild/real/24952.wav,0,in_the_wild
/Volumes/KIOXIA/voxdata/in_the_wild/fake/1674.wav,1,in_the_wild
/Volumes/KIOXIA/voxdata/in_the_wild/real/19642.wav,0,in_the_wild
/Volumes/KIOXIA/voxdata/in_the_wild/real/12518.wav,0,in_the_wild
/Volumes/KIOXIA/voxdata/in_the_wild/fake/12834.wav,1,in_the_wild
/Volumes/KIOXIA/voxdata/in_the_wild/real/7299.wav,0,in_the_wild
/Volumes/KIOXIA/voxdata/in_the_wild/fake/4913.wav,1,in_the_wild
/Volumes/KIOXIA/voxdata/in_the_wild/fake/8796.wav,1,in_the_wild
/Volumes/KIOXIA/voxdata/in_the_wild/fake/26712.wav,1,in_the_wild
/Volumes/KIOXIA/voxdata/in_the_wild/fake/16038.wav,1,in_the_wild
/Volumes/KIOXIA/voxdata/in_the_wild/real/25459.wav,0,in_the_wild
/Volumes/KIOXIA/voxdata/in_the_wild/real/6049.wav,0,in_the_wild
/Volumes/KIOXIA/voxdata/in_the_wild/fake/20338.wav,1,in_the_wild
/Volumes/KIOXIA/voxdata/in_the_wild/real/9863.wav,0,in_the_wild
/Volumes/KIOXIA/voxdata/in_the_wild/real/12690.wav,0,in_the_wild
/Volumes/KIOXIA/voxdata/in_the_wild/real/31431.wav,0,in_the_wild
/Volumes/KIOXIA/voxdata/in_the_wild/real/16860.wav,0,in_the_wild
/Volumes/KIOXIA/voxdata/in_the_wild/real/11362.wav,0,in_the_wild
/Volumes/KIOXIA/voxdata/in_the_wild/fake/30728.wav,1,in_the_wild
/Volumes/KIOXIA/voxdata/in_the_wild/fake/1092.wav,1,in_the_wild
/Volumes/KIOXIA/voxdata/in_the_wild/fake/6563.wav,1,in_the_wild
/Volumes/KIOXIA/voxdata/in_the_wild/real/3925.wav,0,in_the_wild
/Volumes/KIOXIA/voxdata/in_the_wild/fake/8489.wav,1,in_the_wild
/Volumes/KIOXIA/voxdata/in_the_wild/fake/4015.wav,1,in_the_wild
/Volumes/KIOXIA/voxdata/in_the_wild/real/12954.wav,0,in_the_wild
/Volumes/KIOXIA/voxdata/in_the_wild/fake/23680.wav,1,in_the_wild
/Volumes/KIOXIA/voxdata/in_the_wild/real/30276.wav,0,in_the_wild
/Volumes/KIOXIA/voxdata/in_the_wild/fake/8283.wav,1,in_the_wild
/Volumes/KIOXIA/voxdata/in_the_wild/real/17933.wav,0,in_the_wild
/Volumes/KIOXIA/voxdata/in_the_wild/fake/20586.wav,1,in_the_wild
/Volumes/KIOXIA/voxdata/in_the_wild/fake/1017.wav,1,in_the_wild
/Volumes/KIOXIA/voxdata/in_the_wild/fake/22876.wav,1,in_the_wild
/Volumes/KIOXIA/voxdata/in_the_wild/fake/6964.wav,1,in_the_wild
/Volumes/KIOXIA/voxdata/in_the_wild/real/12408.wav,0,in_the_wild
/Volumes/KIOXIA/voxdata/in_the_wild/fake/24163.wav,1,in_the_wild
/Volumes/KIOXIA/voxdata/in_the_wild/real/6966.wav,0,in_the_wild
/Volumes/KIOXIA/voxdata/in_the_wild/real/30978.wav,0,in_the_wild
/Volumes/KIOXIA/voxdata/in_the_wild/real/9349.wav,0,in_the_wild
/Volumes/KIOXIA/voxdata/in_the_wild/real/5123.wav,0,in_the_wild
/Volumes/KIOXIA/voxdata/in_the_wild/fake/403.wav,1,in_the_wild
/Volumes/KIOXIA/voxdata/in_the_wild/fake/8834.wav,1,in_the_wild
/Volumes/KIOXIA/voxdata/in_the_wild/fake/22063.wav,1,in_the_wild
/Volumes/KIOXIA/voxdata/in_the_wild/fake/19737.wav,1,in_the_wild
/Volumes/KIOXIA/voxdata/in_the_wild/fake/9112.wav,1,in_the_wild
/Volumes/KIOXIA/voxdata/in_the_wild/real/16123.wav,0,in_the_wild
/Volumes/KIOXIA/voxdata/in_the_wild/fake/17582.wav,1,in_the_wild
/Volumes/KIOXIA/voxdata/in_the_wild/real/12713.wav,0,in_the_wild
/Volumes/KIOXIA/voxdata/in_the_wild/real/6861.wav,0,in_the_wild
/Volumes/KIOXIA/voxdata/in_the_wild/real/26623.wav,0,in_the_wild
/Volumes/KIOXIA/voxdata/in_the_wild/real/11850.wav,0,in_the_wild
/Volumes/KIOXIA/voxdata/in_the_wild/real/10507.wav,0,in_the_wild
/Volumes/KIOXIA/voxdata/in_the_wild/real/28397.wav,0,in_the_wild
/Volumes/KIOXIA/voxdata/in_the_wild/real/22468.wav,0,in_the_wild
/Volumes/KIOXIA/voxdata/in_the_wild/real/30194.wav,0,in_the_wild
/Volumes/KIOXIA/voxdata/in_the_wild/real/11757.wav,0,in_the_wild
/Volumes/KIOXIA/voxdata/in_the_wild/fake/30456.wav,1,in_the_wild
/Volumes/KIOXIA/voxdata/in_the_wild/fake/8649.wav,1,in_the_wild
/Volumes/KIOXIA/voxdata/in_the_wild/fake/5350.wav,1,in_the_wild
/Volumes/KIOXIA/voxdata/in_the_wild/real/12730.wav,0,in_the_wild
/Volumes/KIOXIA/voxdata/in_the_wild/fake/275.wav,1,in_the_wild
/Volumes/KIOXIA/voxdata/in_the_wild/real/3546.wav,0,in_the_wild
/Volumes/KIOXIA/voxdata/in_the_wild/real/15610.wav,0,in_the_wild
/Volumes/KIOXIA/voxdata/in_the_wild/fake/25336.wav,1,in_the_wild
/Volumes/KIOXIA/voxdata/in_the_wild/fake/24461.wav,1,in_the_wild
/Volumes/KIOXIA/voxdata/in_the_wild/real/17204.wav,0,in_the_wild
/Volumes/KIOXIA/voxdata/in_the_wild/fake/4031.wav,1,in_the_wild
/Volumes/KIOXIA/voxdata/in_the_wild/fake/967.wav,1,in_the_wild
/Volumes/KIOXIA/voxdata/in_the_wild/fake/19727.wav,1,in_the_wild
/Volumes/KIOXIA/voxdata/in_the_wild/real/3769.wav,0,in_the_wild
/Volumes/KIOXIA/voxdata/in_the_wild/real/27678.wav,0,in_the_wild
/Volumes/KIOXIA/voxdata/in_the_wild/real/27736.wav,0,in_the_wild
/Volumes/KIOXIA/voxdata/in_the_wild/real/26612.wav,0,in_the_wild
/Volumes/KIOXIA/voxdata/in_the_wild/real/5351.wav,0,in_the_wild
/Volumes/KIOXIA/voxdata/in_the_wild/fake/16407.wav,1,in_the_wild
/Volumes/KIOXIA/voxdata/in_the_wild/real/29141.wav,0,in_the_wild
/Volumes/KIOXIA/voxdata/in_the_wild/fake/17630.wav,1,in_the_wild
/Volumes/KIOXIA/voxdata/in_the_wild/fake/20979.wav,1,in_the_wild
/Volumes/KIOXIA/voxdata/in_the_wild/real/28924.wav,0,in_the_wild
/Volumes/KIOXIA/voxdata/in_the_wild/fake/20524.wav,1,in_the_wild
/Volumes/KIOXIA/voxdata/in_the_wild/real/26391.wav,0,in_the_wild
/Volumes/KIOXIA/voxdata/in_the_wild/real/30581.wav,0,in_the_wild
/Volumes/KIOXIA/voxdata/in_the_wild/fake/3285.wav,1,in_the_wild
/Volumes/KIOXIA/voxdata/in_the_wild/real/778.wav,0,in_the_wild
/Volumes/KIOXIA/voxdata/in_the_wild/real/7599.wav,0,in_the_wild
/Volumes/KIOXIA/voxdata/in_the_wild/real/28745.wav,0,in_the_wild
/Volumes/KIOXIA/voxdata/in_the_wild/real/1022.wav,0,in_the_wild
/Volumes/KIOXIA/voxdata/in_the_wild/fake/18968.wav,1,in_the_wild
/Volumes/KIOXIA/voxdata/in_the_wild/fake/9505.wav,1,in_the_wild
/Volumes/KIOXIA/voxdata/in_the_wild/real/26702.wav,0,in_the_wild
/Volumes/KIOXIA/voxdata/in_the_wild/fake/374.wav,1,in_the_wild
/Volumes/KIOXIA/voxdata/in_the_wild/real/27139.wav,0,in_the_wild
/Volumes/KIOXIA/voxdata/in_the_wild/fake/31310.wav,1,in_the_wild
/Volumes/KIOXIA/voxdata/in_the_wild/real/7574.wav,0,in_the_wild
/Volumes/KIOXIA/voxdata/in_the_wild/fake/17162.wav,1,in_the_wild
/Volumes/KIOXIA/voxdata/in_the_wild/fake/10241.wav,1,in_the_wild
/Volumes/KIOXIA/voxdata/in_the_wild/fake/10564.wav,1,in_the_wild
/Volumes/KIOXIA/voxdata/in_the_wild/fake/4565.wav,1,in_the_wild
/Volumes/KIOXIA/voxdata/in_the_wild/fake/8640.wav,1,in_the_wild
/Volumes/KIOXIA/voxdata/in_the_wild/real/25969.wav,0,in_the_wild
/Volumes/KIOXIA/voxdata/in_the_wild/fake/4336.wav,1,in_the_wild
/Volumes/KIOXIA/voxdata/in_the_wild/real/4964.wav,0,in_the_wild
/Volumes/KIOXIA/voxdata/in_the_wild/fake/19204.wav,1,in_the_wild
/Volumes/KIOXIA/voxdata/in_the_wild/fake/24914.wav,1,in_the_wild
/Volumes/KIOXIA/voxdata/in_the_wild/fake/12077.wav,1,in_the_wild
/Volumes/KIOXIA/voxdata/in_the_wild/fake/29743.wav,1,in_the_wild
/Volumes/KIOXIA/voxdata/in_the_wild/real/28042.wav,0,in_the_wild
/Volumes/KIOXIA/voxdata/in_the_wild/real/20041.wav,0,in_the_wild
/Volumes/KIOXIA/voxdata/in_the_wild/real/11488.wav,0,in_the_wild
/Volumes/KIOXIA/voxdata/in_the_wild/real/1134.wav,0,in_the_wild
/Volumes/KIOXIA/voxdata/in_the_wild/fake/21814.wav,1,in_the_wild
/Volumes/KIOXIA/voxdata/in_the_wild/real/4905.wav,0,in_the_wild
/Volumes/KIOXIA/voxdata/in_the_wild/real/8091.wav,0,in_the_wild
/Volumes/KIOXIA/voxdata/in_the_wild/fake/14633.wav,1,in_the_wild
/Volumes/KIOXIA/voxdata/in_the_wild/real/24408.wav,0,in_the_wild
/Volumes/KIOXIA/voxdata/in_the_wild/real/5416.wav,0,in_the_wild
/Volumes/KIOXIA/voxdata/in_the_wild/fake/26995.wav,1,in_the_wild
/Volumes/KIOXIA/voxdata/in_the_wild/fake/30149.wav,1,in_the_wild
/Volumes/KIOXIA/voxdata/in_the_wild/real/28936.wav,0,in_the_wild
/Volumes/KIOXIA/voxdata/in_the_wild/fake/13497.wav,1,in_the_wild
/Volumes/KIOXIA/voxdata/in_the_wild/fake/27398.wav,1,in_the_wild
/Volumes/KIOXIA/voxdata/in_the_wild/real/24406.wav,0,in_the_wild
/Volumes/KIOXIA/voxdata/in_the_wild/fake/31100.wav,1,in_the_wild
/Volumes/KIOXIA/voxdata/in_the_wild/fake/19723.wav,1,in_the_wild
/Volumes/KIOXIA/voxdata/in_the_wild/fake/4058.wav,1,in_the_wild
/Volumes/KIOXIA/voxdata/in_the_wild/fake/29634.wav,1,in_the_wild
/Volumes/KIOXIA/voxdata/in_the_wild/fake/12898.wav,1,in_the_wild
/Volumes/KIOXIA/voxdata/in_the_wild/fake/24776.wav,1,in_the_wild
/Volumes/KIOXIA/voxdata/in_the_wild/real/23826.wav,0,in_the_wild
/Volumes/KIOXIA/voxdata/in_the_wild/real/10265.wav,0,in_the_wild
/Volumes/KIOXIA/voxdata/in_the_wild/real/23850.wav,0,in_the_wild
/Volumes/KIOXIA/voxdata/in_the_wild/real/11619.wav,0,in_the_wild
/Volumes/KIOXIA/voxdata/in_the_wild/fake/27554.wav,1,in_the_wild
/Volumes/KIOXIA/voxdata/in_the_wild/real/9432.wav,0,in_the_wild
/Volumes/KIOXIA/voxdata/in_the_wild/fake/11071.wav,1,in_the_wild
/Volumes/KIOXIA/voxdata/in_the_wild/fake/10062.wav,1,in_the_wild
/Volumes/KIOXIA/voxdata/in_the_wild/fake/31081.wav,1,in_the_wild
/Volumes/KIOXIA/voxdata/in_the_wild/fake/5219.wav,1,in_the_wild
/Volumes/KIOXIA/voxdata/in_the_wild/real/29138.wav,0,in_the_wild
/Volumes/KIOXIA/voxdata/in_the_wild/fake/991.wav,1,in_the_wild
/Volumes/KIOXIA/voxdata/in_the_wild/fake/7016.wav,1,in_the_wild
/Volumes/KIOXIA/voxdata/in_the_wild/fake/15785.wav,1,in_the_wild
/Volumes/KIOXIA/voxdata/in_the_wild/real/13550.wav,0,in_the_wild
/Volumes/KIOXIA/voxdata/in_the_wild/fake/28897.wav,1,in_the_wild
/Volumes/KIOXIA/voxdata/in_the_wild/real/8573.wav,0,in_the_wild
/Volumes/KIOXIA/voxdata/in_the_wild/real/9429.wav,0,in_the_wild
/Volumes/KIOXIA/voxdata/in_the_wild/real/10275.wav,0,in_the_wild
/Volumes/KIOXIA/voxdata/in_the_wild/real/30710.wav,0,in_the_wild
/Volumes/KIOXIA/voxdata/in_the_wild/fake/690.wav,1,in_the_wild
/Volumes/KIOXIA/voxdata/in_the_wild/fake/20334.wav,1,in_the_wild
/Volumes/KIOXIA/voxdata/in_the_wild/fake/27528.wav,1,in_the_wild
/Volumes/KIOXIA/voxdata/in_the_wild/real/2729.wav,0,in_the_wild
/Volumes/KIOXIA/voxdata/in_the_wild/fake/30168.wav,1,in_the_wild
/Volumes/KIOXIA/voxdata/in_the_wild/fake/22533.wav,1,in_the_wild
/Volumes/KIOXIA/voxdata/in_the_wild/fake/11225.wav,1,in_the_wild
/Volumes/KIOXIA/voxdata/in_the_wild/real/28542.wav,0,in_the_wild
/Volumes/KIOXIA/voxdata/in_the_wild/real/1460.wav,0,in_the_wild
/Volumes/KIOXIA/voxdata/in_the_wild/fake/27841.wav,1,in_the_wild
/Volumes/KIOXIA/voxdata/in_the_wild/fake/10540.wav,1,in_the_wild
/Volumes/KIOXIA/voxdata/in_the_wild/fake/7414.wav,1,in_the_wild
/Volumes/KIOXIA/voxdata/in_the_wild/real/386.wav,0,in_the_wild
/Volumes/KIOXIA/voxdata/in_the_wild/fake/11358.wav,1,in_the_wild
/Volumes/KIOXIA/voxdata/in_the_wild/real/29620.wav,0,in_the_wild
/Volumes/KIOXIA/voxdata/in_the_wild/real/16202.wav,0,in_the_wild
/Volumes/KIOXIA/voxdata/in_the_wild/fake/17134.wav,1,in_the_wild
/Volumes/KIOXIA/voxdata/in_the_wild/fake/18278.wav,1,in_the_wild
/Volumes/KIOXIA/voxdata/in_the_wild/real/28597.wav,0,in_the_wild
/Volumes/KIOXIA/voxdata/in_the_wild/fake/24294.wav,1,in_the_wild
/Volumes/KIOXIA/voxdata/in_the_wild/fake/11287.wav,1,in_the_wild
/Volumes/KIOXIA/voxdata/in_the_wild/real/18876.wav,0,in_the_wild
/Volumes/KIOXIA/voxdata/in_the_wild/real/3696.wav,0,in_the_wild
/Volumes/KIOXIA/voxdata/in_the_wild/fake/2481.wav,1,in_the_wild
/Volumes/KIOXIA/voxdata/in_the_wild/fake/19065.wav,1,in_the_wild
/Volumes/KIOXIA/voxdata/in_the_wild/fake/16147.wav,1,in_the_wild
/Volumes/KIOXIA/voxdata/in_the_wild/real/16616.wav,0,in_the_wild
/Volumes/KIOXIA/voxdata/in_the_wild/real/28671.wav,0,in_the_wild
/Volumes/KIOXIA/voxdata/in_the_wild/real/13477.wav,0,in_the_wild
/Volumes/KIOXIA/voxdata/in_the_wild/fake/24875.wav,1,in_the_wild
/Volumes/KIOXIA/voxdata/in_the_wild/fake/28371.wav,1,in_the_wild
/Volumes/KIOXIA/voxdata/in_the_wild/real/3487.wav,0,in_the_wild
/Volumes/KIOXIA/voxdata/in_the_wild/real/27479.wav,0,in_the_wild
/Volumes/KIOXIA/voxdata/in_the_wild/fake/21590.wav,1,in_the_wild
/Volumes/KIOXIA/voxdata/in_the_wild/fake/28972.wav,1,in_the_wild
/Volumes/KIOXIA/voxdata/in_the_wild/real/23109.wav,0,in_the_wild
/Volumes/KIOXIA/voxdata/in_the_wild/real/26987.wav,0,in_the_wild
/Volumes/KIOXIA/voxdata/in_the_wild/real/4496.wav,0,in_the_wild
/Volumes/KIOXIA/voxdata/in_the_wild/real/23006.wav,0,in_the_wild
/Volumes/KIOXIA/voxdata/in_the_wild/fake/27164.wav,1,in_the_wild
/Volumes/KIOXIA/voxdata/in_the_wild/real/16027.wav,0,in_the_wild
/Volumes/KIOXIA/voxdata/in_the_wild/fake/5535.wav,1,in_the_wild
/Volumes/KIOXIA/voxdata/in_the_wild/fake/5889.wav,1,in_the_wild
/Volumes/KIOXIA/voxdata/in_the_wild/fake/20378.wav,1,in_the_wild
/Volumes/KIOXIA/voxdata/in_the_wild/real/21443.wav,0,in_the_wild
/Volumes/KIOXIA/voxdata/in_the_wild/real/13163.wav,0,in_the_wild
/Volumes/KIOXIA/voxdata/in_the_wild/real/9422.wav,0,in_the_wild
/Volumes/KIOXIA/voxdata/in_the_wild/real/7800.wav,0,in_the_wild
/Volumes/KIOXIA/voxdata/in_the_wild/real/24218.wav,0,in_the_wild
/Volumes/KIOXIA/voxdata/in_the_wild/real/18329.wav,0,in_the_wild
/Volumes/KIOXIA/voxdata/in_the_wild/fake/19455.wav,1,in_the_wild
/Volumes/KIOXIA/voxdata/in_the_wild/real/16647.wav,0,in_the_wild
/Volumes/KIOXIA/voxdata/in_the_wild/real/6945.wav,0,in_the_wild
/Volumes/KIOXIA/voxdata/in_the_wild/fake/12378.wav,1,in_the_wild
/Volumes/KIOXIA/voxdata/in_the_wild/real/9433.wav,0,in_the_wild
/Volumes/KIOXIA/voxdata/in_the_wild/real/15216.wav,0,in_the_wild
/Volumes/KIOXIA/voxdata/in_the_wild/fake/19106.wav,1,in_the_wild
/Volumes/KIOXIA/voxdata/in_the_wild/fake/15582.wav,1,in_the_wild
/Volumes/KIOXIA/voxdata/in_the_wild/real/27499.wav,0,in_the_wild
/Volumes/KIOXIA/voxdata/in_the_wild/real/25150.wav,0,in_the_wild
/Volumes/KIOXIA/voxdata/in_the_wild/real/8677.wav,0,in_the_wild
/Volumes/KIOXIA/voxdata/in_the_wild/real/951.wav,0,in_the_wild
/Volumes/KIOXIA/voxdata/in_the_wild/real/20902.wav,0,in_the_wild
/Volumes/KIOXIA/voxdata/in_the_wild/fake/8175.wav,1,in_the_wild
/Volumes/KIOXIA/voxdata/in_the_wild/fake/4611.wav,1,in_the_wild
/Volumes/KIOXIA/voxdata/in_the_wild/fake/15879.wav,1,in_the_wild
/Volumes/KIOXIA/voxdata/in_the_wild/real/27237.wav,0,in_the_wild
/Volumes/KIOXIA/voxdata/in_the_wild/real/13475.wav,0,in_the_wild
/Volumes/KIOXIA/voxdata/in_the_wild/fake/27531.wav,1,in_the_wild
/Volumes/KIOXIA/voxdata/in_the_wild/fake/24497.wav,1,in_the_wild
/Volumes/KIOXIA/voxdata/in_the_wild/real/31484.wav,0,in_the_wild
/Volumes/KIOXIA/voxdata/in_the_wild/real/28122.wav,0,in_the_wild
/Volumes/KIOXIA/voxdata/in_the_wild/real/6613.wav,0,in_the_wild
/Volumes/KIOXIA/voxdata/in_the_wild/real/21939.wav,0,in_the_wild
/Volumes/KIOXIA/voxdata/in_the_wild/fake/20866.wav,1,in_the_wild
/Volumes/KIOXIA/voxdata/in_the_wild/fake/16129.wav,1,in_the_wild
/Volumes/KIOXIA/voxdata/in_the_wild/real/16425.wav,0,in_the_wild
/Volumes/KIOXIA/voxdata/in_the_wild/fake/18416.wav,1,in_the_wild
/Volumes/KIOXIA/voxdata/in_the_wild/fake/924.wav,1,in_the_wild
/Volumes/KIOXIA/voxdata/in_the_wild/real/20435.wav,0,in_the_wild
/Volumes/KIOXIA/voxdata/in_the_wild/real/12817.wav,0,in_the_wild
/Volumes/KIOXIA/voxdata/in_the_wild/real/5341.wav,0,in_the_wild
/Volumes/KIOXIA/voxdata/in_the_wild/real/9028.wav,0,in_the_wild
/Volumes/KIOXIA/voxdata/in_the_wild/real/21956.wav,0,in_the_wild
/Volumes/KIOXIA/voxdata/in_the_wild/real/22756.wav,0,in_the_wild
/Volumes/KIOXIA/voxdata/in_the_wild/fake/27504.wav,1,in_the_wild
/Volumes/KIOXIA/voxdata/in_the_wild/fake/18557.wav,1,in_the_wild
/Volumes/KIOXIA/voxdata/in_the_wild/fake/7835.wav,1,in_the_wild
/Volumes/KIOXIA/voxdata/in_the_wild/real/15633.wav,0,in_the_wild
/Volumes/KIOXIA/voxdata/in_the_wild/fake/30843.wav,1,in_the_wild
/Volumes/KIOXIA/voxdata/in_the_wild/fake/30767.wav,1,in_the_wild
/Volumes/KIOXIA/voxdata/in_the_wild/real/18440.wav,0,in_the_wild
/Volumes/KIOXIA/voxdata/in_the_wild/fake/7341.wav,1,in_the_wild
/Volumes/KIOXIA/voxdata/in_the_wild/fake/2637.wav,1,in_the_wild
/Volumes/KIOXIA/voxdata/in_the_wild/fake/8469.wav,1,in_the_wild
/Volumes/KIOXIA/voxdata/in_the_wild/real/11639.wav,0,in_the_wild
/Volumes/KIOXIA/voxdata/in_the_wild/real/11563.wav,0,in_the_wild
/Volumes/KIOXIA/voxdata/in_the_wild/real/19369.wav,0,in_the_wild
/Volumes/KIOXIA/voxdata/in_the_wild/fake/21741.wav,1,in_the_wild
/Volumes/KIOXIA/voxdata/in_the_wild/real/17064.wav,0,in_the_wild
/Volumes/KIOXIA/voxdata/in_the_wild/real/25335.wav,0,in_the_wild
/Volumes/KIOXIA/voxdata/in_the_wild/fake/27649.wav,1,in_the_wild
/Volumes/KIOXIA/voxdata/in_the_wild/real/31070.wav,0,in_the_wild
/Volumes/KIOXIA/voxdata/in_the_wild/real/12446.wav,0,in_the_wild
/Volumes/KIOXIA/voxdata/in_the_wild/real/26614.wav,0,in_the_wild
/Volumes/KIOXIA/voxdata/in_the_wild/real/16273.wav,0,in_the_wild
/Volumes/KIOXIA/voxdata/in_the_wild/real/30748.wav,0,in_the_wild
/Volumes/KIOXIA/voxdata/in_the_wild/fake/24161.wav,1,in_the_wild
/Volumes/KIOXIA/voxdata/in_the_wild/fake/15110.wav,1,in_the_wild
/Volumes/KIOXIA/voxdata/in_the_wild/real/9127.wav,0,in_the_wild
/Volumes/KIOXIA/voxdata/in_the_wild/real/7369.wav,0,in_the_wild
/Volumes/KIOXIA/voxdata/in_the_wild/real/8973.wav,0,in_the_wild
/Volumes/KIOXIA/voxdata/in_the_wild/real/2309.wav,0,in_the_wild
/Volumes/KIOXIA/voxdata/in_the_wild/fake/31704.wav,1,in_the_wild
/Volumes/KIOXIA/voxdata/in_the_wild/real/10965.wav,0,in_the_wild
/Volumes/KIOXIA/voxdata/in_the_wild/real/5652.wav,0,in_the_wild
/Volumes/KIOXIA/voxdata/in_the_wild/real/7146.wav,0,in_the_wild
/Volumes/KIOXIA/voxdata/in_the_wild/real/1874.wav,0,in_the_wild
/Volumes/KIOXIA/voxdata/in_the_wild/fake/27929.wav,1,in_the_wild
/Volumes/KIOXIA/voxdata/in_the_wild/fake/3440.wav,1,in_the_wild
/Volumes/KIOXIA/voxdata/in_the_wild/fake/3716.wav,1,in_the_wild
/Volumes/KIOXIA/voxdata/in_the_wild/fake/27167.wav,1,in_the_wild
/Volumes/KIOXIA/voxdata/in_the_wild/fake/15908.wav,1,in_the_wild
/Volumes/KIOXIA/voxdata/in_the_wild/fake/26528.wav,1,in_the_wild
/Volumes/KIOXIA/voxdata/in_the_wild/real/13365.wav,0,in_the_wild
/Volumes/KIOXIA/voxdata/in_the_wild/real/18346.wav,0,in_the_wild
/Volumes/KIOXIA/voxdata/in_the_wild/real/15470.wav,0,in_the_wild
/Volumes/KIOXIA/voxdata/in_the_wild/real/9416.wav,0,in_the_wild
/Volumes/KIOXIA/voxdata/in_the_wild/real/26067.wav,0,in_the_wild
/Volumes/KIOXIA/voxdata/in_the_wild/real/31313.wav,0,in_the_wild
/Volumes/KIOXIA/voxdata/in_the_wild/fake/21892.wav,1,in_the_wild
/Volumes/KIOXIA/voxdata/in_the_wild/real/23676.wav,0,in_the_wild
/Volumes/KIOXIA/voxdata/in_the_wild/fake/3797.wav,1,in_the_wild
/Volumes/KIOXIA/voxdata/in_the_wild/real/9633.wav,0,in_the_wild
/Volumes/KIOXIA/voxdata/in_the_wild/real/20011.wav,0,in_the_wild
/Volumes/KIOXIA/voxdata/in_the_wild/real/19032.wav,0,in_the_wild
/Volumes/KIOXIA/voxdata/in_the_wild/real/26479.wav,0,in_the_wild
/Volumes/KIOXIA/voxdata/in_the_wild/real/5793.wav,0,in_the_wild
/Volumes/KIOXIA/voxdata/in_the_wild/fake/30755.wav,1,in_the_wild
/Volumes/KIOXIA/voxdata/in_the_wild/fake/25261.wav,1,in_the_wild
/Volumes/KIOXIA/voxdata/in_the_wild/real/4237.wav,0,in_the_wild
/Volumes/KIOXIA/voxdata/in_the_wild/fake/15874.wav,1,in_the_wild
/Volumes/KIOXIA/voxdata/in_the_wild/fake/25719.wav,1,in_the_wild
/Volumes/KIOXIA/voxdata/in_the_wild/real/13039.wav,0,in_the_wild
/Volumes/KIOXIA/voxdata/in_the_wild/fake/26133.wav,1,in_the_wild
/Volumes/KIOXIA/voxdata/in_the_wild/real/15528.wav,0,in_the_wild
/Volumes/KIOXIA/voxdata/in_the_wild/real/21523.wav,0,in_the_wild
/Volumes/KIOXIA/voxdata/in_the_wild/real/31512.wav,0,in_the_wild
/Volumes/KIOXIA/voxdata/in_the_wild/fake/16764.wav,1,in_the_wild
/Volumes/KIOXIA/voxdata/in_the_wild/real/21632.wav,0,in_the_wild
/Volumes/KIOXIA/voxdata/in_the_wild/fake/18527.wav,1,in_the_wild
/Volumes/KIOXIA/voxdata/in_the_wild/real/28653.wav,0,in_the_wild
/Volumes/KIOXIA/voxdata/in_the_wild/fake/2221.wav,1,in_the_wild
/Volumes/KIOXIA/voxdata/in_the_wild/fake/22996.wav,1,in_the_wild
/Volumes/KIOXIA/voxdata/in_the_wild/real/25495.wav,0,in_the_wild
/Volumes/KIOXIA/voxdata/in_the_wild/real/30441.wav,0,in_the_wild
/Volumes/KIOXIA/voxdata/in_the_wild/fake/1776.wav,1,in_the_wild
/Volumes/KIOXIA/voxdata/in_the_wild/fake/19079.wav,1,in_the_wild
/Volumes/KIOXIA/voxdata/in_the_wild/fake/23240.wav,1,in_the_wild
/Volumes/KIOXIA/voxdata/in_the_wild/real/27565.wav,0,in_the_wild
/Volumes/KIOXIA/voxdata/in_the_wild/fake/7339.wav,1,in_the_wild
/Volumes/KIOXIA/voxdata/in_the_wild/fake/13138.wav,1,in_the_wild
/Volumes/KIOXIA/voxdata/in_the_wild/fake/6320.wav,1,in_the_wild
/Volumes/KIOXIA/voxdata/in_the_wild/fake/9888.wav,1,in_the_wild
/Volumes/KIOXIA/voxdata/in_the_wild/fake/4449.wav,1,in_the_wild
/Volumes/KIOXIA/voxdata/in_the_wild/fake/23581.wav,1,in_the_wild
/Volumes/KIOXIA/voxdata/in_the_wild/real/21010.wav,0,in_the_wild
/Volumes/KIOXIA/voxdata/in_the_wild/real/4675.wav,0,in_the_wild
/Volumes/KIOXIA/voxdata/in_the_wild/real/13644.wav,0,in_the_wild
/Volumes/KIOXIA/voxdata/in_the_wild/fake/10479.wav,1,in_the_wild
/Volumes/KIOXIA/voxdata/in_the_wild/real/24986.wav,0,in_the_wild
/Volumes/KIOXIA/voxdata/in_the_wild/real/7000.wav,0,in_the_wild
/Volumes/KIOXIA/voxdata/in_the_wild/fake/4094.wav,1,in_the_wild
/Volumes/KIOXIA/voxdata/in_the_wild/fake/31636.wav,1,in_the_wild
/Volumes/KIOXIA/voxdata/in_the_wild/real/29745.wav,0,in_the_wild
/Volumes/KIOXIA/voxdata/in_the_wild/real/20845.wav,0,in_the_wild
/Volumes/KIOXIA/voxdata/in_the_wild/fake/16861.wav,1,in_the_wild
/Volumes/KIOXIA/voxdata/in_the_wild/real/12469.wav,0,in_the_wild
/Volumes/KIOXIA/voxdata/in_the_wild/fake/17178.wav,1,in_the_wild
/Volumes/KIOXIA/voxdata/in_the_wild/real/19354.wav,0,in_the_wild
/Volumes/KIOXIA/voxdata/in_the_wild/real/6786.wav,0,in_the_wild
/Volumes/KIOXIA/voxdata/in_the_wild/real/2848.wav,0,in_the_wild
/Volumes/KIOXIA/voxdata/in_the_wild/fake/30130.wav,1,in_the_wild
/Volumes/KIOXIA/voxdata/in_the_wild/fake/13286.wav,1,in_the_wild
/Volumes/KIOXIA/voxdata/in_the_wild/real/4834.wav,0,in_the_wild
/Volumes/KIOXIA/voxdata/in_the_wild/real/1025.wav,0,in_the_wild
/Volumes/KIOXIA/voxdata/in_the_wild/fake/10635.wav,1,in_the_wild
/Volumes/KIOXIA/voxdata/in_the_wild/fake/4320.wav,1,in_the_wild
/Volumes/KIOXIA/voxdata/in_the_wild/fake/63.wav,1,in_the_wild
/Volumes/KIOXIA/voxdata/in_the_wild/real/14174.wav,0,in_the_wild
/Volumes/KIOXIA/voxdata/in_the_wild/fake/23897.wav,1,in_the_wild
/Volumes/KIOXIA/voxdata/in_the_wild/fake/5775.wav,1,in_the_wild
/Volumes/KIOXIA/voxdata/in_the_wild/real/29656.wav,0,in_the_wild
/Volumes/KIOXIA/voxdata/in_the_wild/fake/29530.wav,1,in_the_wild
/Volumes/KIOXIA/voxdata/in_the_wild/real/29207.wav,0,in_the_wild
/Volumes/KIOXIA/voxdata/in_the_wild/fake/9988.wav,1,in_the_wild
/Volumes/KIOXIA/voxdata/in_the_wild/real/11930.wav,0,in_the_wild
/Volumes/KIOXIA/voxdata/in_the_wild/real/13311.wav,0,in_the_wild
/Volumes/KIOXIA/voxdata/in_the_wild/real/4230.wav,0,in_the_wild
/Volumes/KIOXIA/voxdata/in_the_wild/real/29491.wav,0,in_the_wild
/Volumes/KIOXIA/voxdata/in_the_wild/fake/6751.wav,1,in_the_wild
/Volumes/KIOXIA/voxdata/in_the_wild/fake/22256.wav,1,in_the_wild
/Volumes/KIOXIA/voxdata/in_the_wild/real/2134.wav,0,in_the_wild
/Volumes/KIOXIA/voxdata/in_the_wild/fake/12841.wav,1,in_the_wild
/Volumes/KIOXIA/voxdata/in_the_wild/fake/30308.wav,1,in_the_wild
/Volumes/KIOXIA/voxdata/in_the_wild/real/16288.wav,0,in_the_wild
/Volumes/KIOXIA/voxdata/in_the_wild/real/26603.wav,0,in_the_wild
/Volumes/KIOXIA/voxdata/in_the_wild/real/9659.wav,0,in_the_wild
/Volumes/KIOXIA/voxdata/in_the_wild/real/25232.wav,0,in_the_wild
/Volumes/KIOXIA/voxdata/in_the_wild/real/19002.wav,0,in_the_wild
/Volumes/KIOXIA/voxdata/in_the_wild/real/7381.wav,0,in_the_wild
/Volumes/KIOXIA/voxdata/in_the_wild/fake/13552.wav,1,in_the_wild
/Volumes/KIOXIA/voxdata/in_the_wild/fake/19385.wav,1,in_the_wild
/Volumes/KIOXIA/voxdata/in_the_wild/fake/24429.wav,1,in_the_wild
/Volumes/KIOXIA/voxdata/in_the_wild/real/5053.wav,0,in_the_wild
/Volumes/KIOXIA/voxdata/in_the_wild/fake/18280.wav,1,in_the_wild
/Volumes/KIOXIA/voxdata/in_the_wild/real/22135.wav,0,in_the_wild
/Volumes/KIOXIA/voxdata/in_the_wild/fake/3706.wav,1,in_the_wild
/Volumes/KIOXIA/voxdata/in_the_wild/fake/3752.wav,1,in_the_wild
/Volumes/KIOXIA/voxdata/in_the_wild/real/22783.wav,0,in_the_wild
/Volumes/KIOXIA/voxdata/in_the_wild/fake/13889.wav,1,in_the_wild
/Volumes/KIOXIA/voxdata/in_the_wild/real/17340.wav,0,in_the_wild
/Volumes/KIOXIA/voxdata/in_the_wild/fake/8705.wav,1,in_the_wild
/Volumes/KIOXIA/voxdata/in_the_wild/fake/17109.wav,1,in_the_wild
/Volumes/KIOXIA/voxdata/in_the_wild/fake/5644.wav,1,in_the_wild
/Volumes/KIOXIA/voxdata/in_the_wild/real/31609.wav,0,in_the_wild
/Volumes/KIOXIA/voxdata/in_the_wild/fake/1491.wav,1,in_the_wild
/Volumes/KIOXIA/voxdata/in_the_wild/real/30317.wav,0,in_the_wild
/Volumes/KIOXIA/voxdata/in_the_wild/real/16680.wav,0,in_the_wild
/Volumes/KIOXIA/voxdata/in_the_wild/fake/16481.wav,1,in_the_wild
/Volumes/KIOXIA/voxdata/in_the_wild/real/10481.wav,0,in_the_wild
/Volumes/KIOXIA/voxdata/in_the_wild/real/7296.wav,0,in_the_wild
/Volumes/KIOXIA/voxdata/in_the_wild/fake/27291.wav,1,in_the_wild
/Volumes/KIOXIA/voxdata/in_the_wild/fake/7740.wav,1,in_the_wild
/Volumes/KIOXIA/voxdata/in_the_wild/real/24016.wav,0,in_the_wild
/Volumes/KIOXIA/voxdata/in_the_wild/real/18549.wav,0,in_the_wild
/Volumes/KIOXIA/voxdata/in_the_wild/fake/25273.wav,1,in_the_wild
/Volumes/KIOXIA/voxdata/in_the_wild/fake/10397.wav,1,in_the_wild
/Volumes/KIOXIA/voxdata/in_the_wild/fake/17757.wav,1,in_the_wild
/Volumes/KIOXIA/voxdata/in_the_wild/real/9407.wav,0,in_the_wild
/Volumes/KIOXIA/voxdata/in_the_wild/real/28298.wav,0,in_the_wild
/Volumes/KIOXIA/voxdata/in_the_wild/real/29399.wav,0,in_the_wild
/Volumes/KIOXIA/voxdata/in_the_wild/real/8292.wav,0,in_the_wild
/Volumes/KIOXIA/voxdata/in_the_wild/fake/28819.wav,1,in_the_wild
/Volumes/KIOXIA/voxdata/in_the_wild/fake/24960.wav,1,in_the_wild
/Volumes/KIOXIA/voxdata/in_the_wild/fake/3775.wav,1,in_the_wild
/Volumes/KIOXIA/voxdata/in_the_wild/fake/433.wav,1,in_the_wild
/Volumes/KIOXIA/voxdata/in_the_wild/real/24687.wav,0,in_the_wild
/Volumes/KIOXIA/voxdata/in_the_wild/real/18165.wav,0,in_the_wild
/Volumes/KIOXIA/voxdata/in_the_wild/fake/9280.wav,1,in_the_wild
/Volumes/KIOXIA/voxdata/in_the_wild/real/18415.wav,0,in_the_wild
/Volumes/KIOXIA/voxdata/in_the_wild/fake/8943.wav,1,in_the_wild
/Volumes/KIOXIA/voxdata/in_the_wild/real/14214.wav,0,in_the_wild
/Volumes/KIOXIA/voxdata/in_the_wild/real/21181.wav,0,in_the_wild
/Volumes/KIOXIA/voxdata/in_the_wild/fake/454.wav,1,in_the_wild
/Volumes/KIOXIA/voxdata/in_the_wild/real/13213.wav,0,in_the_wild
/Volumes/KIOXIA/voxdata/in_the_wild/real/3031.wav,0,in_the_wild
/Volumes/KIOXIA/voxdata/in_the_wild/real/28357.wav,0,in_the_wild
/Volumes/KIOXIA/voxdata/in_the_wild/real/6191.wav,0,in_the_wild
/Volumes/KIOXIA/voxdata/in_the_wild/fake/8911.wav,1,in_the_wild
/Volumes/KIOXIA/voxdata/in_the_wild/fake/7683.wav,1,in_the_wild
/Volumes/KIOXIA/voxdata/in_the_wild/real/6190.wav,0,in_the_wild
/Volumes/KIOXIA/voxdata/in_the_wild/real/23694.wav,0,in_the_wild
/Volumes/KIOXIA/voxdata/in_the_wild/real/4547.wav,0,in_the_wild
/Volumes/KIOXIA/voxdata/in_the_wild/fake/3379.wav,1,in_the_wild
/Volumes/KIOXIA/voxdata/in_the_wild/real/4016.wav,0,in_the_wild
/Volumes/KIOXIA/voxdata/in_the_wild/fake/26723.wav,1,in_the_wild
/Volumes/KIOXIA/voxdata/in_the_wild/real/8156.wav,0,in_the_wild
/Volumes/KIOXIA/voxdata/in_the_wild/real/30821.wav,0,in_the_wild
/Volumes/KIOXIA/voxdata/in_the_wild/real/19934.wav,0,in_the_wild
/Volumes/KIOXIA/voxdata/in_the_wild/real/16939.wav,0,in_the_wild
/Volumes/KIOXIA/voxdata/in_the_wild/fake/26414.wav,1,in_the_wild
/Volumes/KIOXIA/voxdata/in_the_wild/fake/25758.wav,1,in_the_wild
/Volumes/KIOXIA/voxdata/in_the_wild/real/31687.wav,0,in_the_wild
/Volumes/KIOXIA/voxdata/in_the_wild/fake/4946.wav,1,in_the_wild
/Volumes/KIOXIA/voxdata/in_the_wild/real/18505.wav,0,in_the_wild
/Volumes/KIOXIA/voxdata/in_the_wild/fake/11573.wav,1,in_the_wild
/Volumes/KIOXIA/voxdata/in_the_wild/fake/8975.wav,1,in_the_wild
/Volumes/KIOXIA/voxdata/in_the_wild/real/2563.wav,0,in_the_wild
/Volumes/KIOXIA/voxdata/in_the_wild/fake/27541.wav,1,in_the_wild
/Volumes/KIOXIA/voxdata/in_the_wild/real/25081.wav,0,in_the_wild
/Volumes/KIOXIA/voxdata/in_the_wild/real/21541.wav,0,in_the_wild
/Volumes/KIOXIA/voxdata/in_the_wild/fake/7661.wav,1,in_the_wild
/Volumes/KIOXIA/voxdata/in_the_wild/fake/18891.wav,1,in_the_wild
/Volumes/KIOXIA/voxdata/in_the_wild/fake/116.wav,1,in_the_wild
/Volumes/KIOXIA/voxdata/in_the_wild/fake/15971.wav,1,in_the_wild
/Volumes/KIOXIA/voxdata/in_the_wild/real/17512.wav,0,in_the_wild
/Volumes/KIOXIA/voxdata/in_the_wild/fake/15840.wav,1,in_the_wild
/Volumes/KIOXIA/voxdata/in_the_wild/real/4228.wav,0,in_the_wild
/Volumes/KIOXIA/voxdata/in_the_wild/fake/21252.wav,1,in_the_wild
/Volumes/KIOXIA/voxdata/in_the_wild/real/28447.wav,0,in_the_wild
/Volumes/KIOXIA/voxdata/in_the_wild/fake/24057.wav,1,in_the_wild
/Volumes/KIOXIA/voxdata/in_the_wild/fake/9642.wav,1,in_the_wild
/Volumes/KIOXIA/voxdata/in_the_wild/real/26511.wav,0,in_the_wild
/Volumes/KIOXIA/voxdata/in_the_wild/real/6849.wav,0,in_the_wild
/Volumes/KIOXIA/voxdata/in_the_wild/fake/30790.wav,1,in_the_wild
/Volumes/KIOXIA/voxdata/in_the_wild/real/13639.wav,0,in_the_wild
/Volumes/KIOXIA/voxdata/in_the_wild/fake/3840.wav,1,in_the_wild
/Volumes/KIOXIA/voxdata/in_the_wild/real/26292.wav,0,in_the_wild
/Volumes/KIOXIA/voxdata/in_the_wild/fake/12193.wav,1,in_the_wild
/Volumes/KIOXIA/voxdata/in_the_wild/fake/4261.wav,1,in_the_wild
/Volumes/KIOXIA/voxdata/in_the_wild/real/25913.wav,0,in_the_wild
/Volumes/KIOXIA/voxdata/in_the_wild/fake/6404.wav,1,in_the_wild
/Volumes/KIOXIA/voxdata/in_the_wild/fake/3936.wav,1,in_the_wild
/Volumes/KIOXIA/voxdata/in_the_wild/fake/1338.wav,1,in_the_wild
/Volumes/KIOXIA/voxdata/in_the_wild/fake/4022.wav,1,in_the_wild
/Volumes/KIOXIA/voxdata/in_the_wild/fake/23616.wav,1,in_the_wild
/Volumes/KIOXIA/voxdata/in_the_wild/fake/16619.wav,1,in_the_wild
/Volumes/KIOXIA/voxdata/in_the_wild/real/17245.wav,0,in_the_wild
/Volumes/KIOXIA/voxdata/in_the_wild/real/2150.wav,0,in_the_wild
